type	latitude	longitude	altitude	name	desc
T	46.184380000	-123.862850000	17.5	Directions from Astoria, OR  to University of Montana dorm, Missoula, MT	
T	46.184330000	-123.862710000	17.8		
T	46.183830000	-123.861850000	13.3		
T	46.183820000	-123.861810000	13.1		
T	46.183830000	-123.861760000	13.8		
T	46.183850000	-123.861720000	14.6		
T	46.184400000	-123.861330000	16.5		
T	46.184410000	-123.861310000	16.5		
T	46.184710000	-123.861010000	19.0		
T	46.185110000	-123.860510000	17.9		
T	46.185110000	-123.860500000	17.9		
T	46.185270000	-123.860250000	17.5		
T	46.185540000	-123.859650000	17.7		
T	46.185460000	-123.859570000	17.5		
T	46.184970000	-123.858720000	31.4		
T	46.184890000	-123.858930000	31.6		
T	46.184720000	-123.859260000	27.1		
T	46.184600000	-123.859440000	31.1		
T	46.184370000	-123.859670000	29.6		
T	46.184240000	-123.859750000	29.4		
T	46.184230000	-123.859750000	29.3		
T	46.184110000	-123.859800000	27.7		
T	46.183670000	-123.859890000	24.7		
T	46.183550000	-123.859930000	24.1		
T	46.183360000	-123.860070000	23.6		
T	46.183220000	-123.860280000	25.2		
T	46.183180000	-123.860410000	25.6		
T	46.183170000	-123.860560000	26.2		
T	46.183140000	-123.860700000	27.2		
T	46.183150000	-123.860710000	27.1		
T	46.183140000	-123.860740000	27.2		
T	46.183140000	-123.860800000	27.3		
T	46.183090000	-123.860920000	27.6		
T	46.183070000	-123.860930000	27.6		
T	46.183040000	-123.860970000	27.6		
T	46.183000000	-123.860990000	27.2		
T	46.182910000	-123.861000000	27.3		
T	46.182890000	-123.860990000	27.3		
T	46.182870000	-123.860990000	27.2		
T	46.182850000	-123.860980000	27.1		
T	46.182790000	-123.860920000	26.9		
T	46.182750000	-123.860850000	26.6		
T	46.182570000	-123.860670000	23.5		
T	46.182370000	-123.860550000	21.1		
T	46.182120000	-123.860490000	17.3		
T	46.182050000	-123.860420000	19.9		
T	46.181840000	-123.860350000	19.9		
T	46.181740000	-123.860260000	17.7		
T	46.181510000	-123.860130000	18.8		
T	46.181500000	-123.860110000	18.7		
T	46.181330000	-123.859970000	16.8		
T	46.180960000	-123.859550000	18.2		
T	46.180690000	-123.859160000	17.0		
T	46.173730000	-123.846270000	17.9		
T	46.173510000	-123.845770000	22.4		
T	46.173440000	-123.845530000	19.4		
T	46.173370000	-123.845150000	18.6		
T	46.173320000	-123.843610000	20.0		
T	46.173330000	-123.843520000	21.0		
T	46.173260000	-123.840460000	44.2		
T	46.173300000	-123.839970000	47.5		
T	46.173190000	-123.832410000	15.4		
T	46.173180000	-123.832410000	15.2		
T	46.173170000	-123.831750000	15.4		
T	46.172800000	-123.826770000	14.4		
T	46.172700000	-123.826010000	17.5		
T	46.171490000	-123.822250000	17.8		
T	46.171420000	-123.821940000	22.5		
T	46.171380000	-123.821450000	26.8		
T	46.171350000	-123.816120000	11.1		
T	46.171310000	-123.815430000	17.4		
T	46.171210000	-123.814780000	19.0		
T	46.171040000	-123.814080000	18.9		
T	46.170680000	-123.813180000	17.0		
T	46.170520000	-123.812880000	9.0		
T	46.170040000	-123.812210000	12.0		
T	46.169680000	-123.811840000	13.0		
T	46.169290000	-123.811540000	19.1		
T	46.168890000	-123.811330000	21.8		
T	46.168080000	-123.811070000	15.3		
T	46.167010000	-123.810870000	19.4		
T	46.167010000	-123.810860000	19.5		
T	46.166380000	-123.810730000	30.0		
T	46.166370000	-123.810720000	30.3		
T	46.165760000	-123.810640000	34.4		
T	46.164810000	-123.810670000	28.1		
T	46.164410000	-123.810630000	29.3		
T	46.164390000	-123.810620000	29.8		
T	46.164370000	-123.810620000	29.8		
T	46.164060000	-123.810520000	26.3		
T	46.163750000	-123.810340000	29.5		
T	46.163490000	-123.810120000	30.5		
T	46.163210000	-123.809810000	31.1		
T	46.162960000	-123.809440000	26.4		
T	46.162950000	-123.809440000	25.9		
T	46.162840000	-123.809260000	24.1		
T	46.162840000	-123.809250000	24.5		
T	46.162700000	-123.809000000	27.8		
T	46.162700000	-123.808990000	28.0		
T	46.161830000	-123.807310000	16.0		
T	46.161590000	-123.806950000	12.7		
T	46.161460000	-123.806810000	12.5		
T	46.161450000	-123.806790000	12.1		
T	46.161250000	-123.806620000	11.6		
T	46.161070000	-123.806500000	10.9		
T	46.160630000	-123.806340000	8.0		
T	46.159420000	-123.806200000	11.1		
T	46.159160000	-123.806110000	7.3		
T	46.158880000	-123.805950000	9.8		
T	46.158610000	-123.805700000	8.6		
T	46.158290000	-123.805250000	9.1		
T	46.155710000	-123.800880000	51.7		
T	46.155160000	-123.800100000	54.8		
T	46.154740000	-123.799620000	54.5		
T	46.154280000	-123.799190000	43.8		
T	46.152510000	-123.797840000	10.0		
T	46.151560000	-123.797200000	12.4		
T	46.151190000	-123.796990000	12.4		
T	46.150810000	-123.796860000	12.1		
T	46.150580000	-123.796850000	12.6		
T	46.150340000	-123.796880000	12.1		
T	46.150050000	-123.796970000	10.5		
T	46.150040000	-123.796980000	10.6		
T	46.149960000	-123.797010000	11.5		
T	46.149630000	-123.797220000	11.5		
T	46.149320000	-123.797500000	14.6		
T	46.147630000	-123.799430000	24.0		
T	46.147180000	-123.799850000	30.0		
T	46.146900000	-123.800040000	33.5		
T	46.145480000	-123.800710000	44.7		
T	46.144930000	-123.801020000	51.4		
T	46.143940000	-123.801780000	63.6		
T	46.142180000	-123.803320000	60.4		
T	46.141990000	-123.803520000	58.4		
T	46.141020000	-123.804830000	29.5		
T	46.140760000	-123.805250000	15.5		
T	46.140700000	-123.805420000	20.5		
T	46.140690000	-123.805490000	21.1		
T	46.140670000	-123.805530000	22.0		
T	46.140610000	-123.806080000	30.5		
T	46.140450000	-123.806730000	36.4		
T	46.140320000	-123.807030000	39.6		
T	46.140200000	-123.807230000	38.7		
T	46.139820000	-123.807620000	37.2		
T	46.139320000	-123.808030000	38.6		
T	46.139130000	-123.808150000	42.0		
T	46.138960000	-123.808200000	43.7		
T	46.138790000	-123.808190000	44.7		
T	46.138630000	-123.808150000	45.4		
T	46.138430000	-123.808050000	44.9		
T	46.138280000	-123.807950000	44.0		
T	46.138260000	-123.807950000	43.7		
T	46.137970000	-123.807750000	36.9		
T	46.137800000	-123.807660000	36.4		
T	46.136950000	-123.807380000	20.3		
T	46.134620000	-123.807030000	11.4		
T	46.134020000	-123.806990000	9.3		
T	46.133220000	-123.806990000	7.6		
T	46.132220000	-123.807070000	11.5		
T	46.131310000	-123.807090000	11.9		
T	46.130310000	-123.807330000	10.8		
T	46.130140000	-123.807350000	10.7		
T	46.129710000	-123.807340000	11.2		
T	46.129400000	-123.807300000	10.2		
T	46.128860000	-123.807180000	11.0		
T	46.128520000	-123.807070000	24.1		
T	46.128410000	-123.807010000	27.7		
T	46.128210000	-123.806840000	31.4		
T	46.128100000	-123.806650000	31.3		
T	46.128020000	-123.806440000	34.2		
T	46.127490000	-123.804180000	60.5		
T	46.126800000	-123.802080000	81.5		
T	46.126670000	-123.801580000	84.2		
T	46.126410000	-123.799940000	78.9		
T	46.126300000	-123.799700000	77.5		
T	46.126300000	-123.799690000	77.9		
T	46.125960000	-123.799190000	82.0		
T	46.125950000	-123.799190000	81.8		
T	46.125890000	-123.799070000	81.0		
T	46.125890000	-123.799060000	81.0		
T	46.125510000	-123.798150000	72.2		
T	46.125480000	-123.798120000	72.1		
T	46.125220000	-123.797670000	71.4		
T	46.124260000	-123.795750000	62.8		
T	46.123990000	-123.795440000	62.8		
T	46.122060000	-123.794020000	58.2		
T	46.121850000	-123.793830000	57.7		
T	46.121520000	-123.793440000	58.4		
T	46.119930000	-123.791040000	58.5		
T	46.119790000	-123.790880000	57.7		
T	46.119670000	-123.790790000	58.3		
T	46.119370000	-123.790690000	60.1		
T	46.118030000	-123.790500000	56.3		
T	46.117780000	-123.790360000	56.5		
T	46.117660000	-123.790270000	56.0		
T	46.105460000	-123.774530000	136.1		
T	46.105440000	-123.774520000	135.8		
T	46.105190000	-123.774270000	134.1		
T	46.104980000	-123.774180000	131.9		
T	46.104880000	-123.774160000	129.5		
T	46.104670000	-123.774080000	124.5		
T	46.104430000	-123.773900000	117.0		
T	46.104090000	-123.773460000	111.5		
T	46.103730000	-123.772510000	97.1		
T	46.103380000	-123.771110000	81.5		
T	46.102890000	-123.767490000	84.0		
T	46.102810000	-123.767170000	82.7		
T	46.102550000	-123.766500000	78.4		
T	46.102360000	-123.765890000	87.7		
T	46.102350000	-123.765880000	87.2		
T	46.102260000	-123.765380000	87.5		
T	46.102160000	-123.765000000	91.2		
T	46.102030000	-123.764680000	91.0		
T	46.101460000	-123.763570000	92.9		
T	46.100970000	-123.761990000	92.3		
T	46.100680000	-123.761440000	88.9		
T	46.100440000	-123.761110000	83.1		
T	46.100430000	-123.761080000	83.3		
T	46.099840000	-123.760160000	77.4		
T	46.099750000	-123.759970000	75.4		
T	46.099640000	-123.759570000	74.0		
T	46.099640000	-123.759520000	75.0		
T	46.099630000	-123.759490000	75.1		
T	46.099610000	-123.757690000	79.1		
T	46.099550000	-123.757370000	75.4		
T	46.099420000	-123.757040000	66.7		
T	46.099420000	-123.757020000	67.8		
T	46.099400000	-123.756990000	69.4		
T	46.099310000	-123.756750000	77.7		
T	46.097760000	-123.749430000	108.7		
T	46.097730000	-123.748980000	111.6		
T	46.097720000	-123.746780000	125.4		
T	46.097670000	-123.746270000	125.2		
T	46.097530000	-123.745670000	118.9		
T	46.097450000	-123.745470000	124.2		
T	46.097350000	-123.745330000	124.9		
T	46.097230000	-123.745210000	125.3		
T	46.096900000	-123.745020000	121.5		
T	46.096700000	-123.744860000	112.9		
T	46.096540000	-123.744620000	112.7		
T	46.096230000	-123.743950000	106.1		
T	46.095650000	-123.743110000	92.3		
T	46.095420000	-123.742640000	83.7		
T	46.095410000	-123.742630000	83.2		
T	46.095230000	-123.742270000	83.3		
T	46.095110000	-123.742120000	73.7		
T	46.095000000	-123.742040000	73.3		
T	46.094900000	-123.742000000	73.3		
T	46.094640000	-123.741990000	69.6		
T	46.094520000	-123.742010000	64.7		
T	46.094290000	-123.742090000	50.7		
T	46.094280000	-123.742100000	49.6		
T	46.093900000	-123.742220000	38.5		
T	46.093840000	-123.742220000	39.6		
T	46.093750000	-123.742200000	41.9		
T	46.093690000	-123.742160000	40.9		
T	46.093560000	-123.742010000	40.0		
T	46.093510000	-123.741870000	37.7		
T	46.093490000	-123.741500000	33.7		
T	46.093610000	-123.740330000	37.9		
T	46.093620000	-123.740310000	37.8		
T	46.093750000	-123.739560000	34.5		
T	46.093830000	-123.739300000	30.1		
T	46.094200000	-123.738630000	43.7		
T	46.094200000	-123.738620000	43.2		
T	46.094310000	-123.738420000	40.1		
T	46.094310000	-123.738410000	39.5		
T	46.094410000	-123.738190000	35.4		
T	46.094580000	-123.737680000	46.5		
T	46.094600000	-123.737650000	47.7		
T	46.094650000	-123.737490000	41.9		
T	46.095020000	-123.736810000	32.9		
T	46.095220000	-123.736340000	34.9		
T	46.095310000	-123.735980000	43.8		
T	46.095330000	-123.735740000	37.6		
T	46.095320000	-123.735470000	33.8		
T	46.095240000	-123.734930000	35.6		
T	46.094930000	-123.733470000	48.9		
T	46.094770000	-123.730630000	47.1		
T	46.094660000	-123.730060000	46.5		
T	46.094020000	-123.727910000	58.6		
T	46.093640000	-123.726160000	65.5		
T	46.093510000	-123.725710000	69.9		
T	46.093340000	-123.725270000	74.7		
T	46.093270000	-123.725020000	78.8		
T	46.093260000	-123.724780000	78.5		
T	46.093270000	-123.724760000	78.5		
T	46.093380000	-123.724130000	64.8		
T	46.093380000	-123.723850000	62.7		
T	46.093370000	-123.723850000	62.2		
T	46.093110000	-123.722240000	67.3		
T	46.093100000	-123.722220000	67.3		
T	46.092910000	-123.721100000	81.1		
T	46.092810000	-123.720820000	84.4		
T	46.091660000	-123.718890000	91.9		
T	46.090660000	-123.717740000	96.3		
T	46.090360000	-123.717340000	107.4		
T	46.090230000	-123.717040000	117.0		
T	46.090140000	-123.716660000	120.1		
T	46.089940000	-123.715420000	132.9		
T	46.089820000	-123.715030000	149.0		
T	46.089690000	-123.714810000	154.9		
T	46.089550000	-123.714680000	156.3		
T	46.088820000	-123.714240000	167.3		
T	46.088740000	-123.714210000	169.8		
T	46.088260000	-123.714140000	170.9		
T	46.088110000	-123.714070000	171.9		
T	46.088020000	-123.714000000	173.6		
T	46.086070000	-123.711860000	192.0		
T	46.086060000	-123.711840000	192.3		
T	46.085340000	-123.711110000	194.6		
T	46.085090000	-123.710920000	197.7		
T	46.084160000	-123.710440000	199.2		
T	46.083770000	-123.710150000	198.7		
T	46.083760000	-123.710130000	198.8		
T	46.082700000	-123.709030000	192.8		
T	46.080120000	-123.705940000	192.4		
T	46.074560000	-123.700670000	210.4		
T	46.074300000	-123.700480000	208.2		
T	46.073730000	-123.700230000	206.9		
T	46.073720000	-123.700230000	207.0		
T	46.073490000	-123.700100000	208.3		
T	46.073340000	-123.699990000	209.1		
T	46.065930000	-123.692800000	275.7		
T	46.065720000	-123.692540000	280.6		
T	46.065710000	-123.692540000	280.5		
T	46.065370000	-123.691900000	295.3		
T	46.064910000	-123.690700000	322.4		
T	46.064660000	-123.690260000	322.0		
T	46.064400000	-123.689980000	320.8		
T	46.064110000	-123.689790000	321.6		
T	46.063870000	-123.689730000	317.3		
T	46.063700000	-123.689660000	314.9		
T	46.063590000	-123.689590000	313.0		
T	46.063470000	-123.689480000	312.5		
T	46.063460000	-123.689480000	312.0		
T	46.063260000	-123.689220000	309.9		
T	46.063000000	-123.688720000	310.3		
T	46.063000000	-123.688710000	310.7		
T	46.062390000	-123.687360000	307.7		
T	46.062350000	-123.687230000	304.7		
T	46.062330000	-123.686980000	304.2		
T	46.062350000	-123.686920000	303.9		
T	46.062440000	-123.686770000	317.2		
T	46.062480000	-123.686730000	322.6		
T	46.062780000	-123.686230000	328.5		
T	46.062850000	-123.686050000	327.4		
T	46.062960000	-123.685550000	320.1		
T	46.063380000	-123.682690000	337.3		
T	46.063790000	-123.681320000	343.2		
T	46.063800000	-123.681070000	344.5		
T	46.063780000	-123.680940000	344.4		
T	46.063700000	-123.680760000	343.6		
T	46.063570000	-123.680610000	343.5		
T	46.063490000	-123.680570000	343.0		
T	46.063310000	-123.680570000	344.3		
T	46.063220000	-123.680600000	344.7		
T	46.061990000	-123.681350000	352.7		
T	46.061460000	-123.681620000	358.4		
T	46.060960000	-123.681810000	382.3		
T	46.060850000	-123.681820000	383.5		
T	46.060630000	-123.681780000	384.3		
T	46.060600000	-123.681760000	383.5		
T	46.060490000	-123.681630000	380.6		
T	46.060440000	-123.681440000	378.5		
T	46.060440000	-123.681300000	377.8		
T	46.060500000	-123.681090000	382.1		
T	46.060660000	-123.680750000	397.1		
T	46.060840000	-123.680490000	399.6		
T	46.060890000	-123.680360000	399.4		
T	46.060940000	-123.680110000	396.8		
T	46.060930000	-123.679850000	394.4		
T	46.060380000	-123.677840000	385.6		
T	46.060270000	-123.677270000	392.2		
T	46.060280000	-123.676910000	399.0		
T	46.060290000	-123.676880000	400.4		
T	46.060290000	-123.676500000	405.7		
T	46.060150000	-123.675610000	397.7		
T	46.060000000	-123.675180000	396.3		
T	46.059850000	-123.674960000	392.3		
T	46.059680000	-123.674780000	390.8		
T	46.059510000	-123.674640000	389.3		
T	46.057790000	-123.673560000	384.8		
T	46.057610000	-123.673410000	384.5		
T	46.057350000	-123.673120000	384.5		
T	46.056340000	-123.671310000	386.6		
T	46.056330000	-123.671310000	386.6		
T	46.056270000	-123.671230000	387.3		
T	46.056120000	-123.671100000	389.3		
T	46.056020000	-123.671040000	389.2		
T	46.055770000	-123.670950000	387.0		
T	46.055320000	-123.670840000	386.4		
T	46.055310000	-123.670830000	386.4		
T	46.055170000	-123.670800000	385.6		
T	46.054910000	-123.670640000	390.0		
T	46.054550000	-123.670130000	398.4		
T	46.054470000	-123.669960000	405.7		
T	46.054470000	-123.669940000	406.9		
T	46.054270000	-123.669400000	405.5		
T	46.054050000	-123.668540000	399.5		
T	46.053750000	-123.667640000	413.4		
T	46.053150000	-123.665000000	450.3		
T	46.053140000	-123.664790000	449.9		
T	46.053170000	-123.664550000	447.7		
T	46.053530000	-123.663370000	461.7		
T	46.053600000	-123.662940000	470.3		
T	46.053590000	-123.662540000	482.1		
T	46.053440000	-123.661530000	504.0		
T	46.053500000	-123.661160000	510.9		
T	46.053780000	-123.660310000	525.0		
T	46.053830000	-123.660080000	532.8		
T	46.053830000	-123.659970000	535.8		
T	46.053790000	-123.659810000	540.9		
T	46.053760000	-123.659760000	542.1		
T	46.053740000	-123.659750000	543.3		
T	46.053690000	-123.659690000	545.1		
T	46.053650000	-123.659660000	547.2		
T	46.053590000	-123.659640000	550.9		
T	46.053590000	-123.659630000	550.7		
T	46.053200000	-123.659600000	566.0		
T	46.053090000	-123.659570000	570.0		
T	46.052950000	-123.659490000	572.4		
T	46.052820000	-123.659360000	576.5		
T	46.052500000	-123.658910000	582.2		
T	46.052340000	-123.658790000	587.1		
T	46.051820000	-123.658550000	609.1		
T	46.051660000	-123.658450000	614.9		
T	46.051650000	-123.658450000	615.5		
T	46.051450000	-123.658340000	623.4		
T	46.051140000	-123.658230000	632.4		
T	46.050960000	-123.658190000	638.5		
T	46.050950000	-123.658180000	638.1		
T	46.050890000	-123.658160000	638.7		
T	46.050800000	-123.658100000	638.5		
T	46.050710000	-123.658000000	638.0		
T	46.050610000	-123.657840000	638.7		
T	46.050570000	-123.657730000	639.7		
T	46.050550000	-123.657450000	640.9		
T	46.050640000	-123.656950000	637.7		
T	46.050600000	-123.656760000	642.5		
T	46.050550000	-123.656660000	646.9		
T	46.050480000	-123.656580000	653.1		
T	46.050450000	-123.656560000	655.7		
T	46.050440000	-123.656560000	656.7		
T	46.050350000	-123.656500000	660.6		
T	46.049760000	-123.656220000	668.9		
T	46.049600000	-123.656180000	672.6		
T	46.049480000	-123.656180000	675.5		
T	46.049390000	-123.656210000	678.7		
T	46.049120000	-123.656460000	690.0		
T	46.049070000	-123.656490000	691.1		
T	46.049030000	-123.656530000	692.3		
T	46.048910000	-123.656610000	693.8		
T	46.048050000	-123.656970000	698.6		
T	46.048020000	-123.656970000	698.5		
T	46.047960000	-123.657000000	699.0		
T	46.047870000	-123.657010000	699.1		
T	46.047850000	-123.657020000	699.3		
T	46.047720000	-123.657040000	699.7		
T	46.046010000	-123.657040000	725.4		
T	46.045870000	-123.656980000	730.0		
T	46.045810000	-123.656930000	731.5		
T	46.045720000	-123.656820000	732.6		
T	46.045530000	-123.656460000	724.0		
T	46.045530000	-123.656450000	723.8		
T	46.045510000	-123.656420000	723.2		
T	46.045440000	-123.656240000	719.4		
T	46.045420000	-123.656220000	719.3		
T	46.045300000	-123.655760000	711.3		
T	46.045200000	-123.655000000	704.0		
T	46.045190000	-123.654990000	703.7		
T	46.045150000	-123.654800000	701.0		
T	46.044950000	-123.654430000	693.2		
T	46.044510000	-123.653980000	683.9		
T	46.044290000	-123.653810000	681.7		
T	46.043980000	-123.653470000	677.5		
T	46.043910000	-123.653340000	677.5		
T	46.043810000	-123.653070000	679.3		
T	46.043610000	-123.652660000	678.6		
T	46.043470000	-123.652510000	676.5		
T	46.043470000	-123.652500000	676.9		
T	46.041910000	-123.651360000	675.2		
T	46.041750000	-123.651280000	674.0		
T	46.041700000	-123.651270000	673.5		
T	46.041690000	-123.651260000	673.6		
T	46.041510000	-123.651230000	671.6		
T	46.041150000	-123.651260000	662.4		
T	46.041140000	-123.651270000	661.6		
T	46.041050000	-123.651270000	658.4		
T	46.040880000	-123.651240000	645.1		
T	46.040700000	-123.651130000	629.4		
T	46.040640000	-123.651070000	627.6		
T	46.040640000	-123.651060000	628.3		
T	46.040200000	-123.650660000	608.7		
T	46.039930000	-123.650370000	603.5		
T	46.039800000	-123.650160000	604.1		
T	46.039500000	-123.649460000	615.8		
T	46.039410000	-123.649360000	616.5		
T	46.039290000	-123.649260000	616.9		
T	46.039210000	-123.649230000	617.8		
T	46.038720000	-123.649170000	619.5		
T	46.038480000	-123.649110000	620.0		
T	46.038380000	-123.649060000	618.2		
T	46.038240000	-123.648920000	623.6		
T	46.038120000	-123.648750000	632.9		
T	46.037680000	-123.647930000	654.9		
T	46.037530000	-123.647480000	667.1		
T	46.037160000	-123.646010000	674.8		
T	46.037150000	-123.646000000	673.6		
T	46.037070000	-123.645650000	678.1		
T	46.036920000	-123.645370000	672.7		
T	46.036890000	-123.645340000	670.9		
T	46.036890000	-123.645330000	671.6		
T	46.036850000	-123.645280000	670.3		
T	46.036790000	-123.645230000	667.1		
T	46.036420000	-123.645110000	638.6		
T	46.036230000	-123.644970000	634.2		
T	46.036230000	-123.644960000	635.2		
T	46.035900000	-123.644370000	644.4		
T	46.035900000	-123.644360000	644.9		
T	46.035760000	-123.644130000	646.4		
T	46.035570000	-123.643910000	663.5		
T	46.034730000	-123.643180000	675.8		
T	46.034720000	-123.643180000	674.7		
T	46.033700000	-123.642150000	680.4		
T	46.033690000	-123.642150000	679.4		
T	46.033140000	-123.641510000	677.8		
T	46.031540000	-123.638700000	715.9		
T	46.031330000	-123.638410000	715.6		
T	46.031030000	-123.638110000	718.7		
T	46.030810000	-123.637960000	719.6		
T	46.030800000	-123.637960000	719.2		
T	46.030360000	-123.637670000	710.1		
T	46.030180000	-123.637510000	711.7		
T	46.030170000	-123.637490000	713.2		
T	46.030080000	-123.637400000	714.3		
T	46.029360000	-123.636480000	718.3		
T	46.029110000	-123.636090000	721.5		
T	46.029100000	-123.636090000	720.4		
T	46.029030000	-123.635970000	721.5		
T	46.029000000	-123.635890000	723.1		
T	46.028990000	-123.635880000	722.6		
T	46.028210000	-123.634170000	735.0		
T	46.028210000	-123.634160000	735.5		
T	46.027880000	-123.633510000	740.1		
T	46.027770000	-123.633340000	745.7		
T	46.027560000	-123.633110000	750.9		
T	46.027450000	-123.633050000	750.3		
T	46.025930000	-123.632600000	752.9		
T	46.025770000	-123.632500000	756.4		
T	46.025570000	-123.632330000	758.7		
T	46.025570000	-123.632320000	759.0		
T	46.025240000	-123.631980000	759.2		
T	46.024790000	-123.631300000	761.9		
T	46.024770000	-123.631290000	760.4		
T	46.024030000	-123.630160000	760.1		
T	46.024030000	-123.630140000	761.4		
T	46.023860000	-123.629820000	760.0		
T	46.023770000	-123.629540000	758.3		
T	46.023560000	-123.628590000	768.5		
T	46.023410000	-123.628120000	768.2		
T	46.023130000	-123.627470000	760.8		
T	46.022580000	-123.626370000	766.3		
T	46.022320000	-123.625950000	775.2		
T	46.022200000	-123.625830000	776.9		
T	46.022020000	-123.625690000	775.6		
T	46.021630000	-123.625460000	767.6		
T	46.021610000	-123.625460000	767.2		
T	46.021230000	-123.625270000	767.6		
T	46.020970000	-123.625170000	778.1		
T	46.018890000	-123.624120000	810.6		
T	46.018680000	-123.623950000	819.3		
T	46.018230000	-123.623300000	833.8		
T	46.018130000	-123.623210000	834.2		
T	46.017930000	-123.623090000	834.5		
T	46.017910000	-123.623090000	833.8		
T	46.017790000	-123.623040000	834.4		
T	46.015470000	-123.622380000	867.3		
T	46.015460000	-123.622370000	868.0		
T	46.013210000	-123.621310000	871.0		
T	46.010480000	-123.620340000	897.7		
T	46.010000000	-123.620110000	903.3		
T	46.009470000	-123.619750000	912.2		
T	46.009120000	-123.619550000	915.0		
T	46.009110000	-123.619550000	914.8		
T	46.009040000	-123.619500000	916.2		
T	46.008940000	-123.619470000	916.3		
T	46.008210000	-123.619370000	917.1		
T	46.008050000	-123.619330000	920.0		
T	46.007880000	-123.619260000	924.0		
T	46.007870000	-123.619260000	923.9		
T	46.007790000	-123.619220000	925.3		
T	46.007360000	-123.618870000	932.7		
T	46.007200000	-123.618810000	935.1		
T	46.006610000	-123.618700000	948.1		
T	46.006470000	-123.618630000	952.7		
T	46.006360000	-123.618540000	954.7		
T	46.006280000	-123.618450000	955.0		
T	46.006120000	-123.618210000	952.8		
T	46.005760000	-123.617560000	958.3		
T	46.005210000	-123.616770000	970.5		
T	46.004610000	-123.616100000	978.9		
T	46.004470000	-123.615910000	981.9		
T	46.004210000	-123.615420000	986.7		
T	46.004030000	-123.615180000	982.1		
T	46.003930000	-123.615090000	984.3		
T	46.003460000	-123.614810000	991.7		
T	46.003210000	-123.614700000	992.2		
T	46.002740000	-123.614430000	1003.8		
T	46.002360000	-123.614140000	1011.3		
T	46.002000000	-123.613620000	1022.9		
T	46.001770000	-123.613110000	1027.9		
T	46.001710000	-123.612910000	1029.5		
T	46.001710000	-123.612880000	1030.4		
T	46.001400000	-123.611700000	1044.8		
T	46.001400000	-123.611670000	1045.6		
T	46.001010000	-123.610230000	1059.0		
T	46.000930000	-123.610060000	1057.5		
T	46.000790000	-123.609850000	1057.9		
T	46.000500000	-123.609510000	1064.0		
T	45.999040000	-123.608040000	1111.5		
T	45.998750000	-123.607810000	1115.9		
T	45.998570000	-123.607730000	1116.7		
T	45.998480000	-123.607710000	1118.7		
T	45.998370000	-123.607720000	1119.6		
T	45.998130000	-123.607840000	1122.8		
T	45.997920000	-123.607980000	1126.8		
T	45.997740000	-123.608020000	1129.4		
T	45.997670000	-123.608010000	1130.5		
T	45.997480000	-123.607950000	1137.1		
T	45.996120000	-123.607100000	1161.0		
T	45.995870000	-123.606900000	1166.8		
T	45.995770000	-123.606750000	1173.8		
T	45.995680000	-123.606540000	1174.8		
T	45.995520000	-123.606010000	1177.1		
T	45.995520000	-123.605980000	1178.2		
T	45.995280000	-123.605170000	1188.4		
T	45.995220000	-123.604760000	1193.0		
T	45.995220000	-123.604470000	1196.2		
T	45.995360000	-123.603250000	1215.1		
T	45.995340000	-123.602900000	1220.4		
T	45.995260000	-123.602670000	1221.9		
T	45.995170000	-123.602520000	1224.4		
T	45.995060000	-123.602400000	1229.3		
T	45.994910000	-123.602300000	1232.8		
T	45.994830000	-123.602270000	1234.9		
T	45.994810000	-123.602270000	1235.4		
T	45.994760000	-123.602250000	1235.6		
T	45.992850000	-123.601930000	1271.9		
T	45.991740000	-123.601800000	1253.4		
T	45.991180000	-123.601830000	1244.6		
T	45.990330000	-123.601990000	1232.3		
T	45.990220000	-123.602030000	1231.5		
T	45.990070000	-123.602120000	1230.2		
T	45.989930000	-123.602270000	1227.0		
T	45.989910000	-123.602280000	1226.8		
T	45.989820000	-123.602370000	1224.0		
T	45.989750000	-123.602420000	1221.6		
T	45.989580000	-123.602500000	1218.3		
T	45.989450000	-123.602490000	1215.7		
T	45.989370000	-123.602460000	1214.0		
T	45.989230000	-123.602380000	1210.3		
T	45.989120000	-123.602280000	1208.8		
T	45.988890000	-123.602010000	1206.7		
T	45.988790000	-123.601920000	1206.9		
T	45.988670000	-123.601840000	1205.5		
T	45.988460000	-123.601820000	1202.2		
T	45.988450000	-123.601830000	1202.0		
T	45.988280000	-123.601880000	1196.8		
T	45.988270000	-123.601890000	1196.5		
T	45.987610000	-123.602180000	1182.2		
T	45.987430000	-123.602290000	1178.2		
T	45.987290000	-123.602440000	1174.9		
T	45.986250000	-123.604110000	1139.5		
T	45.986190000	-123.604180000	1136.9		
T	45.986190000	-123.604190000	1137.0		
T	45.986060000	-123.604310000	1134.2		
T	45.985990000	-123.604350000	1133.3		
T	45.985870000	-123.604390000	1130.1		
T	45.985660000	-123.604360000	1125.0		
T	45.985300000	-123.604160000	1116.7		
T	45.985150000	-123.604120000	1114.1		
T	45.985000000	-123.604130000	1110.6		
T	45.984770000	-123.604240000	1105.9		
T	45.984520000	-123.604450000	1099.0		
T	45.984520000	-123.604460000	1098.9		
T	45.984350000	-123.604630000	1093.2		
T	45.984250000	-123.604700000	1089.8		
T	45.984080000	-123.604750000	1085.6		
T	45.984030000	-123.604750000	1084.2		
T	45.983830000	-123.604690000	1079.4		
T	45.983150000	-123.604200000	1065.7		
T	45.983000000	-123.604180000	1061.8		
T	45.982800000	-123.604210000	1056.6		
T	45.982740000	-123.604240000	1055.7		
T	45.982620000	-123.604330000	1053.3		
T	45.982560000	-123.604400000	1051.5		
T	45.982420000	-123.604650000	1050.1		
T	45.982390000	-123.604730000	1049.7		
T	45.982260000	-123.604960000	1042.0		
T	45.982150000	-123.605080000	1037.8		
T	45.982000000	-123.605160000	1034.5		
T	45.981920000	-123.605170000	1033.1		
T	45.981420000	-123.605150000	1025.8		
T	45.981050000	-123.605090000	1017.1		
T	45.980730000	-123.605100000	1011.3		
T	45.980690000	-123.605110000	1011.1		
T	45.979830000	-123.605050000	997.3		
T	45.979640000	-123.605010000	993.2		
T	45.979500000	-123.604950000	989.2		
T	45.979360000	-123.604860000	985.2		
T	45.978640000	-123.604160000	970.0		
T	45.977860000	-123.603200000	959.2		
T	45.974270000	-123.597540000	932.5		
T	45.974140000	-123.597400000	933.1		
T	45.974040000	-123.597320000	930.1		
T	45.973910000	-123.597270000	928.7		
T	45.973900000	-123.597260000	929.1		
T	45.973750000	-123.597250000	928.7		
T	45.973430000	-123.597270000	928.8		
T	45.973200000	-123.597230000	933.4		
T	45.973190000	-123.597220000	934.3		
T	45.973150000	-123.597210000	933.2		
T	45.973020000	-123.597130000	932.1		
T	45.971870000	-123.596090000	926.9		
T	45.971680000	-123.595840000	927.2		
T	45.971520000	-123.595480000	918.5		
T	45.970420000	-123.591840000	889.0		
T	45.970180000	-123.591280000	887.4		
T	45.970000000	-123.591020000	885.2		
T	45.969860000	-123.590900000	885.2		
T	45.969640000	-123.590800000	884.1		
T	45.969470000	-123.590790000	882.8		
T	45.969020000	-123.590870000	883.5		
T	45.968950000	-123.590870000	884.4		
T	45.968930000	-123.590880000	883.8		
T	45.968740000	-123.590870000	883.8		
T	45.968590000	-123.590840000	884.1		
T	45.967840000	-123.590530000	880.5		
T	45.967190000	-123.590430000	876.8		
T	45.967020000	-123.590350000	876.7		
T	45.966700000	-123.590150000	872.8		
T	45.966690000	-123.590150000	872.3		
T	45.966350000	-123.589990000	868.4		
T	45.966060000	-123.589940000	866.9		
T	45.964710000	-123.589990000	857.5		
T	45.963540000	-123.590250000	846.3		
T	45.963380000	-123.590220000	844.7		
T	45.963180000	-123.590090000	846.0		
T	45.963080000	-123.589950000	845.3		
T	45.963010000	-123.589790000	841.0		
T	45.962780000	-123.588600000	840.9		
T	45.962710000	-123.588390000	838.7		
T	45.962540000	-123.588120000	837.8		
T	45.962330000	-123.587860000	839.5		
T	45.962200000	-123.587620000	834.6		
T	45.961410000	-123.585620000	813.4		
T	45.961280000	-123.585430000	811.2		
T	45.960630000	-123.584860000	808.1		
T	45.960440000	-123.584740000	807.2		
T	45.960290000	-123.584700000	806.8		
T	45.960150000	-123.584710000	804.9		
T	45.959420000	-123.584870000	797.1		
T	45.959320000	-123.584870000	795.6		
T	45.959120000	-123.584800000	794.7		
T	45.958870000	-123.584610000	794.7		
T	45.958780000	-123.584500000	795.4		
T	45.958690000	-123.584330000	795.5		
T	45.958640000	-123.584180000	788.8		
T	45.958630000	-123.584170000	788.5		
T	45.958580000	-123.583880000	785.5		
T	45.958600000	-123.583590000	782.5		
T	45.958750000	-123.582940000	772.6		
T	45.958780000	-123.582710000	769.4		
T	45.958780000	-123.582520000	768.4		
T	45.958630000	-123.581990000	772.8		
T	45.958610000	-123.581960000	771.1		
T	45.958430000	-123.581510000	763.8		
T	45.958360000	-123.581230000	754.3		
T	45.958260000	-123.580580000	741.4		
T	45.958220000	-123.580470000	736.8		
T	45.958220000	-123.580450000	736.6		
T	45.958190000	-123.580380000	734.5		
T	45.958040000	-123.580160000	731.2		
T	45.957960000	-123.580100000	728.8		
T	45.957960000	-123.580090000	728.8		
T	45.957700000	-123.579870000	726.4		
T	45.957440000	-123.579500000	720.4		
T	45.956490000	-123.577450000	694.0		
T	45.956150000	-123.576950000	685.9		
T	45.955290000	-123.575950000	677.2		
T	45.955090000	-123.575650000	672.7		
T	45.950210000	-123.565570000	636.8		
T	45.948930000	-123.563380000	625.3		
T	45.948780000	-123.563020000	625.6		
T	45.948730000	-123.562600000	623.5		
T	45.948760000	-123.562340000	623.4		
T	45.949040000	-123.561330000	626.5		
T	45.949070000	-123.560810000	628.9		
T	45.946930000	-123.545220000	608.4		
T	45.946800000	-123.544650000	608.8		
T	45.946630000	-123.544120000	602.9		
T	45.945350000	-123.540850000	597.1		
T	45.945210000	-123.540370000	596.4		
T	45.944150000	-123.534090000	565.9		
T	45.943890000	-123.533180000	562.0		
T	45.943730000	-123.532760000	561.8		
T	45.943400000	-123.532070000	564.1		
T	45.940650000	-123.526960000	581.9		
T	45.940370000	-123.526660000	581.0		
T	45.940250000	-123.526590000	580.0		
T	45.939920000	-123.526450000	578.1		
T	45.938040000	-123.526040000	560.0		
T	45.937860000	-123.525960000	557.8		
T	45.937660000	-123.525830000	556.2		
T	45.936370000	-123.524430000	540.1		
T	45.936330000	-123.524400000	540.4		
T	45.933440000	-123.521180000	527.6		
T	45.933280000	-123.520900000	525.0		
T	45.933200000	-123.520570000	522.3		
T	45.933200000	-123.520470000	522.5		
T	45.933190000	-123.520430000	522.0		
T	45.933210000	-123.520140000	522.1		
T	45.933390000	-123.518970000	518.2		
T	45.933480000	-123.518710000	517.1		
T	45.933690000	-123.518360000	518.7		
T	45.933790000	-123.518030000	514.0		
T	45.933820000	-123.517860000	512.6		
T	45.933830000	-123.516150000	500.6		
T	45.933960000	-123.513560000	489.3		
T	45.934080000	-123.507370000	482.9		
T	45.933970000	-123.505950000	479.5		
T	45.933980000	-123.505660000	476.9		
T	45.934030000	-123.505290000	478.2		
T	45.935610000	-123.497590000	476.1		
T	45.935670000	-123.496920000	476.7		
T	45.935640000	-123.496350000	475.1		
T	45.935400000	-123.495020000	475.4		
T	45.935390000	-123.495000000	475.3		
T	45.935210000	-123.494060000	478.8		
T	45.935130000	-123.493390000	480.9		
T	45.935100000	-123.490300000	478.9		
T	45.935170000	-123.489740000	476.2		
T	45.935290000	-123.489250000	475.5		
T	45.935300000	-123.489240000	475.3		
T	45.935370000	-123.489020000	475.6		
T	45.935570000	-123.488590000	475.2		
T	45.935570000	-123.488570000	475.5		
T	45.935780000	-123.488220000	475.2		
T	45.939300000	-123.483350000	485.3		
T	45.939420000	-123.483120000	485.1		
T	45.939540000	-123.482760000	483.5		
T	45.939580000	-123.482570000	481.8		
T	45.939610000	-123.482130000	480.3		
T	45.939560000	-123.479500000	479.5		
T	45.939520000	-123.479030000	482.8		
T	45.939380000	-123.478180000	484.5		
T	45.939380000	-123.478020000	484.7		
T	45.939370000	-123.477990000	485.2		
T	45.939380000	-123.477720000	484.4		
T	45.939470000	-123.477330000	481.9		
T	45.939520000	-123.477190000	481.0		
T	45.940710000	-123.475120000	477.0		
T	45.940960000	-123.474840000	477.4		
T	45.941210000	-123.474680000	477.8		
T	45.941380000	-123.474620000	478.0		
T	45.941390000	-123.474610000	478.1		
T	45.941560000	-123.474580000	478.4		
T	45.947430000	-123.474460000	515.4		
T	45.948030000	-123.474390000	504.2		
T	45.948330000	-123.474300000	498.3		
T	45.948590000	-123.474130000	494.4		
T	45.948790000	-123.473910000	492.2		
T	45.949070000	-123.473460000	490.4		
T	45.949300000	-123.473010000	491.9		
T	45.949450000	-123.472580000	492.6		
T	45.951080000	-123.464590000	522.9		
T	45.951230000	-123.463370000	514.0		
T	45.951240000	-123.462590000	507.7		
T	45.950930000	-123.457580000	483.8		
T	45.950870000	-123.457230000	485.2		
T	45.950730000	-123.456770000	486.2		
T	45.950580000	-123.456400000	486.7		
T	45.950320000	-123.455930000	486.5		
T	45.950030000	-123.455500000	484.8		
T	45.950030000	-123.455490000	484.9		
T	45.947080000	-123.451280000	503.1		
T	45.946860000	-123.450920000	504.5		
T	45.946550000	-123.450280000	506.8		
T	45.946320000	-123.449650000	504.0		
T	45.946100000	-123.448760000	502.4		
T	45.945790000	-123.446540000	504.1		
T	45.945780000	-123.446050000	501.4		
T	45.945840000	-123.445480000	497.6		
T	45.945940000	-123.445070000	497.1		
T	45.946110000	-123.444600000	499.4		
T	45.946400000	-123.444090000	499.3		
T	45.954990000	-123.433720000	488.3		
T	45.955140000	-123.433570000	489.5		
T	45.955150000	-123.433550000	489.2		
T	45.955630000	-123.433080000	487.3		
T	45.957300000	-123.431700000	491.8		
T	45.957710000	-123.431240000	492.0		
T	45.958320000	-123.430360000	493.8		
T	45.958360000	-123.430320000	493.3		
T	45.958360000	-123.430310000	493.1		
T	45.958460000	-123.430210000	493.8		
T	45.958470000	-123.430190000	493.6		
T	45.958660000	-123.430030000	492.6		
T	45.958860000	-123.429910000	492.4		
T	45.960350000	-123.429240000	494.4		
T	45.960660000	-123.429040000	493.7		
T	45.960750000	-123.428960000	494.4		
T	45.961550000	-123.428060000	502.9		
T	45.961840000	-123.427820000	504.0		
T	45.961870000	-123.427810000	504.1		
T	45.961930000	-123.427770000	505.2		
T	45.962080000	-123.427720000	506.6		
T	45.962220000	-123.427710000	506.9		
T	45.962390000	-123.427730000	506.8		
T	45.962580000	-123.427790000	508.7		
T	45.963410000	-123.428240000	508.7		
T	45.963420000	-123.428240000	508.6		
T	45.963460000	-123.428260000	509.4		
T	45.963510000	-123.428270000	509.9		
T	45.963720000	-123.428270000	509.8		
T	45.964660000	-123.428090000	508.8		
T	45.964870000	-123.427980000	509.0		
T	45.964990000	-123.427890000	508.7		
T	45.966240000	-123.426630000	506.7		
T	45.966450000	-123.426350000	507.5		
T	45.966530000	-123.426210000	507.6		
T	45.966810000	-123.425500000	510.6		
T	45.966810000	-123.425480000	510.3		
T	45.967170000	-123.424300000	512.5		
T	45.967410000	-123.423750000	513.3		
T	45.968570000	-123.421610000	509.4		
T	45.968700000	-123.421420000	509.5		
T	45.968710000	-123.421390000	509.4		
T	45.968940000	-123.421110000	507.0		
T	45.969370000	-123.420720000	504.1		
T	45.971310000	-123.419480000	493.2		
T	45.971340000	-123.419470000	493.0		
T	45.976280000	-123.416420000	530.8		
T	45.976470000	-123.416340000	535.4		
T	45.976480000	-123.416330000	535.5		
T	45.976680000	-123.416280000	539.3		
T	45.976920000	-123.416250000	542.7		
T	45.977180000	-123.416270000	547.5		
T	45.977490000	-123.416350000	552.3		
T	45.977660000	-123.416420000	554.3		
T	45.978360000	-123.416880000	565.2		
T	45.978500000	-123.416950000	566.4		
T	45.978670000	-123.416990000	567.6		
T	45.978900000	-123.417000000	573.2		
T	45.980820000	-123.416350000	603.9		
T	45.981050000	-123.416240000	606.3		
T	45.981370000	-123.415990000	607.1		
T	45.983460000	-123.413850000	587.3		
T	45.983780000	-123.413380000	584.2		
T	45.984040000	-123.412870000	579.2		
T	45.985100000	-123.410160000	545.8		
T	45.985190000	-123.409780000	543.2		
T	45.985240000	-123.409420000	537.3		
T	45.985640000	-123.400980000	481.4		
T	45.986370000	-123.394220000	499.8		
T	45.986370000	-123.393870000	497.5		
T	45.986150000	-123.391040000	504.7		
T	45.986140000	-123.390260000	507.9		
T	45.986170000	-123.389770000	509.2		
T	45.986180000	-123.389750000	509.3		
T	45.986590000	-123.385980000	523.4		
T	45.986590000	-123.385650000	525.8		
T	45.986550000	-123.385300000	527.2		
T	45.986500000	-123.385160000	528.2		
T	45.986500000	-123.385140000	528.1		
T	45.986420000	-123.384950000	527.4		
T	45.986140000	-123.384590000	525.4		
T	45.986000000	-123.384480000	523.3		
T	45.982130000	-123.382060000	508.3		
T	45.981780000	-123.381730000	504.7		
T	45.981550000	-123.381410000	506.3		
T	45.981370000	-123.381040000	506.2		
T	45.981230000	-123.380660000	506.6		
T	45.981140000	-123.380330000	505.9		
T	45.981080000	-123.379890000	505.0		
T	45.980630000	-123.369710000	506.0		
T	45.980550000	-123.369210000	511.1		
T	45.980390000	-123.368520000	515.4		
T	45.979280000	-123.364900000	513.3		
T	45.979280000	-123.364880000	513.4		
T	45.978970000	-123.364070000	512.2		
T	45.978680000	-123.363570000	506.9		
T	45.978550000	-123.363390000	509.9		
T	45.978070000	-123.362920000	511.8		
T	45.977530000	-123.362570000	515.9		
T	45.977500000	-123.362540000	515.9		
T	45.977170000	-123.362340000	514.6		
T	45.977140000	-123.362330000	514.4		
T	45.976420000	-123.361860000	516.2		
T	45.976180000	-123.361660000	518.0		
T	45.975960000	-123.361430000	521.2		
T	45.974890000	-123.360130000	532.9		
T	45.974820000	-123.360010000	534.1		
T	45.974820000	-123.360000000	534.1		
T	45.974790000	-123.359940000	534.6		
T	45.974730000	-123.359650000	537.6		
T	45.974730000	-123.359400000	541.3		
T	45.974750000	-123.359260000	543.3		
T	45.975440000	-123.356800000	570.5		
T	45.975490000	-123.356490000	571.0		
T	45.975540000	-123.354880000	556.2		
T	45.975630000	-123.354310000	551.2		
T	45.975780000	-123.353730000	545.6		
T	45.976000000	-123.353200000	540.7		
T	45.976720000	-123.352070000	522.9		
T	45.976730000	-123.352070000	522.8		
T	45.977460000	-123.350980000	519.2		
T	45.977460000	-123.350970000	519.3		
T	45.978130000	-123.349970000	522.3		
T	45.978460000	-123.349570000	521.7		
T	45.978480000	-123.349560000	521.9		
T	45.980650000	-123.347170000	528.0		
T	45.980670000	-123.347160000	528.8		
T	45.982650000	-123.344950000	544.4		
T	45.982970000	-123.344640000	543.4		
T	45.983310000	-123.344410000	546.4		
T	45.984110000	-123.344080000	553.3		
T	45.984250000	-123.344000000	554.1		
T	45.984390000	-123.343890000	554.5		
T	45.988060000	-123.339730000	533.0		
T	45.988610000	-123.339200000	528.6		
T	45.989290000	-123.338720000	509.1		
T	45.992510000	-123.337110000	534.1		
T	45.992980000	-123.336740000	543.9		
T	45.994320000	-123.335400000	556.6		
T	45.994320000	-123.335390000	556.7		
T	45.994470000	-123.335250000	559.2		
T	45.994480000	-123.335230000	559.6		
T	45.995390000	-123.334400000	576.0		
T	45.995680000	-123.334210000	576.6		
T	45.995910000	-123.334110000	575.9		
T	45.995920000	-123.334100000	576.1		
T	45.996030000	-123.334060000	575.0		
T	45.996230000	-123.334030000	574.8		
T	45.996250000	-123.334020000	575.0		
T	45.997840000	-123.333970000	569.4		
T	45.998040000	-123.333920000	566.7		
T	45.998240000	-123.333840000	564.2		
T	45.998420000	-123.333720000	562.3		
T	45.998620000	-123.333500000	559.4		
T	45.998660000	-123.333430000	557.8		
T	45.998670000	-123.333430000	557.8		
T	45.998790000	-123.333190000	554.8		
T	45.998860000	-123.332960000	551.9		
T	45.999010000	-123.332000000	544.4		
T	45.999020000	-123.331990000	544.0		
T	45.999080000	-123.331610000	542.9		
T	45.999100000	-123.331550000	542.6		
T	45.999100000	-123.331500000	542.8		
T	45.999110000	-123.331480000	542.5		
T	45.999250000	-123.330770000	543.7		
T	45.999260000	-123.330760000	543.9		
T	45.999540000	-123.329580000	556.9		
T	45.999560000	-123.329540000	556.5		
T	45.999860000	-123.328380000	559.8		
T	46.000070000	-123.327890000	566.6		
T	46.000080000	-123.327880000	566.0		
T	46.000370000	-123.327250000	561.3		
T	46.000380000	-123.327250000	559.9		
T	46.000380000	-123.327240000	560.3		
T	46.000430000	-123.327130000	557.8		
T	46.000450000	-123.327110000	557.2		
T	46.000720000	-123.326630000	558.9		
T	46.000840000	-123.326480000	559.5		
T	46.001430000	-123.325870000	567.5		
T	46.001640000	-123.325610000	570.6		
T	46.001950000	-123.325070000	560.3		
T	46.002030000	-123.324810000	567.4		
T	46.002120000	-123.324350000	560.9		
T	46.002140000	-123.323590000	559.4		
T	46.001970000	-123.321760000	553.3		
T	46.001980000	-123.321210000	543.9		
T	46.002060000	-123.320590000	548.7		
T	46.002190000	-123.319960000	540.8		
T	46.002390000	-123.319260000	545.2		
T	46.002400000	-123.319250000	545.1		
T	46.002510000	-123.318970000	544.2		
T	46.002670000	-123.318690000	540.3		
T	46.002720000	-123.318630000	538.3		
T	46.002720000	-123.318620000	538.4		
T	46.002830000	-123.318470000	539.2		
T	46.003160000	-123.318150000	541.5		
T	46.003500000	-123.317950000	538.7		
T	46.003710000	-123.317870000	538.0		
T	46.007230000	-123.317300000	552.9		
T	46.007400000	-123.317250000	555.3		
T	46.007420000	-123.317250000	554.5		
T	46.008620000	-123.316850000	549.6		
T	46.008630000	-123.316840000	549.9		
T	46.011570000	-123.315810000	552.7		
T	46.011710000	-123.315740000	551.5		
T	46.012080000	-123.315470000	547.9		
T	46.012080000	-123.315460000	547.7		
T	46.012250000	-123.315240000	549.2		
T	46.012340000	-123.315090000	545.8		
T	46.012420000	-123.314910000	544.7		
T	46.012660000	-123.313990000	530.8		
T	46.012670000	-123.313990000	530.5		
T	46.012810000	-123.313250000	521.8		
T	46.012840000	-123.312820000	524.2		
T	46.012420000	-123.306450000	524.5		
T	46.012520000	-123.296400000	521.5		
T	46.012470000	-123.295800000	529.6		
T	46.012200000	-123.294440000	538.4		
T	46.011860000	-123.293480000	526.5		
T	46.011500000	-123.292800000	527.5		
T	46.011160000	-123.292310000	528.8		
T	46.010900000	-123.292000000	528.4		
T	46.010400000	-123.291520000	533.3		
T	46.008200000	-123.289860000	535.2		
T	46.008160000	-123.289840000	534.1		
T	46.008150000	-123.289820000	533.9		
T	46.006310000	-123.288430000	538.4		
T	46.006130000	-123.288260000	538.2		
T	46.005860000	-123.287950000	539.6		
T	46.005830000	-123.287900000	539.9		
T	46.005730000	-123.287790000	535.9		
T	46.005730000	-123.287780000	535.8		
T	46.005640000	-123.287630000	531.9		
T	46.005610000	-123.287600000	532.9		
T	46.005610000	-123.287580000	533.4		
T	46.005350000	-123.287120000	529.0		
T	46.005090000	-123.286530000	529.3		
T	46.004470000	-123.284440000	526.1		
T	46.004470000	-123.284420000	526.1		
T	46.002870000	-123.278520000	531.7		
T	46.002800000	-123.277780000	530.9		
T	46.002820000	-123.277140000	531.9		
T	46.002830000	-123.277120000	531.9		
T	46.002850000	-123.276850000	531.6		
T	46.003890000	-123.271190000	528.9		
T	46.003930000	-123.270490000	530.9		
T	46.003920000	-123.269690000	532.4		
T	46.003780000	-123.268580000	534.9		
T	46.003520000	-123.267520000	526.1		
T	46.002460000	-123.264500000	531.8		
T	46.002160000	-123.263880000	531.2		
T	45.998370000	-123.258620000	534.6		
T	45.997950000	-123.258140000	534.4		
T	45.997560000	-123.257800000	534.4		
T	45.997220000	-123.257590000	534.4		
T	45.996930000	-123.257490000	535.0		
T	45.996710000	-123.257440000	535.7		
T	45.995840000	-123.257360000	535.4		
T	45.995650000	-123.257320000	535.2		
T	45.995400000	-123.257230000	535.4		
T	45.995270000	-123.257160000	535.6		
T	45.993880000	-123.256100000	538.9		
T	45.993620000	-123.255960000	539.4		
T	45.993370000	-123.255880000	539.7		
T	45.990150000	-123.255220000	539.3		
T	45.990090000	-123.255190000	539.1		
T	45.990010000	-123.255170000	539.1		
T	45.989700000	-123.254970000	539.2		
T	45.989570000	-123.254850000	539.2		
T	45.986320000	-123.251010000	538.9		
T	45.986300000	-123.250970000	539.0		
T	45.986020000	-123.250640000	539.0		
T	45.986020000	-123.250630000	539.0		
T	45.985700000	-123.250230000	540.6		
T	45.985500000	-123.249920000	540.8		
T	45.985480000	-123.249870000	540.6		
T	45.985450000	-123.249840000	540.9		
T	45.985140000	-123.249070000	541.8		
T	45.984640000	-123.246020000	541.0		
T	45.984610000	-123.245640000	540.9		
T	45.984620000	-123.244640000	539.1		
T	45.984570000	-123.244230000	540.1		
T	45.983480000	-123.240080000	541.9		
T	45.983330000	-123.239660000	540.3		
T	45.982520000	-123.238090000	540.0		
T	45.982250000	-123.237430000	541.0		
T	45.981970000	-123.236580000	541.5		
T	45.981620000	-123.235030000	544.0		
T	45.981280000	-123.232570000	544.5		
T	45.980760000	-123.230380000	544.3		
T	45.979410000	-123.226250000	545.3		
T	45.978730000	-123.224600000	544.7		
T	45.978590000	-123.224170000	545.3		
T	45.978480000	-123.223560000	546.0		
T	45.978510000	-123.221010000	546.6		
T	45.978380000	-123.220100000	547.5		
T	45.978210000	-123.219500000	546.2		
T	45.978100000	-123.219210000	535.7		
T	45.977900000	-123.218820000	547.1		
T	45.976550000	-123.217010000	546.1		
T	45.976200000	-123.216480000	545.8		
T	45.975650000	-123.215530000	545.7		
T	45.975380000	-123.215190000	545.6		
T	45.974750000	-123.214550000	542.4		
T	45.974620000	-123.214390000	543.6		
T	45.974420000	-123.214070000	545.8		
T	45.974290000	-123.213780000	546.5		
T	45.974280000	-123.213770000	546.4		
T	45.973780000	-123.212440000	546.8		
T	45.973270000	-123.210820000	548.0		
T	45.973160000	-123.210300000	547.6		
T	45.972830000	-123.207190000	548.6		
T	45.972790000	-123.206180000	548.9		
T	45.972830000	-123.205600000	549.7		
T	45.973020000	-123.204380000	550.9		
T	45.974030000	-123.199760000	552.2		
T	45.974320000	-123.198890000	551.7		
T	45.975100000	-123.196930000	552.6		
T	45.975320000	-123.196500000	553.3		
T	45.975500000	-123.196220000	553.0		
T	45.977400000	-123.193690000	553.6		
T	45.977400000	-123.193680000	553.6		
T	45.977450000	-123.193610000	553.8		
T	45.977570000	-123.193320000	553.8		
T	45.977720000	-123.192350000	555.9		
T	45.977900000	-123.191760000	555.3		
T	45.978380000	-123.190910000	554.2		
T	45.978390000	-123.190910000	554.7		
T	45.978580000	-123.190550000	552.5		
T	45.978580000	-123.190530000	551.6		
T	45.978670000	-123.190270000	550.3		
T	45.978680000	-123.190260000	550.4		
T	45.978740000	-123.189730000	550.3		
T	45.978720000	-123.189500000	550.1		
T	45.978650000	-123.189150000	549.5		
T	45.978090000	-123.187140000	553.4		
T	45.977270000	-123.184840000	554.2		
T	45.976200000	-123.182640000	556.0		
T	45.974870000	-123.180190000	573.8		
T	45.974580000	-123.179790000	575.6		
T	45.974520000	-123.179730000	573.9		
T	45.974510000	-123.179710000	573.3		
T	45.970590000	-123.175250000	595.7		
T	45.970560000	-123.175230000	596.4		
T	45.970290000	-123.174910000	598.7		
T	45.970280000	-123.174910000	598.4		
T	45.969740000	-123.174340000	598.1		
T	45.969350000	-123.174010000	601.7		
T	45.968600000	-123.173590000	606.1		
T	45.968600000	-123.173580000	606.3		
T	45.965970000	-123.171950000	597.4		
T	45.965470000	-123.171600000	586.3		
T	45.964260000	-123.170620000	584.7		
T	45.964090000	-123.170450000	587.5		
T	45.963980000	-123.170310000	585.6		
T	45.963970000	-123.170310000	585.4		
T	45.963840000	-123.170150000	583.3		
T	45.963840000	-123.170140000	583.2		
T	45.963830000	-123.170140000	582.8		
T	45.963210000	-123.169310000	569.6		
T	45.962870000	-123.169000000	563.5		
T	45.960660000	-123.167530000	562.7		
T	45.960260000	-123.167170000	563.3		
T	45.958850000	-123.165370000	562.0		
T	45.958710000	-123.165220000	561.5		
T	45.958530000	-123.165070000	561.8		
T	45.958320000	-123.164950000	562.5		
T	45.958130000	-123.164880000	563.4		
T	45.957580000	-123.164810000	564.0		
T	45.956720000	-123.164790000	564.9		
T	45.956400000	-123.164850000	564.7		
T	45.956060000	-123.164980000	565.2		
T	45.955740000	-123.165210000	563.8		
T	45.955390000	-123.165510000	562.7		
T	45.955380000	-123.165510000	562.7		
T	45.954270000	-123.166440000	566.3		
T	45.953690000	-123.166800000	567.3		
T	45.952880000	-123.167190000	567.5		
T	45.952570000	-123.167270000	567.6		
T	45.952260000	-123.167280000	567.5		
T	45.951980000	-123.167260000	568.1		
T	45.951660000	-123.167190000	567.7		
T	45.948630000	-123.166120000	568.0		
T	45.947050000	-123.165370000	570.4		
T	45.946660000	-123.165110000	571.2		
T	45.946380000	-123.164850000	559.6		
T	45.946090000	-123.164520000	571.7		
T	45.945900000	-123.164230000	571.5		
T	45.945630000	-123.163690000	570.4		
T	45.945180000	-123.162540000	571.8		
T	45.945120000	-123.162270000	573.0		
T	45.945090000	-123.161700000	572.8		
T	45.946090000	-123.157520000	591.3		
T	45.946350000	-123.156800000	595.3		
T	45.946730000	-123.156030000	597.6		
T	45.948160000	-123.153500000	606.0		
T	45.948520000	-123.152780000	608.3		
T	45.948730000	-123.152260000	611.2		
T	45.949000000	-123.151390000	614.7		
T	45.949250000	-123.150250000	619.2		
T	45.949660000	-123.145830000	637.2		
T	45.949680000	-123.145180000	639.6		
T	45.949550000	-123.142870000	648.1		
T	45.949540000	-123.141870000	651.3		
T	45.949550000	-123.141840000	651.6		
T	45.950470000	-123.131560000	697.0		
T	45.950450000	-123.131360000	696.4		
T	45.950450000	-123.130820000	698.5		
T	45.950380000	-123.130300000	700.2		
T	45.949780000	-123.127730000	719.4		
T	45.948560000	-123.120430000	762.9		
T	45.948520000	-123.119010000	776.1		
T	45.948960000	-123.112830000	812.6		
T	45.949460000	-123.108220000	849.6		
T	45.949440000	-123.107970000	850.7		
T	45.948210000	-123.103540000	873.2		
T	45.947930000	-123.102330000	876.3		
T	45.947810000	-123.101970000	878.4		
T	45.947470000	-123.100580000	881.0		
T	45.947300000	-123.098750000	893.7		
T	45.947170000	-123.098200000	896.4		
T	45.947160000	-123.098190000	896.3		
T	45.945080000	-123.091620000	930.4		
T	45.945070000	-123.091620000	929.8		
T	45.945060000	-123.091560000	931.2		
T	45.944970000	-123.091410000	929.1		
T	45.944970000	-123.091400000	929.4		
T	45.944760000	-123.090990000	928.3		
T	45.943950000	-123.089950000	932.2		
T	45.943410000	-123.089570000	935.6		
T	45.943270000	-123.089420000	943.4		
T	45.943260000	-123.089420000	943.6		
T	45.943220000	-123.089380000	946.1		
T	45.943150000	-123.089230000	948.0		
T	45.943150000	-123.089220000	948.2		
T	45.942970000	-123.088890000	954.3		
T	45.942800000	-123.088650000	953.2		
T	45.942790000	-123.088650000	952.6		
T	45.942790000	-123.088640000	953.0		
T	45.942660000	-123.088470000	952.1		
T	45.942660000	-123.088460000	952.5		
T	45.942530000	-123.088290000	951.1		
T	45.942530000	-123.088280000	951.4		
T	45.942290000	-123.087910000	950.6		
T	45.942290000	-123.087900000	951.0		
T	45.942170000	-123.087710000	950.4		
T	45.942000000	-123.087200000	949.5		
T	45.941650000	-123.085450000	952.9		
T	45.941550000	-123.085170000	955.5		
T	45.941190000	-123.084620000	954.8		
T	45.941170000	-123.084570000	955.2		
T	45.938920000	-123.081220000	972.8		
T	45.936400000	-123.079230000	991.0		
T	45.936300000	-123.079130000	991.8		
T	45.935990000	-123.078730000	995.8		
T	45.935890000	-123.078630000	997.0		
T	45.935560000	-123.077550000	1011.2		
T	45.935480000	-123.077110000	1011.4		
T	45.935330000	-123.076540000	1011.3		
T	45.935110000	-123.076000000	1009.8		
T	45.934740000	-123.075390000	1009.7		
T	45.934720000	-123.075380000	1009.3		
T	45.934520000	-123.075090000	1012.0		
T	45.933940000	-123.074620000	1013.8		
T	45.933520000	-123.074400000	1015.2		
T	45.932540000	-123.074260000	1017.0		
T	45.932360000	-123.074180000	1018.2		
T	45.932060000	-123.074140000	1017.5		
T	45.932050000	-123.074130000	1017.6		
T	45.931850000	-123.074070000	1017.5		
T	45.931080000	-123.073580000	1022.6		
T	45.930650000	-123.072980000	1032.0		
T	45.929650000	-123.071280000	1056.1		
T	45.929270000	-123.070720000	1069.6		
T	45.929260000	-123.070670000	1070.6		
T	45.929080000	-123.070230000	1072.6		
T	45.929070000	-123.070220000	1072.4		
T	45.928910000	-123.069540000	1086.1		
T	45.928770000	-123.068110000	1094.9		
T	45.928790000	-123.067440000	1111.4		
T	45.928940000	-123.066500000	1116.6		
T	45.929450000	-123.064770000	1146.4		
T	45.930930000	-123.060340000	1198.7		
T	45.931240000	-123.059550000	1216.4		
T	45.931360000	-123.059340000	1219.4		
T	45.931480000	-123.059180000	1224.3		
T	45.931620000	-123.059090000	1227.1		
T	45.931740000	-123.059040000	1227.8		
T	45.931900000	-123.059010000	1228.3		
T	45.932190000	-123.059060000	1228.9		
T	45.932770000	-123.059320000	1233.3		
T	45.932790000	-123.059320000	1233.2		
T	45.933140000	-123.059430000	1236.9		
T	45.933160000	-123.059430000	1237.0		
T	45.934240000	-123.059850000	1225.1		
T	45.934370000	-123.059940000	1221.2		
T	45.934860000	-123.060120000	1216.4		
T	45.934920000	-123.060170000	1216.1		
T	45.935830000	-123.060670000	1210.8		
T	45.935840000	-123.060690000	1211.2		
T	45.935990000	-123.060760000	1209.9		
T	45.936010000	-123.060780000	1209.9		
T	45.936090000	-123.060820000	1208.1		
T	45.936570000	-123.061160000	1195.9		
T	45.936810000	-123.061290000	1192.8		
T	45.936830000	-123.061310000	1192.9		
T	45.937790000	-123.061830000	1173.5		
T	45.937820000	-123.061830000	1172.8		
T	45.938680000	-123.062030000	1155.4		
T	45.939030000	-123.062080000	1153.4		
T	45.939360000	-123.062070000	1150.1		
T	45.939780000	-123.061930000	1136.1		
T	45.939800000	-123.061930000	1136.1		
T	45.939950000	-123.061880000	1135.2		
T	45.939950000	-123.061870000	1134.8		
T	45.940140000	-123.061760000	1132.7		
T	45.940430000	-123.061510000	1126.8		
T	45.940440000	-123.061490000	1125.9		
T	45.940570000	-123.061350000	1117.8		
T	45.940590000	-123.061340000	1116.9		
T	45.941140000	-123.060760000	1098.9		
T	45.941150000	-123.060740000	1098.1		
T	45.941310000	-123.060570000	1095.9		
T	45.941310000	-123.060560000	1095.6		
T	45.941440000	-123.060430000	1095.3		
T	45.941450000	-123.060410000	1094.8		
T	45.941460000	-123.060410000	1095.3		
T	45.941890000	-123.059960000	1091.5		
T	45.941890000	-123.059950000	1091.0		
T	45.942490000	-123.059300000	1080.1		
T	45.942700000	-123.058910000	1070.4		
T	45.942820000	-123.058500000	1068.1		
T	45.942840000	-123.058280000	1065.7		
T	45.942820000	-123.057840000	1056.8		
T	45.942740000	-123.057430000	1052.7		
T	45.942440000	-123.056790000	1040.0		
T	45.942440000	-123.056780000	1039.9		
T	45.942250000	-123.056350000	1031.2		
T	45.942160000	-123.055960000	1028.6		
T	45.942130000	-123.055340000	1023.4		
T	45.942150000	-123.055060000	1014.8		
T	45.942470000	-123.053600000	986.1		
T	45.942740000	-123.052760000	970.6		
T	45.942860000	-123.052170000	968.0		
T	45.942960000	-123.051150000	953.1		
T	45.942990000	-123.049450000	926.5		
T	45.943160000	-123.048870000	921.8		
T	45.943370000	-123.048480000	912.6		
T	45.943570000	-123.048230000	911.1		
T	45.944290000	-123.047620000	894.2		
T	45.944300000	-123.047620000	894.3		
T	45.944900000	-123.047060000	896.8		
T	45.944910000	-123.047060000	897.2		
T	45.945130000	-123.046730000	893.6		
T	45.945300000	-123.046540000	892.2		
T	45.945510000	-123.046110000	880.6		
T	45.945870000	-123.045110000	866.4		
T	45.946020000	-123.044470000	852.4		
T	45.946160000	-123.043450000	836.5		
T	45.945880000	-123.043430000	828.3		
T	45.945530000	-123.043660000	819.0		
T	45.945400000	-123.043830000	817.5		
T	45.945300000	-123.044040000	817.7		
T	45.945180000	-123.044210000	817.7		
T	45.944410000	-123.044920000	817.3		
T	45.944310000	-123.045060000	817.2		
T	45.944180000	-123.045350000	817.8		
T	45.944010000	-123.046010000	820.4		
T	45.943940000	-123.046180000	820.5		
T	45.943490000	-123.046710000	821.0		
T	45.943180000	-123.046930000	820.4		
T	45.943170000	-123.046930000	820.3		
T	45.942700000	-123.047280000	820.1		
T	45.942270000	-123.047510000	820.6		
T	45.941680000	-123.047680000	820.7		
T	45.941100000	-123.047930000	821.0		
T	45.940910000	-123.047940000	821.2		
T	45.940520000	-123.047860000	823.2		
T	45.940230000	-123.047690000	831.2		
T	45.940030000	-123.047510000	833.3		
T	45.939760000	-123.047200000	833.2		
T	45.939580000	-123.046850000	830.3		
T	45.939520000	-123.046600000	831.1		
T	45.939500000	-123.045870000	837.7		
T	45.939610000	-123.045250000	835.7		
T	45.939920000	-123.044350000	831.1		
T	45.939990000	-123.044220000	830.0		
T	45.940010000	-123.044200000	829.8		
T	45.940140000	-123.043850000	828.1		
T	45.940170000	-123.043470000	828.4		
T	45.940120000	-123.042980000	829.3		
T	45.940060000	-123.042840000	829.9		
T	45.939880000	-123.042550000	831.2		
T	45.939750000	-123.042390000	831.9		
T	45.939570000	-123.042320000	833.3		
T	45.938700000	-123.042240000	844.9		
T	45.938280000	-123.042080000	853.7		
T	45.938000000	-123.041890000	855.1		
T	45.937870000	-123.041760000	857.1		
T	45.937780000	-123.041640000	858.3		
T	45.937570000	-123.041180000	858.1		
T	45.937260000	-123.040330000	850.8		
T	45.937040000	-123.039310000	853.8		
T	45.936570000	-123.038640000	855.4		
T	45.936020000	-123.038370000	858.8		
T	45.935760000	-123.038010000	859.4		
T	45.935610000	-123.037500000	858.8		
T	45.935140000	-123.036800000	861.5		
T	45.934770000	-123.036570000	867.5		
T	45.934390000	-123.036490000	870.6		
T	45.933880000	-123.036140000	871.1		
T	45.933870000	-123.036140000	871.3		
T	45.933420000	-123.035370000	872.0		
T	45.933320000	-123.035080000	872.9		
T	45.933290000	-123.034830000	872.1		
T	45.933290000	-123.034360000	868.9		
T	45.933210000	-123.033260000	866.5		
T	45.933070000	-123.032770000	866.1		
T	45.932890000	-123.032330000	868.0		
T	45.932730000	-123.031830000	868.3		
T	45.932710000	-123.031630000	869.1		
T	45.932700000	-123.031610000	869.1		
T	45.932660000	-123.031350000	869.6		
T	45.932600000	-123.030140000	874.5		
T	45.931630000	-123.026600000	881.0		
T	45.931300000	-123.026000000	882.0		
T	45.930980000	-123.025680000	882.0		
T	45.930870000	-123.025540000	882.4		
T	45.930500000	-123.025330000	881.8		
T	45.930180000	-123.025270000	882.5		
T	45.929320000	-123.025260000	889.9		
T	45.928220000	-123.025320000	887.3		
T	45.927450000	-123.025040000	889.2		
T	45.926360000	-123.024430000	888.3		
T	45.925510000	-123.023320000	893.3		
T	45.924950000	-123.022940000	891.7		
T	45.923790000	-123.022470000	891.1		
T	45.923650000	-123.022360000	891.0		
T	45.923320000	-123.021850000	891.9		
T	45.922700000	-123.020630000	892.4		
T	45.922510000	-123.020400000	893.2		
T	45.922340000	-123.020270000	893.6		
T	45.921860000	-123.020170000	893.4		
T	45.921690000	-123.020240000	892.6		
T	45.921460000	-123.020420000	891.6		
T	45.921230000	-123.020690000	891.4		
T	45.921160000	-123.020750000	892.0		
T	45.920670000	-123.021420000	894.8		
T	45.920390000	-123.021660000	896.6		
T	45.920180000	-123.021770000	898.9		
T	45.920060000	-123.021810000	899.4		
T	45.919940000	-123.021830000	899.8		
T	45.919720000	-123.021800000	899.5		
T	45.919260000	-123.021560000	898.2		
T	45.918320000	-123.020500000	897.7		
T	45.915640000	-123.016660000	916.0		
T	45.914890000	-123.015280000	913.4		
T	45.914610000	-123.014890000	914.9		
T	45.913770000	-123.014140000	917.3		
T	45.912010000	-123.012730000	921.3		
T	45.911350000	-123.012260000	921.9		
T	45.910790000	-123.011940000	926.4		
T	45.910410000	-123.011620000	926.7		
T	45.909860000	-123.010980000	930.3		
T	45.909660000	-123.010810000	932.9		
T	45.909640000	-123.010780000	933.5		
T	45.908620000	-123.010110000	939.9		
T	45.908010000	-123.009780000	953.2		
T	45.907330000	-123.009520000	953.5		
T	45.906320000	-123.009220000	951.8		
T	45.905410000	-123.008880000	955.9		
T	45.905390000	-123.008880000	955.7		
T	45.903600000	-123.008200000	954.9		
T	45.903390000	-123.008070000	956.3		
T	45.903080000	-123.007810000	955.9		
T	45.902510000	-123.006670000	958.6		
T	45.902510000	-123.006660000	958.8		
T	45.902280000	-123.006290000	960.0		
T	45.902120000	-123.006150000	959.8		
T	45.901350000	-123.005730000	958.9		
T	45.901230000	-123.005630000	958.8		
T	45.900760000	-123.005000000	958.6		
T	45.900550000	-123.004830000	958.0		
T	45.899940000	-123.004500000	957.3		
T	45.899570000	-123.004340000	959.4		
T	45.898140000	-123.003590000	978.9		
T	45.897640000	-123.003170000	980.4		
T	45.897460000	-123.002930000	979.3		
T	45.897280000	-123.002620000	980.4		
T	45.897090000	-123.002360000	988.9		
T	45.896800000	-123.002100000	988.5		
T	45.895250000	-123.001500000	989.8		
T	45.895050000	-123.001450000	991.1		
T	45.894700000	-123.001310000	994.0		
T	45.892580000	-123.000200000	1005.6		
T	45.892240000	-123.000130000	1006.5		
T	45.892160000	-123.000060000	1005.4		
T	45.892150000	-123.000060000	1005.5		
T	45.892130000	-123.000020000	1004.9		
T	45.891880000	-122.999970000	1007.0		
T	45.891750000	-122.999900000	1007.7		
T	45.891590000	-122.999710000	1005.7		
T	45.891480000	-122.999650000	1007.2		
T	45.891360000	-122.999520000	1008.0		
T	45.891250000	-122.998930000	1012.6		
T	45.891260000	-122.998830000	1014.6		
T	45.890840000	-122.997700000	1022.6		
T	45.890800000	-122.997290000	1033.3		
T	45.890830000	-122.996460000	1042.4		
T	45.890790000	-122.996260000	1040.2		
T	45.890740000	-122.996120000	1039.8		
T	45.890620000	-122.995950000	1040.4		
T	45.890310000	-122.995680000	1040.9		
T	45.890240000	-122.995570000	1043.3		
T	45.890190000	-122.995450000	1046.8		
T	45.890180000	-122.995450000	1046.9		
T	45.890150000	-122.995300000	1049.9		
T	45.890140000	-122.995120000	1052.9		
T	45.890220000	-122.994280000	1068.2		
T	45.890280000	-122.993950000	1075.9		
T	45.890290000	-122.993940000	1076.6		
T	45.890340000	-122.993790000	1078.9		
T	45.890470000	-122.993540000	1082.0		
T	45.890580000	-122.993380000	1087.7		
T	45.891600000	-122.992210000	1117.4		
T	45.891920000	-122.991960000	1121.3		
T	45.892060000	-122.991800000	1122.1		
T	45.892110000	-122.991530000	1119.3		
T	45.892050000	-122.991270000	1118.7		
T	45.891960000	-122.991150000	1118.9		
T	45.891870000	-122.991090000	1120.4		
T	45.891770000	-122.991070000	1121.6		
T	45.891620000	-122.991100000	1123.3		
T	45.891280000	-122.991230000	1129.8		
T	45.891150000	-122.991210000	1131.0		
T	45.891030000	-122.991150000	1133.2		
T	45.890870000	-122.990990000	1136.4		
T	45.890860000	-122.990960000	1136.9		
T	45.890850000	-122.990960000	1136.8		
T	45.890760000	-122.990760000	1139.9		
T	45.890700000	-122.990560000	1144.1		
T	45.890660000	-122.990170000	1151.9		
T	45.890690000	-122.989810000	1156.3		
T	45.890820000	-122.989250000	1169.1		
T	45.890840000	-122.989070000	1173.7		
T	45.890820000	-122.988770000	1176.7		
T	45.890710000	-122.988210000	1178.1		
T	45.890690000	-122.987950000	1179.0		
T	45.890770000	-122.987580000	1188.9		
T	45.890780000	-122.987570000	1189.4		
T	45.890780000	-122.987550000	1189.7		
T	45.890890000	-122.987380000	1195.6		
T	45.891040000	-122.987080000	1202.0		
T	45.891090000	-122.986920000	1203.2		
T	45.891100000	-122.986770000	1201.6		
T	45.891070000	-122.986660000	1198.6		
T	45.891070000	-122.986620000	1198.0		
T	45.891000000	-122.986500000	1196.1		
T	45.890630000	-122.986260000	1206.8		
T	45.890500000	-122.986080000	1212.6		
T	45.890500000	-122.986070000	1212.9		
T	45.890430000	-122.985910000	1214.3		
T	45.890400000	-122.985730000	1215.6		
T	45.890420000	-122.985370000	1217.7		
T	45.890470000	-122.985250000	1219.8		
T	45.890700000	-122.984860000	1237.2		
T	45.890740000	-122.984710000	1239.2		
T	45.890730000	-122.984440000	1237.8		
T	45.890670000	-122.984310000	1235.8		
T	45.890550000	-122.984190000	1237.8		
T	45.890450000	-122.984190000	1238.4		
T	45.890360000	-122.984250000	1236.2		
T	45.890180000	-122.984490000	1230.1		
T	45.890170000	-122.984490000	1230.4		
T	45.890040000	-122.984650000	1230.0		
T	45.890040000	-122.984660000	1229.7		
T	45.889920000	-122.984760000	1230.3		
T	45.889790000	-122.984810000	1231.5		
T	45.889730000	-122.984820000	1233.6		
T	45.889620000	-122.984810000	1240.7		
T	45.889520000	-122.984780000	1245.5		
T	45.889440000	-122.984670000	1245.8		
T	45.889400000	-122.984580000	1244.7		
T	45.889360000	-122.984420000	1242.7		
T	45.889350000	-122.984280000	1240.8		
T	45.889370000	-122.984100000	1239.7		
T	45.889510000	-122.983630000	1238.9		
T	45.889620000	-122.982430000	1222.8		
T	45.889710000	-122.982180000	1219.2		
T	45.889820000	-122.982020000	1217.3		
T	45.890040000	-122.981900000	1211.7		
T	45.890220000	-122.981880000	1204.9		
T	45.890610000	-122.981880000	1199.1		
T	45.891260000	-122.981480000	1191.1		
T	45.891410000	-122.981350000	1189.1		
T	45.891530000	-122.981190000	1182.7		
T	45.891530000	-122.981180000	1182.3		
T	45.891570000	-122.981140000	1182.6		
T	45.892020000	-122.980240000	1176.3		
T	45.892150000	-122.980050000	1173.7		
T	45.892330000	-122.979860000	1160.7		
T	45.892510000	-122.979720000	1156.2		
T	45.892730000	-122.979610000	1151.8		
T	45.892920000	-122.979620000	1142.7		
T	45.893030000	-122.979660000	1136.1		
T	45.893140000	-122.979740000	1130.5		
T	45.893210000	-122.979850000	1127.7		
T	45.893340000	-122.980270000	1130.0		
T	45.893350000	-122.980270000	1129.3		
T	45.893420000	-122.980380000	1130.5		
T	45.893480000	-122.980420000	1130.6		
T	45.893490000	-122.980420000	1130.3		
T	45.893550000	-122.980470000	1131.5		
T	45.893820000	-122.980550000	1129.5		
T	45.893920000	-122.980620000	1127.6		
T	45.894010000	-122.980750000	1123.8		
T	45.894060000	-122.980920000	1116.2		
T	45.894100000	-122.981290000	1112.7		
T	45.894140000	-122.981450000	1113.6		
T	45.894260000	-122.981610000	1115.7		
T	45.894260000	-122.981620000	1116.1		
T	45.894280000	-122.981640000	1116.5		
T	45.894430000	-122.981670000	1116.5		
T	45.895090000	-122.981580000	1097.5		
T	45.895230000	-122.981600000	1092.7		
T	45.895330000	-122.981660000	1088.4		
T	45.895450000	-122.981820000	1077.4		
T	45.895450000	-122.981830000	1077.6		
T	45.895580000	-122.982030000	1072.9		
T	45.895740000	-122.982470000	1073.6		
T	45.895750000	-122.982470000	1073.5		
T	45.895750000	-122.982480000	1073.9		
T	45.895800000	-122.982570000	1077.1		
T	45.895900000	-122.982580000	1077.6		
T	45.895990000	-122.982550000	1077.3		
T	45.896070000	-122.982490000	1077.4		
T	45.896180000	-122.982310000	1076.8		
T	45.896190000	-122.982310000	1077.2		
T	45.896390000	-122.982000000	1072.8		
T	45.896590000	-122.981820000	1071.8		
T	45.896930000	-122.981580000	1069.4		
T	45.897400000	-122.981410000	1061.1		
T	45.897490000	-122.981330000	1060.2		
T	45.897680000	-122.981070000	1054.6		
T	45.897760000	-122.980820000	1044.4		
T	45.897780000	-122.980490000	1038.0		
T	45.897740000	-122.980150000	1038.0		
T	45.897630000	-122.979820000	1036.9		
T	45.897520000	-122.979580000	1035.2		
T	45.897330000	-122.979280000	1029.9		
T	45.896890000	-122.978730000	1011.6		
T	45.896800000	-122.978540000	1009.8		
T	45.896740000	-122.978350000	1008.7		
T	45.896720000	-122.978180000	1008.1		
T	45.896790000	-122.977510000	998.0		
T	45.896830000	-122.976400000	991.2		
T	45.896900000	-122.976210000	988.5		
T	45.897230000	-122.975780000	974.0		
T	45.897320000	-122.975610000	971.7		
T	45.897620000	-122.974620000	954.4		
T	45.897650000	-122.974430000	954.8		
T	45.897640000	-122.974270000	956.8		
T	45.897590000	-122.974140000	957.5		
T	45.897510000	-122.974060000	956.1		
T	45.897130000	-122.973930000	941.2		
T	45.897020000	-122.973830000	936.0		
T	45.896910000	-122.973680000	933.3		
T	45.896850000	-122.973550000	932.0		
T	45.896810000	-122.973360000	931.4		
T	45.896820000	-122.973050000	930.8		
T	45.896920000	-122.972740000	929.6		
T	45.897090000	-122.972480000	919.8		
T	45.897360000	-122.972180000	913.8		
T	45.897540000	-122.972030000	913.7		
T	45.897950000	-122.971870000	912.8		
T	45.898320000	-122.971670000	893.5		
T	45.899190000	-122.971680000	892.1		
T	45.899200000	-122.971690000	892.4		
T	45.899320000	-122.971650000	890.8		
T	45.899380000	-122.971560000	888.2		
T	45.899420000	-122.971460000	885.1		
T	45.899410000	-122.971190000	877.6		
T	45.899340000	-122.971110000	875.3		
T	45.899160000	-122.970970000	871.7		
T	45.899050000	-122.970950000	871.1		
T	45.898940000	-122.971000000	872.3		
T	45.898790000	-122.971160000	876.7		
T	45.898590000	-122.971240000	878.1		
T	45.898150000	-122.971190000	873.1		
T	45.898010000	-122.971140000	870.5		
T	45.897770000	-122.970960000	865.6		
T	45.897640000	-122.970810000	862.1		
T	45.896560000	-122.969010000	855.2		
T	45.896390000	-122.968630000	859.1		
T	45.896380000	-122.968580000	859.2		
T	45.896370000	-122.968570000	859.4		
T	45.896210000	-122.968120000	861.1		
T	45.895570000	-122.965590000	862.3		
T	45.895540000	-122.965240000	862.0		
T	45.895480000	-122.960820000	889.3		
T	45.895430000	-122.960570000	888.7		
T	45.894990000	-122.959620000	893.8		
T	45.894780000	-122.959330000	898.2		
T	45.894380000	-122.959060000	911.7		
T	45.894280000	-122.959030000	914.6		
T	45.894070000	-122.958920000	916.5		
T	45.893890000	-122.958780000	919.9		
T	45.893880000	-122.958780000	919.6		
T	45.893150000	-122.958070000	919.6		
T	45.892980000	-122.957950000	917.7		
T	45.892830000	-122.957810000	917.7		
T	45.892600000	-122.957640000	927.6		
T	45.892520000	-122.957540000	929.9		
T	45.892400000	-122.957460000	929.1		
T	45.892210000	-122.957290000	929.1		
T	45.892070000	-122.957130000	933.2		
T	45.892070000	-122.957120000	933.9		
T	45.892030000	-122.957080000	936.4		
T	45.891910000	-122.956560000	954.7		
T	45.891700000	-122.956200000	966.2		
T	45.891450000	-122.955930000	964.1		
T	45.891450000	-122.955920000	964.6		
T	45.891260000	-122.955730000	967.4		
T	45.891180000	-122.955620000	970.4		
T	45.891060000	-122.955300000	976.3		
T	45.891060000	-122.954870000	976.2		
T	45.891180000	-122.954570000	971.6		
T	45.891300000	-122.954480000	972.0		
T	45.891420000	-122.954320000	970.9		
T	45.891530000	-122.954270000	970.2		
T	45.891700000	-122.954160000	963.5		
T	45.891780000	-122.954060000	960.9		
T	45.891860000	-122.953990000	959.8		
T	45.892040000	-122.953630000	953.4		
T	45.892460000	-122.952550000	931.5		
T	45.892990000	-122.951680000	913.0		
T	45.893200000	-122.951430000	905.3		
T	45.893390000	-122.951330000	902.0		
T	45.893400000	-122.951330000	902.1		
T	45.893480000	-122.951290000	901.6		
T	45.893540000	-122.951290000	901.8		
T	45.893640000	-122.951270000	901.9		
T	45.894110000	-122.951250000	900.4		
T	45.894240000	-122.951260000	899.2		
T	45.894430000	-122.951330000	897.8		
T	45.894450000	-122.951330000	897.2		
T	45.894620000	-122.951470000	894.9		
T	45.894760000	-122.951640000	887.3		
T	45.894910000	-122.951780000	882.6		
T	45.895000000	-122.951800000	880.2		
T	45.895110000	-122.951720000	879.0		
T	45.895200000	-122.951590000	878.2		
T	45.895240000	-122.951390000	874.0		
T	45.895300000	-122.950770000	862.3		
T	45.895390000	-122.950520000	848.1		
T	45.895460000	-122.950400000	841.5		
T	45.895670000	-122.950190000	836.6		
T	45.895780000	-122.950140000	835.3		
T	45.895790000	-122.950130000	834.7		
T	45.895820000	-122.950120000	833.5		
T	45.895970000	-122.950120000	827.2		
T	45.896100000	-122.950170000	822.5		
T	45.896310000	-122.950300000	821.4		
T	45.896430000	-122.950320000	819.8		
T	45.896530000	-122.950280000	827.5		
T	45.896610000	-122.950230000	833.7		
T	45.896680000	-122.950140000	838.7		
T	45.896690000	-122.950110000	838.9		
T	45.896720000	-122.950070000	840.7		
T	45.896750000	-122.949950000	841.9		
T	45.896760000	-122.949790000	841.4		
T	45.896740000	-122.949590000	838.8		
T	45.896670000	-122.949400000	837.0		
T	45.896430000	-122.949020000	828.3		
T	45.896350000	-122.948800000	828.6		
T	45.896310000	-122.948620000	829.6		
T	45.896320000	-122.948550000	831.4		
T	45.896270000	-122.947570000	821.5		
T	45.896220000	-122.947430000	818.1		
T	45.896150000	-122.947320000	815.5		
T	45.896120000	-122.947290000	814.6		
T	45.896090000	-122.947240000	814.3		
T	45.895950000	-122.947080000	811.3		
T	45.895920000	-122.947030000	811.0		
T	45.895920000	-122.947020000	811.1		
T	45.895710000	-122.946700000	797.6		
T	45.895650000	-122.946490000	794.8		
T	45.895630000	-122.946120000	797.2		
T	45.895600000	-122.945980000	796.3		
T	45.895550000	-122.945860000	794.2		
T	45.895480000	-122.945760000	791.0		
T	45.895400000	-122.945700000	788.5		
T	45.895070000	-122.945650000	772.7		
T	45.894960000	-122.945610000	770.5		
T	45.894940000	-122.945610000	770.1		
T	45.894830000	-122.945540000	769.5		
T	45.894690000	-122.945420000	768.8		
T	45.894470000	-122.945140000	764.7		
T	45.894370000	-122.944920000	755.0		
T	45.894320000	-122.944720000	751.6		
T	45.894310000	-122.944460000	749.8		
T	45.894450000	-122.943750000	737.7		
T	45.894500000	-122.941900000	728.5		
T	45.894510000	-122.941870000	729.3		
T	45.894530000	-122.941500000	726.6		
T	45.894610000	-122.941250000	717.1		
T	45.894700000	-122.941130000	714.1		
T	45.894850000	-122.941050000	713.3		
T	45.894960000	-122.941040000	712.2		
T	45.895170000	-122.941100000	700.2		
T	45.895190000	-122.941100000	699.4		
T	45.895430000	-122.941200000	694.6		
T	45.895660000	-122.941360000	680.3		
T	45.895710000	-122.941410000	681.3		
T	45.895820000	-122.941480000	680.7		
T	45.895860000	-122.941490000	679.5		
T	45.896010000	-122.941470000	674.7		
T	45.896100000	-122.941380000	674.7		
T	45.896110000	-122.941350000	675.1		
T	45.896180000	-122.941250000	681.8		
T	45.896180000	-122.941110000	688.0		
T	45.896140000	-122.940990000	691.3		
T	45.896080000	-122.940880000	692.6		
T	45.895790000	-122.940600000	688.8		
T	45.895110000	-122.939650000	678.1		
T	45.894330000	-122.938680000	650.0		
T	45.894180000	-122.938420000	648.4		
T	45.893980000	-122.937940000	635.8		
T	45.893880000	-122.937560000	633.7		
T	45.893820000	-122.937120000	626.6		
T	45.893840000	-122.936940000	619.5		
T	45.893940000	-122.936690000	617.0		
T	45.894060000	-122.936530000	616.7		
T	45.894240000	-122.936430000	618.6		
T	45.894240000	-122.936420000	618.3		
T	45.894410000	-122.936390000	619.3		
T	45.894760000	-122.936380000	617.0		
T	45.894880000	-122.936400000	612.6		
T	45.894950000	-122.936430000	607.9		
T	45.895090000	-122.936530000	599.5		
T	45.895090000	-122.936540000	599.6		
T	45.895110000	-122.936550000	599.0		
T	45.895110000	-122.936560000	599.1		
T	45.895210000	-122.936680000	597.3		
T	45.895230000	-122.936690000	596.8		
T	45.895240000	-122.936720000	596.9		
T	45.895370000	-122.936900000	595.0		
T	45.895580000	-122.937090000	582.8		
T	45.895690000	-122.937140000	577.6		
T	45.895850000	-122.937130000	571.3		
T	45.896180000	-122.937030000	555.3		
T	45.896510000	-122.937200000	543.9		
T	45.896600000	-122.937280000	538.6		
T	45.896600000	-122.937290000	539.0		
T	45.896870000	-122.937480000	536.2		
T	45.897100000	-122.937520000	535.8		
T	45.897580000	-122.937550000	536.3		
T	45.897810000	-122.937470000	534.5		
T	45.897970000	-122.937330000	532.6		
T	45.898200000	-122.937000000	530.1		
T	45.898380000	-122.936550000	518.5		
T	45.898530000	-122.936260000	513.1		
T	45.899050000	-122.935500000	499.1		
T	45.899140000	-122.935420000	497.8		
T	45.899290000	-122.935330000	496.8		
T	45.899620000	-122.935240000	493.3		
T	45.899790000	-122.935130000	490.5		
T	45.900390000	-122.934310000	469.7		
T	45.900480000	-122.934230000	468.4		
T	45.900630000	-122.934160000	466.7		
T	45.900810000	-122.934150000	462.6		
T	45.900810000	-122.934160000	462.6		
T	45.900840000	-122.934160000	462.3		
T	45.901120000	-122.934230000	461.4		
T	45.901280000	-122.934220000	458.9		
T	45.901370000	-122.934190000	455.7		
T	45.901450000	-122.934130000	452.3		
T	45.901580000	-122.933980000	448.3		
T	45.901880000	-122.933550000	446.0		
T	45.901970000	-122.933460000	445.8		
T	45.902650000	-122.932950000	435.7		
T	45.902800000	-122.932800000	431.7		
T	45.902820000	-122.932790000	431.2		
T	45.902820000	-122.932770000	431.2		
T	45.902870000	-122.932710000	430.3		
T	45.902930000	-122.932560000	429.2		
T	45.902990000	-122.932290000	427.3		
T	45.902970000	-122.932040000	426.8		
T	45.902910000	-122.931810000	427.0		
T	45.902790000	-122.931600000	427.0		
T	45.902680000	-122.931500000	427.0		
T	45.902360000	-122.931280000	426.9		
T	45.902330000	-122.931270000	427.0		
T	45.901680000	-122.930860000	419.5		
T	45.901500000	-122.930720000	416.4		
T	45.901280000	-122.930480000	411.1		
T	45.900930000	-122.930180000	401.4		
T	45.900450000	-122.929870000	392.3		
T	45.900450000	-122.929860000	391.9		
T	45.900050000	-122.929690000	378.8		
T	45.900000000	-122.929680000	377.6		
T	45.899900000	-122.929690000	376.1		
T	45.899800000	-122.929730000	375.2		
T	45.899710000	-122.929810000	375.4		
T	45.899440000	-122.930170000	377.6		
T	45.899340000	-122.930220000	376.3		
T	45.899230000	-122.930250000	375.1		
T	45.899120000	-122.930250000	374.5		
T	45.898950000	-122.930190000	373.7		
T	45.898310000	-122.929820000	360.0		
T	45.898100000	-122.929670000	354.0		
T	45.897890000	-122.929600000	341.8		
T	45.896980000	-122.929520000	339.1		
T	45.896670000	-122.929460000	336.5		
T	45.896610000	-122.929410000	334.0		
T	45.895870000	-122.929290000	316.5		
T	45.894550000	-122.928900000	298.3		
T	45.894430000	-122.928880000	298.0		
T	45.894380000	-122.928830000	297.1		
T	45.894100000	-122.928670000	296.6		
T	45.893800000	-122.928450000	290.2		
T	45.893650000	-122.928250000	281.9		
T	45.893540000	-122.927970000	278.6		
T	45.893530000	-122.927960000	278.4		
T	45.892670000	-122.925620000	279.5		
T	45.892550000	-122.925450000	280.3		
T	45.892410000	-122.925320000	280.6		
T	45.892070000	-122.925100000	280.8		
T	45.891460000	-122.924590000	281.5		
T	45.890830000	-122.924280000	280.9		
T	45.890710000	-122.924180000	280.9		
T	45.890590000	-122.924040000	280.5		
T	45.890530000	-122.923940000	280.3		
T	45.890530000	-122.923930000	280.5		
T	45.890290000	-122.923350000	282.6		
T	45.890290000	-122.923340000	282.9		
T	45.890280000	-122.923330000	282.6		
T	45.890190000	-122.923130000	283.1		
T	45.889740000	-122.922330000	280.6		
T	45.889360000	-122.921890000	276.3		
T	45.889240000	-122.921700000	277.1		
T	45.889180000	-122.921540000	278.1		
T	45.889140000	-122.921330000	278.7		
T	45.889150000	-122.921080000	279.4		
T	45.889310000	-122.920500000	279.2		
T	45.889300000	-122.920490000	278.9		
T	45.889340000	-122.920360000	278.3		
T	45.889390000	-122.920010000	274.2		
T	45.889360000	-122.919540000	263.2		
T	45.889260000	-122.919140000	262.9		
T	45.889160000	-122.918940000	262.5		
T	45.888990000	-122.918700000	262.5		
T	45.888980000	-122.918700000	262.6		
T	45.888810000	-122.918520000	262.6		
T	45.888640000	-122.918390000	262.7		
T	45.888500000	-122.918220000	262.7		
T	45.888400000	-122.917940000	262.6		
T	45.888380000	-122.917650000	262.8		
T	45.888450000	-122.917200000	263.0		
T	45.888460000	-122.916810000	263.0		
T	45.888350000	-122.916400000	262.4		
T	45.888130000	-122.916010000	262.3		
T	45.888030000	-122.915770000	261.9		
T	45.887970000	-122.915300000	261.2		
T	45.887920000	-122.914310000	260.2		
T	45.887940000	-122.912950000	261.4		
T	45.887750000	-122.908540000	262.1		
T	45.887660000	-122.908090000	261.6		
T	45.887470000	-122.907710000	261.3		
T	45.887030000	-122.907130000	261.6		
T	45.886670000	-122.906750000	261.6		
T	45.886470000	-122.906600000	261.5		
T	45.885690000	-122.905890000	270.0		
T	45.885520000	-122.905630000	270.9		
T	45.885230000	-122.904720000	273.7		
T	45.884860000	-122.903990000	271.3		
T	45.884800000	-122.903910000	271.0		
T	45.884450000	-122.903610000	271.0		
T	45.883980000	-122.903330000	270.2		
T	45.883840000	-122.903160000	274.7		
T	45.883750000	-122.902980000	284.1		
T	45.883560000	-122.902350000	277.5		
T	45.883440000	-122.902130000	274.9		
T	45.883230000	-122.901890000	272.5		
T	45.882810000	-122.901520000	271.1		
T	45.882590000	-122.901220000	270.9		
T	45.882190000	-122.900070000	280.3		
T	45.881980000	-122.899770000	277.3		
T	45.881510000	-122.899220000	273.1		
T	45.881130000	-122.898680000	274.0		
T	45.881130000	-122.898670000	274.3		
T	45.881010000	-122.898520000	274.7		
T	45.880990000	-122.898510000	274.3		
T	45.880840000	-122.898370000	274.9		
T	45.880530000	-122.898170000	276.6		
T	45.880290000	-122.898060000	275.2		
T	45.880180000	-122.897970000	275.4		
T	45.880170000	-122.897970000	275.2		
T	45.879980000	-122.897770000	275.6		
T	45.879770000	-122.897360000	276.0		
T	45.879770000	-122.897350000	276.3		
T	45.879520000	-122.896860000	290.9		
T	45.879380000	-122.896500000	292.3		
T	45.879020000	-122.894960000	293.6		
T	45.879010000	-122.893910000	329.8		
T	45.878890000	-122.893380000	338.1		
T	45.877470000	-122.891530000	354.9		
T	45.877470000	-122.891520000	355.2		
T	45.877330000	-122.891320000	355.1		
T	45.877210000	-122.890940000	358.0		
T	45.877110000	-122.890120000	363.9		
T	45.876830000	-122.889790000	366.8		
T	45.876550000	-122.889530000	366.6		
T	45.876130000	-122.889270000	368.1		
T	45.875190000	-122.888410000	365.3		
T	45.874810000	-122.888120000	371.0		
T	45.874800000	-122.888120000	371.1		
T	45.874150000	-122.887730000	385.3		
T	45.874140000	-122.887730000	385.2		
T	45.871970000	-122.886630000	369.0		
T	45.871680000	-122.886550000	367.7		
T	45.871410000	-122.886540000	366.9		
T	45.871250000	-122.886570000	366.3		
T	45.871240000	-122.886580000	365.9		
T	45.871040000	-122.886660000	360.2		
T	45.870910000	-122.886750000	356.5		
T	45.870540000	-122.887120000	351.5		
T	45.870480000	-122.887160000	351.6		
T	45.870420000	-122.887220000	350.9		
T	45.870210000	-122.887340000	350.8		
T	45.869920000	-122.887420000	351.3		
T	45.868390000	-122.887450000	346.7		
T	45.868240000	-122.887470000	343.6		
T	45.866230000	-122.887470000	283.6		
T	45.866120000	-122.867030000	218.9		
T	45.866040000	-122.866500000	211.3		
T	45.865890000	-122.866040000	211.2		
T	45.865770000	-122.865770000	205.2		
T	45.865590000	-122.865480000	215.8		
T	45.865580000	-122.865480000	215.8		
T	45.865440000	-122.865330000	219.6		
T	45.865270000	-122.865220000	224.1		
T	45.863290000	-122.864630000	256.9		
T	45.863080000	-122.864520000	257.8		
T	45.862890000	-122.864350000	258.4		
T	45.862260000	-122.863650000	262.6		
T	45.862260000	-122.863640000	262.7		
T	45.861960000	-122.863190000	267.5		
T	45.861840000	-122.862900000	273.0		
T	45.861370000	-122.860700000	295.8		
T	45.861280000	-122.860430000	297.2		
T	45.860730000	-122.859220000	306.9		
T	45.860380000	-122.858310000	309.1		
T	45.859950000	-122.856610000	302.1		
T	45.859910000	-122.856330000	300.9		
T	45.859790000	-122.854000000	290.8		
T	45.859800000	-122.852470000	280.5		
T	45.860120000	-122.849680000	275.3		
T	45.860670000	-122.847660000	268.0		
T	45.859820000	-122.847150000	246.2		
T	45.858570000	-122.846110000	204.3		
T	45.858160000	-122.845840000	195.1		
T	45.857730000	-122.845690000	188.6		
T	45.857460000	-122.845650000	187.4		
T	45.857310000	-122.845660000	186.8		
T	45.856790000	-122.845780000	185.0		
T	45.856210000	-122.846250000	182.3		
T	45.856040000	-122.846450000	181.4		
T	45.855750000	-122.846660000	179.3		
T	45.855320000	-122.846670000	175.3		
T	45.855470000	-122.842500000	142.6		
T	45.855420000	-122.841990000	138.5		
T	45.854310000	-122.839430000	127.2		
T	45.852200000	-122.832190000	107.9		
T	45.851720000	-122.831090000	102.5		
T	45.851280000	-122.830250000	97.2		
T	45.850880000	-122.829360000	94.8		
T	45.848370000	-122.831850000	88.0		
T	45.847380000	-122.832670000	84.9		
T	45.846460000	-122.833330000	82.2		
T	45.846360000	-122.833380000	81.8		
T	45.846280000	-122.833440000	81.7		
T	45.839310000	-122.837350000	69.5		
T	45.838960000	-122.837490000	69.3		
T	45.838660000	-122.836740000	64.5		
T	45.838660000	-122.836730000	64.4		
T	45.838560000	-122.836500000	63.5		
T	45.838090000	-122.836760000	63.0		
T	45.837880000	-122.836830000	62.4		
T	45.837760000	-122.836790000	61.9		
T	45.837470000	-122.836640000	59.5		
T	45.837170000	-122.836400000	58.4		
T	45.834850000	-122.834900000	52.7		
T	45.834220000	-122.835520000	53.9		
T	45.834220000	-122.835530000	53.8		
T	45.831440000	-122.838420000	40.7		
T	45.831400000	-122.838440000	40.3		
T	45.831300000	-122.838520000	39.8		
T	45.830180000	-122.839210000	33.1		
T	45.829460000	-122.839710000	35.5		
T	45.829380000	-122.839450000	37.0		
T	45.829520000	-122.839270000	37.0		
T	45.829380000	-122.839450000	37.0		
T	45.829460000	-122.839710000	35.5		
T	45.827400000	-122.841080000	36.8		
T	45.826950000	-122.841450000	35.9		
T	45.824210000	-122.844230000	32.4		
T	45.823140000	-122.845400000	42.6		
T	45.823080000	-122.845500000	43.1		
T	45.818670000	-122.848600000	41.3		
T	45.818660000	-122.848600000	41.2		
T	45.812810000	-122.852840000	47.1		
T	45.812860000	-122.853110000	53.3		
T	45.813020000	-122.853550000	55.4		
T	45.812930000	-122.853520000	55.8		
T	45.808170000	-122.856900000	56.6		
T	45.807980000	-122.857010000	55.9		
T	45.807280000	-122.857590000	53.5		
T	45.806500000	-122.858150000	53.0		
T	45.806410000	-122.858180000	53.1		
T	45.804280000	-122.859720000	60.9		
T	45.803900000	-122.860040000	62.3		
T	45.803090000	-122.860820000	63.8		
T	45.800810000	-122.863390000	60.3		
T	45.799910000	-122.864250000	56.5		
T	45.799410000	-122.864660000	53.9		
T	45.798760000	-122.865120000	50.2		
T	45.796970000	-122.866240000	48.0		
T	45.795260000	-122.867210000	60.7		
T	45.795240000	-122.867230000	60.8		
T	45.790760000	-122.869860000	53.5		
T	45.772700000	-122.878960000	54.9		
T	45.771700000	-122.879240000	56.9		
T	45.771620000	-122.879360000	58.8		
T	45.771260000	-122.879390000	53.8		
T	45.770810000	-122.879390000	56.4		
T	45.769700000	-122.879300000	50.0		
T	45.769680000	-122.879290000	49.9		
T	45.769670000	-122.879290000	49.9		
T	45.769660000	-122.879280000	49.9		
T	45.769650000	-122.879280000	49.9		
T	45.769650000	-122.879270000	49.9		
T	45.769590000	-122.879180000	49.9		
T	45.764690000	-122.878740000	51.8		
T	45.764610000	-122.878720000	52.0		
T	45.763560000	-122.878680000	56.7		
T	45.762930000	-122.878570000	58.7		
T	45.739190000	-122.876400000	48.1		
T	45.736370000	-122.876260000	46.3		
T	45.735320000	-122.876160000	45.6		
T	45.735310000	-122.876150000	45.6		
T	45.732310000	-122.876040000	38.8		
T	45.732270000	-122.876030000	38.6		
T	45.721310000	-122.875440000	55.4		
T	45.720970000	-122.875490000	57.7		
T	45.718740000	-122.875410000	65.6		
T	45.718720000	-122.875400000	65.6		
T	45.717720000	-122.875280000	65.3		
T	45.717660000	-122.875980000	61.3		
T	45.717400000	-122.875980000	62.7		
T	45.716480000	-122.875880000	67.1		
T	45.716120000	-122.875810000	68.3		
T	45.715530000	-122.875760000	70.5		
T	45.715360000	-122.875700000	70.0		
T	45.715340000	-122.875700000	70.1		
T	45.714930000	-122.875530000	68.5		
T	45.713570000	-122.874720000	64.9		
T	45.713230000	-122.874590000	67.0		
T	45.712690000	-122.874450000	71.5		
T	45.709640000	-122.874090000	116.2		
T	45.709240000	-122.874010000	120.5		
T	45.708710000	-122.873860000	121.7		
T	45.707680000	-122.873440000	115.7		
T	45.707670000	-122.873440000	115.7		
T	45.707600000	-122.873400000	115.0		
T	45.707510000	-122.873370000	113.6		
T	45.707500000	-122.873360000	113.3		
T	45.707350000	-122.873300000	108.8		
T	45.707170000	-122.873200000	104.3		
T	45.707260000	-122.872640000	101.0		
T	45.706010000	-122.872290000	100.3		
T	45.704150000	-122.871870000	98.5		
T	45.700040000	-122.871300000	87.9		
T	45.698380000	-122.871160000	81.0		
T	45.696880000	-122.871180000	74.3		
T	45.693370000	-122.871450000	53.4		
T	45.691930000	-122.871620000	54.7		
T	45.690460000	-122.871880000	57.9		
T	45.689440000	-122.872130000	60.1		
T	45.689400000	-122.872130000	60.4		
T	45.689390000	-122.872140000	60.4		
T	45.682230000	-122.873920000	56.1		
T	45.681140000	-122.874140000	52.0		
T	45.681120000	-122.874150000	52.0		
T	45.680890000	-122.874190000	51.9		
T	45.679830000	-122.874240000	51.6		
T	45.679560000	-122.874220000	51.4		
T	45.679090000	-122.874140000	51.4		
T	45.679040000	-122.874120000	51.4		
T	45.678910000	-122.874100000	51.7		
T	45.678350000	-122.873940000	52.7		
T	45.677440000	-122.873610000	54.5		
T	45.675880000	-122.872900000	57.0		
T	45.670380000	-122.869970000	67.0		
T	45.670200000	-122.869850000	67.0		
T	45.670170000	-122.869840000	67.1		
T	45.669570000	-122.869420000	66.3		
T	45.662140000	-122.863360000	42.3		
T	45.662140000	-122.863350000	42.2		
T	45.661210000	-122.862490000	46.1		
T	45.656390000	-122.857420000	48.0		
T	45.656390000	-122.857410000	48.0		
T	45.655290000	-122.856100000	42.7		
T	45.655280000	-122.856100000	42.7		
T	45.652610000	-122.852840000	45.9		
T	45.652180000	-122.852260000	45.2		
T	45.650430000	-122.849620000	42.0		
T	45.650430000	-122.849610000	42.0		
T	45.648660000	-122.846930000	48.3		
T	45.648110000	-122.845950000	53.8		
T	45.646890000	-122.843080000	62.0		
T	45.646490000	-122.842280000	60.6		
T	45.646000000	-122.841510000	56.2		
T	45.645440000	-122.840770000	51.5		
T	45.645350000	-122.840740000	51.5		
T	45.645290000	-122.840700000	51.7		
T	45.641810000	-122.836270000	61.3		
T	45.640960000	-122.835330000	75.4		
T	45.640950000	-122.835330000	75.9		
T	45.639470000	-122.833860000	103.1		
T	45.638690000	-122.832970000	107.8		
T	45.638690000	-122.832960000	107.7		
T	45.635610000	-122.828910000	49.6		
T	45.632640000	-122.825470000	71.4		
T	45.631820000	-122.824710000	79.0		
T	45.629360000	-122.822770000	89.3		
T	45.629350000	-122.822750000	89.1		
T	45.629060000	-122.822470000	93.6		
T	45.628670000	-122.821990000	100.7		
T	45.627010000	-122.819350000	98.7		
T	45.627010000	-122.819340000	98.6		
T	45.626130000	-122.817990000	78.3		
T	45.623130000	-122.813780000	56.0		
T	45.622370000	-122.812860000	58.0		
T	45.621930000	-122.812400000	59.7		
T	45.621900000	-122.812380000	59.5		
T	45.620330000	-122.810790000	69.3		
T	45.620030000	-122.810430000	70.9		
T	45.619640000	-122.809870000	69.4		
T	45.617520000	-122.806430000	77.9		
T	45.617520000	-122.806420000	78.0		
T	45.616930000	-122.805460000	82.2		
T	45.616920000	-122.805460000	82.5		
T	45.612830000	-122.798840000	52.8		
T	45.612360000	-122.798190000	50.9		
T	45.610260000	-122.795850000	62.5		
T	45.610230000	-122.795740000	62.2		
T	45.609250000	-122.794680000	62.0		
T	45.609240000	-122.794660000	61.9		
T	45.609220000	-122.794650000	62.0		
T	45.607590000	-122.792900000	56.6		
T	45.606450000	-122.791790000	57.9		
T	45.601910000	-122.788010000	52.1		
T	45.601280000	-122.787540000	51.8		
T	45.599360000	-122.786310000	55.3		
T	45.594600000	-122.782750000	84.9		
T	45.593240000	-122.781590000	91.1		
T	45.590900000	-122.779200000	95.5		
T	45.590410000	-122.778600000	97.8		
T	45.590050000	-122.778070000	97.8		
T	45.588000000	-122.774350000	93.5		
T	45.587870000	-122.774320000	94.8		
T	45.587770000	-122.774240000	96.2		
T	45.587500000	-122.773950000	95.6		
T	45.587440000	-122.773830000	92.3		
T	45.586950000	-122.773170000	101.8		
T	45.586580000	-122.772770000	109.5		
T	45.586280000	-122.772520000	116.3		
T	45.585370000	-122.771630000	139.1		
T	45.584720000	-122.770900000	105.7		
T	45.584650000	-122.770780000	98.5		
T	45.584650000	-122.770770000	98.1		
T	45.584420000	-122.770290000	157.3		
T	45.584250000	-122.770050000	167.9		
T	45.583490000	-122.769220000	183.8		
T	45.583450000	-122.769130000	181.1		
T	45.583340000	-122.768990000	180.5		
T	45.583310000	-122.768920000	180.2		
T	45.583270000	-122.768580000	143.0		
T	45.583520000	-122.768040000	62.0		
T	45.583530000	-122.768030000	61.9		
T	45.584650000	-122.765680000	5.6		
T	45.584660000	-122.765670000	5.6		
T	45.589300000	-122.755960000	143.8		
T	45.589480000	-122.755520000	146.5		
T	45.589560000	-122.755250000	146.7		
T	45.589800000	-122.754740000	145.2		
T	45.589840000	-122.754700000	145.1		
T	45.589850000	-122.754680000	145.0		
T	45.589890000	-122.754660000	145.0		
T	45.589920000	-122.754630000	144.9		
T	45.590110000	-122.754520000	144.6		
T	45.589310000	-122.752000000	147.6		
T	45.591300000	-122.750720000	136.8		
T	45.591290000	-122.750620000	136.7		
T	45.589950000	-122.744840000	140.4		
T	45.589890000	-122.744670000	140.6		
T	45.589500000	-122.743020000	141.8		
T	45.589450000	-122.742940000	141.9		
T	45.592020000	-122.741610000	122.5		
T	45.591280000	-122.738460000	121.3		
T	45.591460000	-122.738150000	119.9		
T	45.592630000	-122.733510000	102.9		
T	45.592920000	-122.732720000	99.7		
T	45.592950000	-122.732400000	98.9		
T	45.594640000	-122.726980000	70.5		
T	45.594700000	-122.726840000	70.2		
T	45.594860000	-122.726570000	67.0		
T	45.594910000	-122.726400000	66.7		
T	45.595170000	-122.725920000	64.2		
T	45.595470000	-122.725480000	61.9		
T	45.600240000	-122.719670000	8.4		
T	45.600250000	-122.719670000	8.3		
T	45.606420000	-122.712180000	34.1		
T	45.606440000	-122.712090000	34.1		
T	45.611520000	-122.705940000	31.0		
T	45.611570000	-122.705900000	31.0		
T	45.611620000	-122.705880000	31.2		
T	45.611950000	-122.705450000	31.2		
T	45.612230000	-122.705140000	31.0		
T	45.612430000	-122.704960000	30.6		
T	45.612550000	-122.704880000	30.2		
T	45.612630000	-122.704860000	30.2		
T	45.613710000	-122.704210000	30.9		
T	45.613620000	-122.703990000	30.6		
T	45.613660000	-122.703980000	30.8		
T	45.613720000	-122.703930000	31.1		
T	45.613730000	-122.703900000	31.0		
T	45.613620000	-122.703550000	31.2		
T	45.613610000	-122.703540000	31.1		
T	45.613540000	-122.703360000	31.4		
T	45.613100000	-122.702500000	31.2		
T	45.613080000	-122.702480000	31.0		
T	45.613000000	-122.702270000	30.0		
T	45.612310000	-122.700910000	33.7		
T	45.612050000	-122.700280000	34.3		
T	45.611660000	-122.698690000	27.4		
T	45.610310000	-122.694620000	33.8		
T	45.608780000	-122.689010000	36.2		
T	45.608780000	-122.688990000	36.1		
T	45.608570000	-122.688300000	37.0		
T	45.608570000	-122.688280000	36.9		
T	45.608480000	-122.688100000	37.1		
T	45.608340000	-122.687890000	34.6		
T	45.608330000	-122.687890000	34.2		
T	45.608220000	-122.687730000	31.8		
T	45.608210000	-122.687700000	31.7		
T	45.607970000	-122.687300000	31.3		
T	45.607890000	-122.687090000	31.2		
T	45.607710000	-122.686440000	32.1		
T	45.607680000	-122.686380000	32.3		
T	45.607610000	-122.686140000	32.4		
T	45.607360000	-122.685530000	32.6		
T	45.607150000	-122.685160000	32.3		
T	45.606960000	-122.684900000	32.3		
T	45.606560000	-122.684520000	32.9		
T	45.606070000	-122.684160000	36.9		
T	45.605950000	-122.684040000	38.8		
T	45.605910000	-122.683940000	39.5		
T	45.605910000	-122.683860000	39.4		
T	45.606040000	-122.683380000	36.5		
T	45.606060000	-122.683050000	33.7		
T	45.606050000	-122.682870000	32.3		
T	45.606010000	-122.682680000	30.5		
T	45.605780000	-122.682100000	27.1		
T	45.605780000	-122.682080000	26.9		
T	45.605480000	-122.681360000	25.1		
T	45.605470000	-122.681350000	25.1		
T	45.605290000	-122.680910000	25.9		
T	45.605200000	-122.680760000	26.7		
T	45.605030000	-122.680560000	29.0		
T	45.605020000	-122.680560000	29.0		
T	45.604980000	-122.680510000	29.2		
T	45.604840000	-122.680420000	30.0		
T	45.604630000	-122.680370000	30.8		
T	45.604540000	-122.680370000	31.0		
T	45.604420000	-122.680400000	31.7		
T	45.604330000	-122.680440000	31.9		
T	45.604200000	-122.680540000	32.6		
T	45.604180000	-122.680570000	32.7		
T	45.604160000	-122.680580000	32.8		
T	45.604040000	-122.680720000	34.2		
T	45.604020000	-122.680690000	34.5		
T	45.603890000	-122.680570000	34.5		
T	45.603800000	-122.680570000	35.5		
T	45.603710000	-122.680600000	36.4		
T	45.603690000	-122.680540000	36.9		
T	45.603580000	-122.680360000	39.1		
T	45.603570000	-122.680360000	39.5		
T	45.603540000	-122.680340000	40.7		
T	45.603430000	-122.680190000	42.8		
T	45.603390000	-122.680050000	42.1		
T	45.603380000	-122.679960000	41.1		
T	45.603370000	-122.679950000	41.2		
T	45.603320000	-122.679260000	34.2		
T	45.603310000	-122.678160000	29.6		
T	45.603040000	-122.675920000	27.4		
T	45.602940000	-122.675930000	28.1		
T	45.602310000	-122.671890000	27.0		
T	45.601860000	-122.669670000	21.7		
T	45.601060000	-122.664870000	27.5		
T	45.600960000	-122.664480000	27.5		
T	45.600750000	-122.663900000	27.7		
T	45.600380000	-122.663100000	27.4		
T	45.599550000	-122.660600000	25.2		
T	45.599450000	-122.660070000	24.3		
T	45.599420000	-122.659750000	23.5		
T	45.599430000	-122.659290000	22.1		
T	45.599540000	-122.658740000	20.3		
T	45.600650000	-122.655690000	33.2		
T	45.600750000	-122.655280000	35.1		
T	45.600800000	-122.654420000	36.4		
T	45.600380000	-122.651640000	34.2		
T	45.600250000	-122.648350000	35.2		
T	45.600360000	-122.643010000	37.3		
T	45.600580000	-122.641040000	40.2		
T	45.600610000	-122.639860000	41.5		
T	45.600440000	-122.635560000	41.1		
T	45.600360000	-122.630060000	41.2		
T	45.600580000	-122.624010000	42.5		
T	45.600010000	-122.620830000	41.7		
T	45.599750000	-122.617130000	39.2		
T	45.599810000	-122.617140000	39.7		
T	45.599900000	-122.617100000	40.0		
T	45.599920000	-122.617070000	40.0		
T	45.599880000	-122.616360000	42.0		
T	45.599920000	-122.615910000	41.8		
T	45.599760000	-122.612800000	43.4		
T	45.599530000	-122.610640000	42.0		
T	45.599500000	-122.609950000	42.5		
T	45.599490000	-122.609910000	43.1		
T	45.599330000	-122.606850000	42.0		
T	45.599320000	-122.606840000	42.7		
T	45.599290000	-122.606330000	41.7		
T	45.598450000	-122.599540000	41.6		
T	45.598330000	-122.598990000	41.9		
T	45.597630000	-122.596530000	41.3		
T	45.595960000	-122.592110000	41.8		
T	45.595950000	-122.592100000	41.6		
T	45.594850000	-122.589280000	42.8		
T	45.594400000	-122.587620000	36.6		
T	45.591780000	-122.581190000	35.5		
T	45.590250000	-122.577110000	31.6		
T	45.588040000	-122.571750000	30.3		
T	45.582140000	-122.560520000	30.9		
T	45.581020000	-122.558900000	30.4		
T	45.580670000	-122.558270000	29.8		
T	45.580070000	-122.557010000	31.0		
T	45.579200000	-122.555480000	32.5		
T	45.577510000	-122.552870000	33.1		
T	45.577480000	-122.552840000	32.9		
T	45.576620000	-122.551360000	28.6		
T	45.576440000	-122.551150000	30.0		
T	45.576430000	-122.551150000	30.3		
T	45.576270000	-122.550970000	34.5		
T	45.575990000	-122.550720000	44.6		
T	45.575980000	-122.550720000	44.8		
T	45.575670000	-122.550370000	45.3		
T	45.574460000	-122.548510000	30.7		
T	45.573770000	-122.547220000	29.6		
T	45.573770000	-122.547210000	29.5		
T	45.573680000	-122.547040000	31.7		
T	45.573680000	-122.547030000	31.6		
T	45.573560000	-122.546770000	33.8		
T	45.573550000	-122.546760000	34.3		
T	45.573550000	-122.546740000	34.3		
T	45.573500000	-122.546650000	35.4		
T	45.573500000	-122.546640000	35.3		
T	45.573200000	-122.545980000	43.4		
T	45.573200000	-122.545940000	43.7		
T	45.573240000	-122.545800000	44.8		
T	45.573240000	-122.545740000	45.2		
T	45.573210000	-122.545660000	45.5		
T	45.573170000	-122.545630000	45.9		
T	45.573120000	-122.545630000	46.3		
T	45.573030000	-122.545540000	47.1		
T	45.572990000	-122.545530000	47.6		
T	45.572920000	-122.545530000	48.1		
T	45.570850000	-122.540580000	45.1		
T	45.568920000	-122.534860000	45.1		
T	45.568900000	-122.534830000	44.7		
T	45.567940000	-122.532430000	45.2		
T	45.566920000	-122.529540000	46.0		
T	45.566000000	-122.526590000	46.8		
T	45.565390000	-122.523210000	45.1		
T	45.564910000	-122.518930000	46.1		
T	45.564870000	-122.518180000	46.6		
T	45.564910000	-122.518150000	45.7		
T	45.564940000	-122.518140000	45.2		
T	45.564950000	-122.518130000	45.2		
T	45.564970000	-122.518080000	43.4		
T	45.564960000	-122.517190000	34.8		
T	45.564890000	-122.516520000	31.9		
T	45.564880000	-122.516510000	32.1		
T	45.564460000	-122.514400000	37.2		
T	45.564020000	-122.512890000	33.4		
T	45.563270000	-122.509690000	34.6		
T	45.562210000	-122.504520000	33.9		
T	45.561970000	-122.503020000	33.3		
T	45.561690000	-122.500480000	35.5		
T	45.561390000	-122.498470000	35.0		
T	45.560910000	-122.493400000	32.2		
T	45.559660000	-122.482740000	34.3		
T	45.559520000	-122.482140000	33.6		
T	45.559260000	-122.481300000	42.0		
T	45.559220000	-122.481230000	43.8		
T	45.559200000	-122.481210000	44.2		
T	45.559150000	-122.481210000	45.8		
T	45.559120000	-122.481230000	46.8		
T	45.558680000	-122.479640000	48.0		
T	45.558590000	-122.479020000	47.8		
T	45.558580000	-122.478320000	47.7		
T	45.558880000	-122.470720000	46.5		
T	45.558790000	-122.469570000	46.9		
T	45.558740000	-122.469260000	47.5		
T	45.558640000	-122.468880000	47.6		
T	45.558130000	-122.467610000	48.0		
T	45.558040000	-122.467230000	48.0		
T	45.557980000	-122.466670000	47.7		
T	45.558000000	-122.462460000	48.7		
T	45.557940000	-122.462030000	48.6		
T	45.557630000	-122.460650000	48.6		
T	45.557580000	-122.460250000	48.6		
T	45.557570000	-122.459910000	47.9		
T	45.557500000	-122.459900000	49.1		
T	45.557480000	-122.459630000	41.8		
T	45.557370000	-122.459310000	37.1		
T	45.557500000	-122.457640000	30.8		
T	45.557730000	-122.456190000	28.2		
T	45.557810000	-122.454710000	25.5		
T	45.557840000	-122.454610000	25.1		
T	45.557840000	-122.454570000	25.0		
T	45.557850000	-122.454550000	24.9		
T	45.557860000	-122.454400000	25.6		
T	45.557820000	-122.454180000	25.6		
T	45.557940000	-122.453540000	29.2		
T	45.557960000	-122.453240000	28.0		
T	45.558080000	-122.452830000	26.9		
T	45.558250000	-122.451450000	28.8		
T	45.558250000	-122.451250000	29.7		
T	45.558220000	-122.451130000	30.3		
T	45.558250000	-122.450720000	31.8		
T	45.558350000	-122.450220000	31.5		
T	45.558250000	-122.449070000	29.9		
T	45.558190000	-122.448870000	31.2		
T	45.558180000	-122.448770000	30.9		
T	45.558190000	-122.448700000	30.8		
T	45.558240000	-122.448630000	31.9		
T	45.558270000	-122.448610000	32.6		
T	45.558410000	-122.448600000	31.0		
T	45.558520000	-122.448540000	30.0		
T	45.558570000	-122.448490000	29.6		
T	45.558630000	-122.448350000	29.3		
T	45.558820000	-122.447270000	31.1		
T	45.558830000	-122.447250000	31.3		
T	45.558880000	-122.446410000	31.7		
T	45.558830000	-122.445460000	34.2		
T	45.558280000	-122.441950000	40.9		
T	45.558270000	-122.441940000	40.7		
T	45.558030000	-122.440260000	34.1		
T	45.558040000	-122.439640000	31.5		
T	45.557970000	-122.439180000	29.5		
T	45.557960000	-122.439170000	29.4		
T	45.557900000	-122.438740000	28.5		
T	45.557820000	-122.438400000	28.2		
T	45.557650000	-122.437900000	29.5		
T	45.557630000	-122.437710000	30.8		
T	45.557660000	-122.437490000	32.4		
T	45.557620000	-122.437220000	34.3		
T	45.557550000	-122.436970000	36.0		
T	45.557510000	-122.436720000	37.6		
T	45.557500000	-122.436700000	37.7		
T	45.556840000	-122.432870000	43.1		
T	45.556730000	-122.432770000	41.1		
T	45.556700000	-122.432690000	39.7		
T	45.556140000	-122.429360000	23.5		
T	45.555850000	-122.428190000	26.6		
T	45.555540000	-122.427440000	26.1		
T	45.554970000	-122.426320000	25.8		
T	45.554520000	-122.425770000	24.9		
T	45.551200000	-122.420850000	26.2		
T	45.548860000	-122.417570000	30.9		
T	45.548600000	-122.417130000	31.3		
T	45.548290000	-122.416410000	31.4		
T	45.547990000	-122.415370000	31.0		
T	45.547900000	-122.414870000	31.9		
T	45.547820000	-122.414050000	32.6		
T	45.547810000	-122.412920000	30.6		
T	45.547840000	-122.412800000	31.2		
T	45.547870000	-122.412780000	31.3		
T	45.547930000	-122.412780000	31.4		
T	45.547900000	-122.404920000	35.8		
T	45.547800000	-122.403940000	36.5		
T	45.547580000	-122.403090000	37.4		
T	45.547260000	-122.402350000	37.7		
T	45.547020000	-122.401940000	38.6		
T	45.546580000	-122.401390000	39.1		
T	45.546120000	-122.400970000	38.6		
T	45.545970000	-122.400990000	36.5		
T	45.545720000	-122.400840000	35.7		
T	45.545290000	-122.400650000	34.3		
T	45.544130000	-122.400490000	37.5		
T	45.544160000	-122.400370000	36.9		
T	45.544340000	-122.398700000	35.3		
T	45.544550000	-122.394570000	39.0		
T	45.544420000	-122.391340000	39.3		
T	45.544380000	-122.391260000	39.4		
T	45.544380000	-122.391200000	39.3		
T	45.544370000	-122.391180000	39.3		
T	45.544370000	-122.391130000	39.2		
T	45.544340000	-122.391000000	38.7		
T	45.544290000	-122.390900000	38.5		
T	45.544270000	-122.390880000	38.8		
T	45.544260000	-122.390850000	39.0		
T	45.544230000	-122.390810000	39.5		
T	45.544120000	-122.390720000	41.3		
T	45.544090000	-122.390710000	41.7		
T	45.544080000	-122.390700000	41.9		
T	45.544070000	-122.390700000	42.0		
T	45.544050000	-122.390690000	42.4		
T	45.540760000	-122.390670000	85.2		
T	45.540740000	-122.384670000	61.3		
T	45.540720000	-122.384530000	59.3		
T	45.540670000	-122.384360000	56.6		
T	45.540600000	-122.384250000	54.4		
T	45.540500000	-122.384160000	52.4		
T	45.539790000	-122.383850000	40.5		
T	45.539570000	-122.383690000	39.0		
T	45.537230000	-122.380960000	40.8		
T	45.537160000	-122.380840000	40.6		
T	45.537130000	-122.380740000	40.3		
T	45.537110000	-122.380450000	40.1		
T	45.537140000	-122.380220000	40.2		
T	45.538770000	-122.375750000	58.2		
T	45.538490000	-122.375210000	59.0		
T	45.538330000	-122.374990000	59.7		
T	45.538160000	-122.374820000	60.4		
T	45.537850000	-122.374570000	61.5		
T	45.537840000	-122.374570000	61.3		
T	45.537400000	-122.374190000	61.2		
T	45.537180000	-122.373930000	59.8		
T	45.537070000	-122.373760000	59.6		
T	45.536740000	-122.373090000	56.7		
T	45.536500000	-122.372750000	56.0		
T	45.535650000	-122.371880000	58.5		
T	45.535200000	-122.371520000	59.9		
T	45.534640000	-122.371190000	62.1		
T	45.534500000	-122.371160000	62.3		
T	45.534490000	-122.371150000	62.4		
T	45.534330000	-122.371140000	62.5		
T	45.534160000	-122.371170000	63.0		
T	45.533880000	-122.371310000	64.4		
T	45.533380000	-122.371670000	64.2		
T	45.533170000	-122.371780000	64.4		
T	45.533030000	-122.371830000	63.7		
T	45.532710000	-122.371900000	63.1		
T	45.532310000	-122.371920000	62.3		
T	45.531980000	-122.371890000	61.9		
T	45.529920000	-122.371270000	55.4		
T	45.529930000	-122.371150000	55.8		
T	45.529550000	-122.370000000	66.6		
T	45.529430000	-122.369770000	72.0		
T	45.528710000	-122.368780000	106.3		
T	45.528600000	-122.368700000	111.4		
T	45.528500000	-122.368670000	114.3		
T	45.528030000	-122.368630000	133.5		
T	45.526080000	-122.368300000	204.4		
T	45.525930000	-122.368250000	209.3		
T	45.525750000	-122.368160000	214.6		
T	45.525440000	-122.367930000	222.7		
T	45.525170000	-122.367690000	230.0		
T	45.524970000	-122.367560000	233.7		
T	45.524780000	-122.367470000	239.3		
T	45.523960000	-122.367310000	262.3		
T	45.523790000	-122.367220000	266.6		
T	45.523580000	-122.367010000	276.0		
T	45.523470000	-122.366820000	280.2		
T	45.523210000	-122.365930000	300.5		
T	45.523210000	-122.365320000	313.4		
T	45.523180000	-122.365070000	318.6		
T	45.523120000	-122.364860000	324.8		
T	45.522710000	-122.363850000	353.5		
T	45.522650000	-122.363480000	362.4		
T	45.522620000	-122.362660000	377.2		
T	45.522700000	-122.352240000	494.8		
T	45.526310000	-122.352210000	526.2		
T	45.526280000	-122.342800000	633.5		
T	45.526300000	-122.342640000	634.9		
T	45.526270000	-122.342470000	634.4		
T	45.526280000	-122.342090000	631.3		
T	45.526670000	-122.339980000	603.7		
T	45.526770000	-122.339630000	598.5		
T	45.526920000	-122.338900000	596.9		
T	45.526940000	-122.338620000	597.8		
T	45.526910000	-122.338300000	600.1		
T	45.526780000	-122.337940000	598.2		
T	45.526780000	-122.337920000	598.8		
T	45.526770000	-122.337910000	598.3		
T	45.526680000	-122.337690000	596.7		
T	45.526610000	-122.337430000	594.7		
T	45.526590000	-122.337220000	593.8		
T	45.526600000	-122.336940000	591.3		
T	45.526710000	-122.336450000	590.4		
T	45.526860000	-122.336000000	587.2		
T	45.526870000	-122.335990000	587.6		
T	45.526950000	-122.335780000	585.7		
T	45.526960000	-122.335770000	586.1		
T	45.527050000	-122.335560000	583.1		
T	45.527050000	-122.335550000	582.7		
T	45.527170000	-122.335280000	582.5		
T	45.527190000	-122.335110000	582.1		
T	45.527180000	-122.334950000	581.2		
T	45.527040000	-122.334360000	579.5		
T	45.527030000	-122.334200000	578.7		
T	45.527050000	-122.333840000	579.0		
T	45.527060000	-122.333820000	579.3		
T	45.527100000	-122.333570000	580.9		
T	45.527220000	-122.333140000	578.7		
T	45.527220000	-122.333120000	577.9		
T	45.527230000	-122.333110000	577.9		
T	45.527460000	-122.331870000	571.9		
T	45.527520000	-122.331300000	566.7		
T	45.527530000	-122.330910000	564.7		
T	45.527520000	-122.330850000	564.3		
T	45.527520000	-122.329970000	554.2		
T	45.527860000	-122.326660000	539.8		
T	45.527840000	-122.322320000	571.2		
T	45.527930000	-122.321500000	592.2		
T	45.527940000	-122.321490000	592.2		
T	45.528130000	-122.320130000	626.7		
T	45.528140000	-122.320110000	627.4		
T	45.528250000	-122.319550000	638.2		
T	45.528240000	-122.319410000	636.4		
T	45.528210000	-122.319290000	633.9		
T	45.528200000	-122.319280000	633.4		
T	45.528070000	-122.318880000	623.1		
T	45.528040000	-122.318670000	616.7		
T	45.528040000	-122.312220000	666.4		
T	45.528030000	-122.312170000	666.7		
T	45.528030000	-122.311440000	663.8		
T	45.527970000	-122.311150000	661.3		
T	45.527920000	-122.311030000	657.3		
T	45.526780000	-122.309410000	626.6		
T	45.526590000	-122.309060000	624.4		
T	45.526600000	-122.308460000	626.9		
T	45.526860000	-122.306700000	630.2		
T	45.527110000	-122.305610000	634.4		
T	45.527420000	-122.304770000	635.1		
T	45.529170000	-122.301310000	648.1		
T	45.529380000	-122.300610000	656.0		
T	45.530500000	-122.296010000	667.1		
T	45.532470000	-122.289000000	678.3		
T	45.532540000	-122.288520000	680.4		
T	45.532530000	-122.288100000	679.5		
T	45.532070000	-122.283830000	678.8		
T	45.532010000	-122.283490000	680.1		
T	45.531920000	-122.283190000	679.7		
T	45.531890000	-122.283140000	679.4		
T	45.531880000	-122.283100000	679.3		
T	45.531240000	-122.282180000	676.9		
T	45.531230000	-122.282180000	676.9		
T	45.530410000	-122.281050000	692.0		
T	45.530300000	-122.280820000	697.8		
T	45.530240000	-122.280610000	701.2		
T	45.529770000	-122.277910000	739.4		
T	45.529740000	-122.277570000	745.2		
T	45.529790000	-122.275240000	775.2		
T	45.529870000	-122.274900000	780.6		
T	45.530310000	-122.273940000	793.0		
T	45.530390000	-122.273670000	796.5		
T	45.530620000	-122.272100000	815.6		
T	45.530710000	-122.271880000	819.8		
T	45.532340000	-122.268780000	825.7		
T	45.532470000	-122.268580000	826.4		
T	45.532550000	-122.268410000	827.4		
T	45.533290000	-122.265700000	830.7		
T	45.533290000	-122.265550000	831.7		
T	45.533280000	-122.265540000	831.8		
T	45.533260000	-122.260810000	862.7		
T	45.533220000	-122.260580000	865.0		
T	45.533130000	-122.260290000	867.3		
T	45.533010000	-122.260020000	869.0		
T	45.532110000	-122.258500000	869.8		
T	45.531890000	-122.257900000	873.8		
T	45.531790000	-122.257490000	882.4		
T	45.531390000	-122.255170000	897.7		
T	45.531360000	-122.254770000	896.7		
T	45.531370000	-122.254380000	895.5		
T	45.532080000	-122.250870000	892.9		
T	45.532090000	-122.250860000	892.0		
T	45.532110000	-122.250780000	894.2		
T	45.532120000	-122.250770000	893.9		
T	45.532210000	-122.250550000	902.5		
T	45.532450000	-122.250130000	909.5		
T	45.532650000	-122.249840000	914.5		
T	45.532830000	-122.249630000	916.7		
T	45.532950000	-122.249520000	916.9		
T	45.532990000	-122.249500000	916.1		
T	45.533030000	-122.249460000	916.7		
T	45.533090000	-122.249430000	916.4		
T	45.533110000	-122.249410000	916.9		
T	45.533150000	-122.249390000	916.4		
T	45.533170000	-122.249370000	916.7		
T	45.533250000	-122.249330000	916.3		
T	45.533270000	-122.249310000	916.9		
T	45.533320000	-122.249300000	915.8		
T	45.533500000	-122.249220000	914.8		
T	45.533670000	-122.249170000	913.0		
T	45.533900000	-122.249060000	916.3		
T	45.534310000	-122.248910000	919.2		
T	45.534450000	-122.248840000	922.0		
T	45.535380000	-122.248690000	866.2		
T	45.535470000	-122.248650000	863.5		
T	45.535560000	-122.248560000	862.3		
T	45.535630000	-122.248460000	862.8		
T	45.535700000	-122.248290000	865.9		
T	45.535700000	-122.248270000	867.3		
T	45.535810000	-122.248060000	869.6		
T	45.536200000	-122.247650000	853.5		
T	45.536460000	-122.247450000	854.7		
T	45.536690000	-122.247360000	837.4		
T	45.536850000	-122.247360000	821.3		
T	45.537250000	-122.247440000	820.2		
T	45.537380000	-122.247430000	816.9		
T	45.537450000	-122.247400000	816.7		
T	45.537610000	-122.247250000	809.8		
T	45.538180000	-122.246530000	781.5		
T	45.538250000	-122.246350000	778.2		
T	45.538250000	-122.245600000	766.6		
T	45.538280000	-122.245370000	763.1		
T	45.538340000	-122.245170000	759.4		
T	45.538470000	-122.244900000	754.2		
T	45.538560000	-122.244760000	751.7		
T	45.538730000	-122.244590000	747.8		
T	45.538740000	-122.244570000	747.5		
T	45.538830000	-122.244490000	745.6		
T	45.538870000	-122.244470000	744.7		
T	45.538880000	-122.244470000	744.5		
T	45.538890000	-122.244460000	744.3		
T	45.538900000	-122.244460000	744.1		
T	45.538930000	-122.244440000	743.6		
T	45.538950000	-122.244440000	743.3		
T	45.538990000	-122.244420000	742.8		
T	45.539020000	-122.244420000	742.3		
T	45.539040000	-122.244410000	741.9		
T	45.539200000	-122.244420000	738.9		
T	45.539280000	-122.244460000	737.8		
T	45.539430000	-122.244590000	735.8		
T	45.539510000	-122.244620000	736.1		
T	45.539610000	-122.244620000	736.8		
T	45.539660000	-122.244600000	736.8		
T	45.539740000	-122.244540000	734.7		
T	45.539860000	-122.244360000	724.0		
T	45.539900000	-122.244150000	718.7		
T	45.539890000	-122.244040000	713.3		
T	45.539870000	-122.243980000	709.2		
T	45.539850000	-122.243960000	708.8		
T	45.539840000	-122.243930000	706.8		
T	45.539780000	-122.243870000	705.8		
T	45.539740000	-122.243850000	706.1		
T	45.539670000	-122.243850000	710.0		
T	45.539460000	-122.243930000	713.2		
T	45.538580000	-122.244030000	702.2		
T	45.538470000	-122.244010000	701.4		
T	45.538400000	-122.243950000	701.6		
T	45.538350000	-122.243870000	699.4		
T	45.538320000	-122.243780000	698.7		
T	45.538310000	-122.243590000	696.0		
T	45.538330000	-122.243480000	695.8		
T	45.538360000	-122.243420000	696.1		
T	45.538420000	-122.243360000	694.0		
T	45.538660000	-122.243220000	690.0		
T	45.538720000	-122.243170000	690.2		
T	45.538830000	-122.243010000	688.9		
T	45.538870000	-122.242920000	687.7		
T	45.538910000	-122.242770000	687.4		
T	45.538930000	-122.242240000	679.2		
T	45.538970000	-122.242080000	670.0		
T	45.539140000	-122.241790000	672.5		
T	45.539190000	-122.241670000	672.2		
T	45.539230000	-122.241480000	670.8		
T	45.539220000	-122.241290000	664.7		
T	45.539210000	-122.241260000	664.0		
T	45.539210000	-122.241230000	663.7		
T	45.539160000	-122.241060000	660.1		
T	45.539030000	-122.240830000	657.1		
T	45.538950000	-122.240750000	655.1		
T	45.538890000	-122.240720000	655.7		
T	45.538430000	-122.240640000	647.6		
T	45.538410000	-122.240630000	647.1		
T	45.538110000	-122.240580000	640.1		
T	45.537970000	-122.240490000	637.1		
T	45.537850000	-122.240340000	633.5		
T	45.537790000	-122.240180000	631.3		
T	45.537770000	-122.240020000	627.9		
T	45.537800000	-122.239430000	624.4		
T	45.537770000	-122.239210000	619.6		
T	45.537670000	-122.239000000	616.9		
T	45.537640000	-122.238980000	614.9		
T	45.537610000	-122.238940000	613.8		
T	45.537420000	-122.238870000	610.1		
T	45.537310000	-122.238880000	608.4		
T	45.537240000	-122.238900000	606.9		
T	45.536840000	-122.239200000	607.3		
T	45.536710000	-122.239250000	604.7		
T	45.536610000	-122.239240000	597.2		
T	45.536350000	-122.239120000	586.1		
T	45.536170000	-122.238990000	589.3		
T	45.535720000	-122.238460000	588.4		
T	45.535320000	-122.237920000	582.6		
T	45.535260000	-122.237860000	578.1		
T	45.535190000	-122.237740000	574.5		
T	45.535100000	-122.237690000	574.9		
T	45.535000000	-122.237660000	575.9		
T	45.534960000	-122.237660000	577.2		
T	45.534820000	-122.237630000	579.3		
T	45.534690000	-122.237560000	568.9		
T	45.534660000	-122.237530000	563.6		
T	45.534640000	-122.237520000	562.2		
T	45.534500000	-122.237330000	551.1		
T	45.534440000	-122.237220000	548.7		
T	45.534110000	-122.236790000	546.7		
T	45.534030000	-122.236620000	545.1		
T	45.533660000	-122.235510000	538.5		
T	45.533550000	-122.235340000	536.1		
T	45.533500000	-122.235290000	536.2		
T	45.532900000	-122.234930000	538.5		
T	45.532840000	-122.234850000	538.1		
T	45.532790000	-122.234750000	539.4		
T	45.532770000	-122.234650000	539.6		
T	45.532780000	-122.234520000	536.5		
T	45.532830000	-122.234420000	532.1		
T	45.532840000	-122.234380000	532.1		
T	45.532930000	-122.234290000	532.5		
T	45.533020000	-122.234230000	533.0		
T	45.533320000	-122.234140000	521.4		
T	45.533490000	-122.234060000	515.4		
T	45.533650000	-122.233950000	513.2		
T	45.533720000	-122.233870000	513.1		
T	45.533890000	-122.233550000	509.7		
T	45.534050000	-122.233170000	514.3		
T	45.534120000	-122.232880000	510.6		
T	45.534160000	-122.232500000	482.5		
T	45.533960000	-122.230330000	456.3		
T	45.533970000	-122.230070000	448.1		
T	45.534040000	-122.229940000	442.9		
T	45.534090000	-122.229910000	440.7		
T	45.534200000	-122.229900000	436.3		
T	45.534270000	-122.229920000	433.8		
T	45.534320000	-122.229950000	432.1		
T	45.534370000	-122.230000000	431.2		
T	45.534450000	-122.230170000	429.9		
T	45.534470000	-122.230690000	431.1		
T	45.534450000	-122.230870000	431.7		
T	45.534460000	-122.231080000	430.5		
T	45.534480000	-122.231150000	428.1		
T	45.534540000	-122.231270000	425.9		
T	45.534580000	-122.231310000	424.6		
T	45.534710000	-122.231360000	420.8		
T	45.534730000	-122.231360000	420.3		
T	45.534840000	-122.231300000	417.5		
T	45.534880000	-122.231250000	415.6		
T	45.534930000	-122.231130000	415.6		
T	45.534940000	-122.231060000	414.4		
T	45.534930000	-122.230840000	413.7		
T	45.534780000	-122.230450000	412.2		
T	45.534760000	-122.230220000	404.9		
T	45.534780000	-122.230120000	403.4		
T	45.534800000	-122.230090000	403.3		
T	45.534810000	-122.230050000	402.9		
T	45.534820000	-122.230040000	402.1		
T	45.534830000	-122.230010000	401.4		
T	45.534860000	-122.229970000	399.9		
T	45.534940000	-122.229910000	398.0		
T	45.535020000	-122.229900000	396.9		
T	45.535060000	-122.229910000	396.3		
T	45.535150000	-122.229980000	395.6		
T	45.535230000	-122.230110000	397.3		
T	45.535240000	-122.230150000	399.6		
T	45.535250000	-122.230150000	398.8		
T	45.535280000	-122.230330000	401.4		
T	45.535260000	-122.231680000	380.8		
T	45.535290000	-122.231960000	374.4		
T	45.535430000	-122.232490000	371.0		
T	45.535570000	-122.232840000	363.3		
T	45.535680000	-122.232920000	359.0		
T	45.535760000	-122.232930000	356.5		
T	45.535830000	-122.232900000	354.2		
T	45.535940000	-122.232760000	350.1		
T	45.535960000	-122.232700000	348.7		
T	45.535970000	-122.232590000	346.9		
T	45.535960000	-122.232570000	346.8		
T	45.535960000	-122.232500000	345.8		
T	45.535850000	-122.232080000	340.3		
T	45.535810000	-122.231740000	334.2		
T	45.535840000	-122.230550000	325.2		
T	45.535900000	-122.230280000	313.5		
T	45.536000000	-122.230020000	309.3		
T	45.536000000	-122.230000000	309.5		
T	45.536220000	-122.229620000	304.4		
T	45.536350000	-122.229450000	301.3		
T	45.536350000	-122.229440000	301.2		
T	45.536420000	-122.229340000	300.8		
T	45.536550000	-122.229090000	294.1		
T	45.536990000	-122.227930000	278.2		
T	45.537010000	-122.227900000	277.7		
T	45.537010000	-122.227880000	278.4		
T	45.537200000	-122.227260000	266.9		
T	45.537200000	-122.227240000	267.6		
T	45.537370000	-122.226810000	260.7		
T	45.537380000	-122.226760000	261.1		
T	45.537630000	-122.226130000	252.4		
T	45.537680000	-122.225860000	248.2		
T	45.537680000	-122.225750000	246.9		
T	45.537590000	-122.225090000	239.0		
T	45.537590000	-122.224980000	237.6		
T	45.537610000	-122.224850000	235.9		
T	45.537700000	-122.224680000	232.2		
T	45.538050000	-122.224300000	224.7		
T	45.538050000	-122.224290000	225.3		
T	45.538180000	-122.224060000	222.0		
T	45.538460000	-122.223160000	209.6		
T	45.538590000	-122.221340000	185.1		
T	45.538620000	-122.221200000	186.6		
T	45.538620000	-122.221140000	187.3		
T	45.538650000	-122.220980000	180.9		
T	45.538660000	-122.220660000	177.2		
T	45.538620000	-122.220360000	178.8		
T	45.538540000	-122.220020000	170.1		
T	45.538540000	-122.219990000	169.6		
T	45.538530000	-122.219960000	170.5		
T	45.538520000	-122.219670000	164.1		
T	45.538540000	-122.219470000	161.9		
T	45.539060000	-122.217170000	166.7		
T	45.540310000	-122.213290000	162.2		
T	45.540310000	-122.213270000	162.1		
T	45.540610000	-122.212340000	150.9		
T	45.540880000	-122.211660000	137.2		
T	45.541040000	-122.211350000	134.8		
T	45.541210000	-122.211090000	133.5		
T	45.541240000	-122.211020000	132.1		
T	45.541270000	-122.210870000	128.5		
T	45.541270000	-122.210820000	128.1		
T	45.541280000	-122.210790000	127.9		
T	45.541280000	-122.210630000	127.3		
T	45.541080000	-122.209310000	122.4		
T	45.541040000	-122.208690000	124.2		
T	45.541050000	-122.208100000	127.2		
T	45.541160000	-122.207080000	125.7		
T	45.541290000	-122.206340000	131.6		
T	45.541540000	-122.205670000	138.5		
T	45.541540000	-122.205650000	139.7		
T	45.541650000	-122.205440000	139.9		
T	45.541650000	-122.205430000	140.0		
T	45.541780000	-122.205190000	146.4		
T	45.541780000	-122.205180000	146.8		
T	45.542380000	-122.204050000	155.5		
T	45.542750000	-122.203510000	156.3		
T	45.543040000	-122.203160000	153.7		
T	45.543070000	-122.203140000	153.0		
T	45.543500000	-122.202580000	151.7		
T	45.543510000	-122.202550000	152.7		
T	45.543890000	-122.202040000	150.8		
T	45.544350000	-122.201200000	149.2		
T	45.544740000	-122.200210000	156.2		
T	45.545010000	-122.199810000	157.0		
T	45.545010000	-122.199800000	157.5		
T	45.545390000	-122.199180000	153.8		
T	45.545860000	-122.198560000	167.6		
T	45.545990000	-122.198470000	169.0		
T	45.546110000	-122.198420000	177.4		
T	45.546190000	-122.198370000	174.1		
T	45.546230000	-122.198330000	177.0		
T	45.546350000	-122.198060000	174.7		
T	45.546350000	-122.198050000	175.4		
T	45.546390000	-122.197980000	181.8		
T	45.546470000	-122.197890000	172.0		
T	45.546870000	-122.197540000	173.5		
T	45.546970000	-122.197410000	175.4		
T	45.546990000	-122.197360000	175.2		
T	45.547200000	-122.197050000	173.0		
T	45.547230000	-122.197030000	172.1		
T	45.547370000	-122.197000000	172.6		
T	45.547540000	-122.197000000	172.7		
T	45.547690000	-122.196930000	173.0		
T	45.547880000	-122.196620000	169.7		
T	45.548040000	-122.196290000	164.1		
T	45.548160000	-122.195860000	146.8		
T	45.548700000	-122.194640000	138.7		
T	45.548750000	-122.194470000	139.3		
T	45.548820000	-122.193930000	138.3		
T	45.549070000	-122.192730000	134.5		
T	45.549070000	-122.192660000	136.2		
T	45.549190000	-122.192210000	135.7		
T	45.549600000	-122.191260000	136.0		
T	45.549770000	-122.190770000	134.1		
T	45.550030000	-122.189650000	120.6		
T	45.550040000	-122.189640000	120.6		
T	45.550090000	-122.189500000	119.0		
T	45.550310000	-122.189130000	120.8		
T	45.550340000	-122.189100000	120.4		
T	45.551630000	-122.187190000	139.3		
T	45.551630000	-122.187180000	139.4		
T	45.552410000	-122.185560000	159.3		
T	45.552690000	-122.184820000	168.9		
T	45.552900000	-122.184080000	175.4		
T	45.552900000	-122.184050000	175.6		
T	45.553220000	-122.182850000	185.3		
T	45.553350000	-122.182490000	190.4		
T	45.553470000	-122.182270000	194.2		
T	45.553750000	-122.181590000	204.4		
T	45.553910000	-122.181080000	210.6		
T	45.553910000	-122.181060000	211.5		
T	45.553920000	-122.181050000	211.8		
T	45.553940000	-122.180990000	212.9		
T	45.553940000	-122.180970000	213.3		
T	45.553960000	-122.180930000	213.7		
T	45.553980000	-122.180840000	215.1		
T	45.553990000	-122.180830000	215.2		
T	45.554200000	-122.180230000	184.4		
T	45.554590000	-122.179430000	212.8		
T	45.554660000	-122.179350000	213.4		
T	45.554700000	-122.179330000	211.6		
T	45.554760000	-122.179280000	214.5		
T	45.554870000	-122.179280000	212.2		
T	45.555270000	-122.179350000	213.8		
T	45.555410000	-122.179320000	212.3		
T	45.555500000	-122.179270000	208.3		
T	45.555580000	-122.179190000	208.3		
T	45.555810000	-122.178830000	210.9		
T	45.555810000	-122.178820000	211.0		
T	45.555930000	-122.178610000	208.8		
T	45.555930000	-122.178600000	209.0		
T	45.556260000	-122.178020000	200.5		
T	45.556260000	-122.178010000	200.6		
T	45.556910000	-122.177020000	183.3		
T	45.557350000	-122.176450000	173.6		
T	45.557370000	-122.176440000	172.0		
T	45.557530000	-122.176220000	168.7		
T	45.558700000	-122.174850000	149.7		
T	45.559960000	-122.173090000	122.4		
T	45.560000000	-122.173060000	122.0		
T	45.560340000	-122.172660000	122.3		
T	45.560420000	-122.172520000	122.4		
T	45.560560000	-122.172140000	122.3		
T	45.560590000	-122.172090000	122.2		
T	45.560650000	-122.172040000	122.3		
T	45.560860000	-122.171970000	123.1		
T	45.560990000	-122.171900000	122.4		
T	45.561210000	-122.171680000	120.5		
T	45.561420000	-122.171210000	117.4		
T	45.562810000	-122.168950000	89.4		
T	45.562820000	-122.168920000	89.9		
T	45.562840000	-122.168900000	90.1		
T	45.563680000	-122.167560000	106.9		
T	45.564350000	-122.166370000	109.4		
T	45.566750000	-122.162530000	105.4		
T	45.567380000	-122.161790000	99.8		
T	45.567570000	-122.161500000	97.5		
T	45.567630000	-122.161370000	96.7		
T	45.567710000	-122.161120000	95.6		
T	45.567780000	-122.160580000	94.6		
T	45.567830000	-122.160440000	91.7		
T	45.567840000	-122.160360000	92.0		
T	45.567940000	-122.160030000	91.2		
T	45.568120000	-122.159730000	91.3		
T	45.568140000	-122.159710000	91.3		
T	45.568140000	-122.159700000	91.5		
T	45.568250000	-122.159560000	91.8		
T	45.569240000	-122.158640000	90.1		
T	45.569260000	-122.158630000	90.2		
T	45.569270000	-122.158610000	90.6		
T	45.569360000	-122.158510000	91.8		
T	45.569370000	-122.158510000	91.5		
T	45.569850000	-122.158090000	98.2		
T	45.569860000	-122.158070000	98.3		
T	45.569880000	-122.158060000	98.4		
T	45.570110000	-122.157830000	99.7		
T	45.570120000	-122.157830000	99.6		
T	45.570750000	-122.157210000	95.0		
T	45.570990000	-122.156930000	92.7		
T	45.571000000	-122.156930000	92.5		
T	45.571030000	-122.156880000	92.5		
T	45.571050000	-122.156870000	92.1		
T	45.571250000	-122.156540000	88.1		
T	45.571330000	-122.156240000	86.7		
T	45.571460000	-122.155520000	76.3		
T	45.571470000	-122.155500000	75.8		
T	45.571780000	-122.153810000	67.2		
T	45.571790000	-122.153790000	66.5		
T	45.572010000	-122.152590000	48.0		
T	45.572010000	-122.152540000	47.5		
T	45.572020000	-122.152530000	47.0		
T	45.572090000	-122.152120000	46.3		
T	45.572450000	-122.150770000	56.8		
T	45.573890000	-122.147530000	61.9		
T	45.573890000	-122.147520000	62.2		
T	45.574340000	-122.146540000	64.6		
T	45.574820000	-122.145310000	64.8		
T	45.574860000	-122.145150000	65.1		
T	45.574860000	-122.145110000	65.0		
T	45.574870000	-122.145110000	64.8		
T	45.574870000	-122.144680000	62.3		
T	45.574860000	-122.144640000	62.9		
T	45.574860000	-122.144560000	62.2		
T	45.574850000	-122.144530000	62.6		
T	45.574840000	-122.144050000	57.3		
T	45.574860000	-122.143880000	56.2		
T	45.574950000	-122.143620000	55.4		
T	45.574960000	-122.143620000	55.1		
T	45.575160000	-122.143110000	57.7		
T	45.575240000	-122.142960000	57.6		
T	45.575240000	-122.142910000	58.0		
T	45.575300000	-122.142720000	61.0		
T	45.575420000	-122.141920000	66.8		
T	45.575440000	-122.140760000	74.8		
T	45.575370000	-122.139140000	61.8		
T	45.575360000	-122.139120000	61.5		
T	45.575180000	-122.137310000	44.0		
T	45.575170000	-122.136590000	48.5		
T	45.575320000	-122.135310000	62.2		
T	45.575330000	-122.135290000	60.5		
T	45.575450000	-122.133800000	62.2		
T	45.575460000	-122.133800000	62.1		
T	45.575500000	-122.133290000	82.2		
T	45.575510000	-122.133290000	81.1		
T	45.575510000	-122.133270000	81.7		
T	45.575520000	-122.133250000	80.4		
T	45.575610000	-122.132240000	78.0		
T	45.575660000	-122.131960000	86.7		
T	45.575880000	-122.131300000	88.4		
T	45.575900000	-122.131070000	98.6		
T	45.575910000	-122.131040000	97.9		
T	45.575910000	-122.130810000	96.1		
T	45.575880000	-122.130600000	93.1		
T	45.575750000	-122.130090000	101.3		
T	45.575740000	-122.130080000	101.9		
T	45.575520000	-122.129390000	100.2		
T	45.575520000	-122.129370000	100.0		
T	45.575510000	-122.129350000	101.9		
T	45.575390000	-122.128780000	107.1		
T	45.575390000	-122.128180000	101.5		
T	45.575520000	-122.126980000	94.2		
T	45.575540000	-122.126930000	93.4		
T	45.575540000	-122.126900000	93.6		
T	45.575580000	-122.126760000	93.5		
T	45.575710000	-122.126450000	86.9		
T	45.575950000	-122.126070000	83.2		
T	45.576090000	-122.125790000	77.2		
T	45.576220000	-122.125370000	73.6		
T	45.576430000	-122.124140000	59.5		
T	45.576890000	-122.122190000	56.8		
T	45.576910000	-122.122150000	55.2		
T	45.577010000	-122.121770000	66.3		
T	45.577010000	-122.121740000	68.5		
T	45.577020000	-122.121720000	67.4		
T	45.577020000	-122.121700000	68.7		
T	45.577030000	-122.121690000	66.7		
T	45.577130000	-122.121210000	68.0		
T	45.577140000	-122.121190000	66.9		
T	45.577710000	-122.117370000	46.8		
T	45.578530000	-122.114610000	58.6		
T	45.578570000	-122.114390000	60.9		
T	45.578580000	-122.114370000	60.9		
T	45.579280000	-122.111080000	67.0		
T	45.579290000	-122.111060000	64.9		
T	45.579450000	-122.110090000	71.2		
T	45.579460000	-122.110070000	69.1		
T	45.579670000	-122.108790000	60.4		
T	45.579680000	-122.108770000	59.2		
T	45.579770000	-122.108340000	58.2		
T	45.579780000	-122.108320000	58.0		
T	45.579780000	-122.108290000	58.9		
T	45.579790000	-122.108280000	58.3		
T	45.579830000	-122.108100000	59.8		
T	45.579830000	-122.108060000	61.3		
T	45.579980000	-122.107340000	69.4		
T	45.579990000	-122.107330000	68.2		
T	45.580150000	-122.106580000	74.4		
T	45.580170000	-122.106360000	78.4		
T	45.580180000	-122.106330000	77.4		
T	45.580250000	-122.105580000	87.3		
T	45.580260000	-122.105560000	86.0		
T	45.580330000	-122.104920000	97.1		
T	45.580490000	-122.104350000	100.8		
T	45.580500000	-122.104340000	99.8		
T	45.580620000	-122.103870000	107.2		
T	45.580690000	-122.103370000	108.5		
T	45.580700000	-122.103360000	106.7		
T	45.580790000	-122.102700000	100.9		
T	45.580810000	-122.102640000	100.1		
T	45.580810000	-122.102600000	102.0		
T	45.580900000	-122.102370000	101.0		
T	45.580910000	-122.102360000	100.4		
T	45.581060000	-122.102040000	99.3		
T	45.581120000	-122.101960000	98.1		
T	45.581120000	-122.101950000	98.6		
T	45.581400000	-122.101450000	97.6		
T	45.581410000	-122.101390000	98.3		
T	45.581590000	-122.100910000	100.9		
T	45.581740000	-122.100270000	110.7		
T	45.581930000	-122.099730000	103.6		
T	45.581930000	-122.099710000	104.2		
T	45.582100000	-122.099280000	115.2		
T	45.582110000	-122.099270000	114.5		
T	45.582210000	-122.098930000	117.4		
T	45.582270000	-122.098420000	123.6		
T	45.582310000	-122.098290000	125.0		
T	45.582500000	-122.097880000	127.6		
T	45.582510000	-122.097870000	127.0		
T	45.582510000	-122.097860000	127.8		
T	45.582520000	-122.097850000	127.0		
T	45.582520000	-122.097830000	128.6		
T	45.582700000	-122.097420000	127.3		
T	45.582700000	-122.097390000	128.5		
T	45.582910000	-122.096690000	116.0		
T	45.582920000	-122.096680000	115.3		
T	45.582980000	-122.096480000	117.3		
T	45.582980000	-122.096460000	118.1		
T	45.582990000	-122.096450000	117.5		
T	45.583030000	-122.096280000	120.2		
T	45.583050000	-122.096240000	119.2		
T	45.583050000	-122.096210000	120.5		
T	45.583190000	-122.095750000	122.4		
T	45.583190000	-122.095730000	123.3		
T	45.583370000	-122.095140000	124.5		
T	45.583450000	-122.094550000	126.1		
T	45.583460000	-122.094530000	124.8		
T	45.583590000	-122.093520000	141.9		
T	45.583600000	-122.093500000	140.8		
T	45.583690000	-122.092770000	146.6		
T	45.584270000	-122.090860000	151.2		
T	45.584560000	-122.090290000	147.9		
T	45.584580000	-122.090270000	147.0		
T	45.584580000	-122.090260000	147.5		
T	45.584680000	-122.090110000	154.5		
T	45.584690000	-122.090080000	157.1		
T	45.584700000	-122.090080000	155.7		
T	45.585500000	-122.088660000	165.0		
T	45.585500000	-122.088650000	165.9		
T	45.585600000	-122.088480000	165.0		
T	45.585600000	-122.088470000	166.0		
T	45.585690000	-122.088250000	172.9		
T	45.585710000	-122.088230000	171.2		
T	45.585810000	-122.088050000	171.1		
T	45.585810000	-122.088040000	172.3		
T	45.586220000	-122.087220000	157.0		
T	45.586220000	-122.087210000	157.9		
T	45.586330000	-122.087000000	156.9		
T	45.586490000	-122.086550000	154.9		
T	45.586590000	-122.086350000	145.0		
T	45.586720000	-122.085860000	139.1		
T	45.586800000	-122.085380000	135.7		
T	45.586870000	-122.084610000	122.4		
T	45.586900000	-122.084500000	117.7		
T	45.586980000	-122.083640000	110.3		
T	45.586990000	-122.083610000	107.7		
T	45.586990000	-122.083560000	107.9		
T	45.587000000	-122.083550000	106.3		
T	45.587020000	-122.083420000	105.5		
T	45.587110000	-122.083200000	99.5		
T	45.587350000	-122.082800000	89.2		
T	45.587530000	-122.082130000	80.5		
T	45.587530000	-122.082100000	81.3		
T	45.587960000	-122.080420000	59.4		
T	45.587980000	-122.080380000	57.2		
T	45.587980000	-122.080350000	57.6		
T	45.588240000	-122.079390000	47.4		
T	45.588720000	-122.078270000	47.8		
T	45.588820000	-122.078100000	49.0		
T	45.588830000	-122.078060000	50.1		
T	45.589020000	-122.077680000	70.6		
T	45.589030000	-122.077680000	64.0		
T	45.589040000	-122.077640000	69.8		
T	45.589150000	-122.077410000	61.0		
T	45.589370000	-122.076730000	47.7		
T	45.589650000	-122.075620000	47.5		
T	45.589850000	-122.074590000	66.0		
T	45.589870000	-122.074370000	48.7		
T	45.589880000	-122.074340000	48.2		
T	45.589950000	-122.073300000	47.6		
T	45.590070000	-122.072310000	45.4		
T	45.590080000	-122.072290000	45.4		
T	45.590290000	-122.070440000	47.3		
T	45.590250000	-122.068570000	47.7		
T	45.590290000	-122.068180000	47.4		
T	45.590430000	-122.067650000	47.9		
T	45.590590000	-122.067300000	47.6		
T	45.590750000	-122.066830000	48.0		
T	45.590810000	-122.066570000	47.7		
T	45.591020000	-122.064960000	47.9		
T	45.590970000	-122.064080000	55.9		
T	45.590980000	-122.063940000	54.6		
T	45.590990000	-122.063930000	52.9		
T	45.591010000	-122.063700000	55.4		
T	45.591110000	-122.063300000	56.3		
T	45.592250000	-122.060000000	60.7		
T	45.592300000	-122.059800000	60.9		
T	45.592470000	-122.059350000	62.7		
T	45.593600000	-122.057560000	65.6		
T	45.593610000	-122.057560000	65.5		
T	45.593730000	-122.057380000	65.8		
T	45.593730000	-122.057360000	66.5		
T	45.593750000	-122.057350000	66.6		
T	45.593760000	-122.057320000	66.1		
T	45.593850000	-122.057180000	66.2		
T	45.593880000	-122.057150000	65.5		
T	45.594580000	-122.056050000	70.2		
T	45.594580000	-122.056040000	70.3		
T	45.594700000	-122.055860000	69.5		
T	45.594700000	-122.055850000	69.6		
T	45.594710000	-122.055840000	69.4		
T	45.594970000	-122.055320000	69.5		
T	45.594970000	-122.055310000	69.6		
T	45.595190000	-122.054790000	68.8		
T	45.595420000	-122.054110000	69.4		
T	45.595420000	-122.054090000	69.4		
T	45.595440000	-122.054060000	68.5		
T	45.596180000	-122.051840000	74.9		
T	45.596350000	-122.051460000	74.3		
T	45.596610000	-122.051000000	73.4		
T	45.596440000	-122.050930000	76.6		
T	45.596430000	-122.050930000	76.9		
T	45.596260000	-122.050850000	86.4		
T	45.596160000	-122.050820000	91.4		
T	45.596110000	-122.050840000	93.1		
T	45.595620000	-122.052020000	98.5		
T	45.596110000	-122.050840000	93.1		
T	45.596160000	-122.050820000	91.4		
T	45.596260000	-122.050850000	86.4		
T	45.596430000	-122.050930000	76.9		
T	45.596440000	-122.050930000	76.6		
T	45.596610000	-122.051000000	73.4		
T	45.596700000	-122.050860000	73.4		
T	45.599430000	-122.048330000	75.6		
T	45.599430000	-122.048260000	75.1		
T	45.599650000	-122.047880000	74.5		
T	45.599890000	-122.047280000	74.8		
T	45.599940000	-122.047190000	74.4		
T	45.600380000	-122.044490000	82.9		
T	45.600580000	-122.043840000	85.0		
T	45.600810000	-122.043420000	84.2		
T	45.601050000	-122.043100000	84.0		
T	45.601220000	-122.042920000	84.3		
T	45.601600000	-122.042610000	84.3		
T	45.601570000	-122.042510000	84.7		
T	45.601560000	-122.042330000	85.6		
T	45.601590000	-122.042160000	84.7		
T	45.601620000	-122.042100000	84.5		
T	45.601760000	-122.041980000	84.8		
T	45.602320000	-122.041750000	87.4		
T	45.602430000	-122.041670000	87.8		
T	45.602650000	-122.041460000	88.6		
T	45.602770000	-122.041310000	88.4		
T	45.605350000	-122.037330000	90.2		
T	45.606820000	-122.034680000	83.7		
T	45.607360000	-122.033340000	83.2		
T	45.608250000	-122.031700000	84.7		
T	45.609440000	-122.028560000	89.6		
T	45.610110000	-122.026530000	91.0		
T	45.610700000	-122.024150000	85.9		
T	45.611310000	-122.020530000	78.0		
T	45.611670000	-122.017370000	73.2		
T	45.612160000	-122.015150000	84.2		
T	45.612470000	-122.012880000	101.5		
T	45.612480000	-122.012860000	101.3		
T	45.612570000	-122.009240000	123.7		
T	45.612560000	-122.004120000	129.5		
T	45.612470000	-122.004120000	130.2		
T	45.612680000	-122.002070000	119.6		
T	45.613100000	-122.000120000	107.3		
T	45.613590000	-121.998910000	98.5		
T	45.613830000	-121.998430000	97.9		
T	45.614120000	-121.997940000	95.9		
T	45.614200000	-121.997640000	90.5		
T	45.614160000	-121.997470000	92.5		
T	45.614090000	-121.997330000	89.9		
T	45.614080000	-121.997220000	84.8		
T	45.614320000	-121.996870000	69.1		
T	45.614920000	-121.996610000	101.7		
T	45.614930000	-121.996610000	101.9		
T	45.615750000	-121.995240000	114.6		
T	45.616440000	-121.993930000	116.5		
T	45.616470000	-121.993730000	117.7		
T	45.616560000	-121.993400000	129.9		
T	45.616710000	-121.993030000	134.1		
T	45.616870000	-121.992780000	124.7		
T	45.616960000	-121.992590000	120.0		
T	45.617090000	-121.992090000	116.1		
T	45.617270000	-121.991790000	116.5		
T	45.617320000	-121.991620000	117.1		
T	45.617310000	-121.991420000	118.4		
T	45.617220000	-121.990910000	125.5		
T	45.617240000	-121.990680000	128.6		
T	45.617280000	-121.990550000	131.1		
T	45.617530000	-121.990190000	143.6		
T	45.617610000	-121.990000000	146.4		
T	45.617630000	-121.989720000	147.7		
T	45.617670000	-121.989570000	150.8		
T	45.617830000	-121.989270000	151.3		
T	45.617900000	-121.989000000	153.0		
T	45.618000000	-121.988850000	153.6		
T	45.618180000	-121.988740000	153.6		
T	45.618320000	-121.988690000	155.0		
T	45.618480000	-121.988570000	158.0		
T	45.618590000	-121.988430000	158.1		
T	45.618700000	-121.988230000	159.3		
T	45.619510000	-121.985830000	169.2		
T	45.619530000	-121.985360000	170.6		
T	45.619540000	-121.985350000	169.8		
T	45.619570000	-121.985270000	168.2		
T	45.619740000	-121.984970000	167.7		
T	45.619840000	-121.984610000	164.4		
T	45.620180000	-121.983880000	153.4		
T	45.620320000	-121.983670000	152.0		
T	45.620990000	-121.981850000	168.8		
T	45.622260000	-121.979020000	171.0		
T	45.622680000	-121.977910000	153.4		
T	45.622680000	-121.977760000	149.9		
T	45.622630000	-121.977360000	144.3		
T	45.622650000	-121.977010000	146.8		
T	45.622660000	-121.977000000	145.1		
T	45.622660000	-121.976990000	145.3		
T	45.622670000	-121.976980000	143.4		
T	45.622700000	-121.976980000	137.8		
T	45.622700000	-121.976990000	137.8		
T	45.622710000	-121.976990000	135.9		
T	45.622720000	-121.977000000	134.0		
T	45.622720000	-121.977020000	133.8		
T	45.622730000	-121.977030000	131.9		
T	45.622720000	-121.977210000	132.4		
T	45.622730000	-121.977250000	131.1		
T	45.622730000	-121.977330000	131.7		
T	45.622760000	-121.977420000	131.3		
T	45.622850000	-121.977530000	127.6		
T	45.622920000	-121.977560000	123.0		
T	45.623020000	-121.977550000	118.4		
T	45.623060000	-121.977560000	117.9		
T	45.623140000	-121.977550000	114.6		
T	45.623430000	-121.977840000	106.7		
T	45.623460000	-121.977850000	104.4		
T	45.623510000	-121.977930000	106.4		
T	45.623530000	-121.978030000	110.2		
T	45.623530000	-121.978090000	111.3		
T	45.623540000	-121.978090000	110.2		
T	45.623540000	-121.978100000	110.4		
T	45.623550000	-121.978110000	109.4		
T	45.623560000	-121.978110000	108.4		
T	45.623570000	-121.978120000	107.1		
T	45.623580000	-121.978120000	105.6		
T	45.623590000	-121.978110000	104.0		
T	45.623600000	-121.978110000	102.4		
T	45.623600000	-121.978100000	102.1		
T	45.624070000	-121.977070000	114.8		
T	45.624070000	-121.977040000	115.2		
T	45.624080000	-121.977020000	115.4		
T	45.624070000	-121.977000000	115.7		
T	45.624100000	-121.976840000	117.6		
T	45.624340000	-121.976260000	122.7		
T	45.624840000	-121.975250000	120.1		
T	45.625060000	-121.975000000	113.4		
T	45.625160000	-121.974850000	110.3		
T	45.625670000	-121.973900000	106.0		
T	45.625680000	-121.973860000	106.6		
T	45.625720000	-121.973790000	106.8		
T	45.625910000	-121.973210000	115.3		
T	45.626500000	-121.971890000	128.6		
T	45.626830000	-121.971310000	134.3		
T	45.626830000	-121.971300000	134.6		
T	45.626920000	-121.971110000	136.6		
T	45.626930000	-121.971100000	136.6		
T	45.627060000	-121.970830000	139.3		
T	45.627460000	-121.969750000	137.1		
T	45.627470000	-121.969740000	136.8		
T	45.627500000	-121.969650000	136.9		
T	45.627580000	-121.969500000	136.2		
T	45.627690000	-121.969360000	135.2		
T	45.627760000	-121.969230000	134.1		
T	45.628510000	-121.967390000	152.8		
T	45.628520000	-121.967380000	152.8		
T	45.628690000	-121.966990000	155.3		
T	45.628720000	-121.966950000	154.5		
T	45.628730000	-121.966900000	154.5		
T	45.628750000	-121.966860000	153.5		
T	45.628830000	-121.966510000	152.9		
T	45.628940000	-121.966250000	153.3		
T	45.628940000	-121.966240000	153.9		
T	45.629440000	-121.965120000	160.5		
T	45.629760000	-121.964250000	168.2		
T	45.630150000	-121.963390000	164.2		
T	45.630150000	-121.963380000	164.3		
T	45.630520000	-121.962590000	158.4		
T	45.631040000	-121.961160000	138.7		
T	45.631430000	-121.959580000	98.8		
T	45.631590000	-121.957920000	107.5		
T	45.631600000	-121.957900000	106.2		
T	45.631600000	-121.957890000	106.2		
T	45.631610000	-121.957870000	104.9		
T	45.631610000	-121.957860000	105.0		
T	45.631620000	-121.957850000	103.5		
T	45.631620000	-121.957840000	103.6		
T	45.631640000	-121.957840000	101.2		
T	45.631640000	-121.957850000	101.1		
T	45.631650000	-121.957860000	99.9		
T	45.631650000	-121.957870000	99.8		
T	45.631660000	-121.957880000	98.6		
T	45.631640000	-121.958440000	96.1		
T	45.631650000	-121.958460000	94.6		
T	45.631650000	-121.958480000	94.3		
T	45.631660000	-121.958480000	93.1		
T	45.631660000	-121.958490000	92.9		
T	45.631690000	-121.958490000	89.2		
T	45.631690000	-121.958470000	89.5		
T	45.631700000	-121.958460000	88.4		
T	45.631700000	-121.958450000	88.5		
T	45.631710000	-121.958430000	87.4		
T	45.631760000	-121.957910000	87.4		
T	45.631720000	-121.957410000	92.1		
T	45.631650000	-121.956970000	93.0		
T	45.631640000	-121.956960000	93.2		
T	45.631640000	-121.956950000	92.7		
T	45.631620000	-121.956920000	92.2		
T	45.631600000	-121.956910000	92.3		
T	45.631560000	-121.956870000	90.4		
T	45.631550000	-121.956870000	90.6		
T	45.631340000	-121.956730000	103.2		
T	45.631250000	-121.956610000	121.5		
T	45.630850000	-121.955510000	93.5		
T	45.630820000	-121.955360000	90.1		
T	45.630820000	-121.955140000	79.5		
T	45.630900000	-121.954910000	78.4		
T	45.631030000	-121.954740000	78.4		
T	45.631120000	-121.954690000	78.4		
T	45.631360000	-121.954610000	78.4		
T	45.631400000	-121.954560000	78.4		
T	45.631400000	-121.954540000	78.4		
T	45.631410000	-121.954520000	78.4		
T	45.631410000	-121.954490000	78.4		
T	45.631400000	-121.954470000	78.4		
T	45.631380000	-121.954300000	78.4		
T	45.631390000	-121.953790000	78.4		
T	45.631530000	-121.953610000	79.2		
T	45.631550000	-121.953610000	79.2		
T	45.631600000	-121.953640000	78.9		
T	45.631640000	-121.953640000	79.0		
T	45.631650000	-121.953630000	79.1		
T	45.631670000	-121.953630000	79.2		
T	45.631810000	-121.953390000	81.0		
T	45.631870000	-121.953320000	82.3		
T	45.632080000	-121.953170000	88.6		
T	45.632300000	-121.953050000	109.3		
T	45.632500000	-121.952900000	117.6		
T	45.632680000	-121.952730000	120.9		
T	45.633320000	-121.951900000	142.3		
T	45.633970000	-121.950860000	149.0		
T	45.633970000	-121.950850000	149.4		
T	45.634270000	-121.950220000	148.1		
T	45.634420000	-121.949600000	139.2		
T	45.635060000	-121.947660000	190.5		
T	45.635070000	-121.946890000	227.4		
T	45.635110000	-121.946580000	229.7		
T	45.635210000	-121.946380000	228.7		
T	45.635630000	-121.945250000	222.1		
T	45.635850000	-121.944330000	226.6		
T	45.635980000	-121.943560000	234.5		
T	45.636640000	-121.941480000	235.4		
T	45.637380000	-121.938030000	245.8		
T	45.637470000	-121.937730000	241.3		
T	45.637640000	-121.937440000	237.9		
T	45.637820000	-121.937240000	246.5		
T	45.638100000	-121.937100000	238.5		
T	45.638150000	-121.937050000	241.4		
T	45.638180000	-121.937040000	238.5		
T	45.638240000	-121.936980000	238.1		
T	45.638270000	-121.936930000	238.9		
T	45.638300000	-121.936900000	234.8		
T	45.638300000	-121.936890000	236.8		
T	45.638330000	-121.936840000	237.2		
T	45.638360000	-121.936690000	239.0		
T	45.638350000	-121.936370000	236.1		
T	45.638400000	-121.936070000	226.5		
T	45.638630000	-121.935540000	225.1		
T	45.638640000	-121.935490000	224.3		
T	45.638640000	-121.935280000	223.8		
T	45.638540000	-121.934450000	218.1		
T	45.638590000	-121.933700000	187.4		
T	45.638630000	-121.933530000	190.5		
T	45.639210000	-121.931980000	164.6		
T	45.639240000	-121.931950000	163.2		
T	45.639280000	-121.931930000	161.4		
T	45.639290000	-121.931930000	160.8		
T	45.639320000	-121.931910000	159.0		
T	45.639400000	-121.931760000	161.5		
T	45.639410000	-121.931760000	159.8		
T	45.639490000	-121.931840000	139.2		
T	45.639500000	-121.931840000	137.8		
T	45.639500000	-121.931850000	137.1		
T	45.639510000	-121.931850000	135.8		
T	45.639530000	-121.931830000	134.3		
T	45.639620000	-121.931640000	133.2		
T	45.639680000	-121.931420000	131.4		
T	45.639690000	-121.931230000	137.9		
T	45.639680000	-121.931190000	140.4		
T	45.639680000	-121.931080000	140.7		
T	45.639620000	-121.930650000	144.1		
T	45.639620000	-121.930480000	145.7		
T	45.639670000	-121.930180000	146.0		
T	45.639850000	-121.929510000	142.8		
T	45.639880000	-121.929450000	140.8		
T	45.639980000	-121.929370000	127.8		
T	45.640080000	-121.929160000	124.5		
T	45.640220000	-121.929030000	118.9		
T	45.640530000	-121.928910000	111.8		
T	45.640650000	-121.928830000	109.2		
T	45.640760000	-121.928720000	107.1		
T	45.641210000	-121.927980000	89.9		
T	45.641210000	-121.927970000	90.3		
T	45.641330000	-121.927760000	97.8		
T	45.641450000	-121.927910000	98.5		
T	45.641470000	-121.927920000	98.5		
T	45.641640000	-121.928250000	98.8		
T	45.641670000	-121.928280000	98.9		
T	45.641690000	-121.928290000	99.0		
T	45.641700000	-121.928290000	99.0		
T	45.641710000	-121.928300000	99.1		
T	45.641720000	-121.928300000	99.2		
T	45.641730000	-121.928290000	99.2		
T	45.641750000	-121.928290000	99.2		
T	45.641760000	-121.928280000	99.2		
T	45.641770000	-121.928280000	99.3		
T	45.641800000	-121.928250000	99.4		
T	45.642460000	-121.927240000	104.7		
T	45.642460000	-121.927230000	105.3		
T	45.642580000	-121.927050000	106.1		
T	45.642580000	-121.927040000	106.8		
T	45.642820000	-121.926660000	105.6		
T	45.642820000	-121.926650000	106.2		
T	45.643420000	-121.925690000	110.8		
T	45.643520000	-121.925490000	111.3		
T	45.643530000	-121.925490000	110.3		
T	45.643530000	-121.925480000	110.8		
T	45.643620000	-121.925280000	112.6		
T	45.643630000	-121.925270000	111.9		
T	45.643910000	-121.924630000	117.9		
T	45.643950000	-121.924490000	118.6		
T	45.643970000	-121.924180000	120.2		
T	45.643930000	-121.923830000	125.7		
T	45.643890000	-121.923720000	128.7		
T	45.643890000	-121.923700000	129.0		
T	45.643760000	-121.923430000	133.2		
T	45.643750000	-121.923420000	133.5		
T	45.643510000	-121.922930000	140.9		
T	45.643490000	-121.922830000	142.1		
T	45.643500000	-121.922620000	144.8		
T	45.643570000	-121.922280000	148.2		
T	45.643580000	-121.922270000	148.4		
T	45.643730000	-121.921530000	158.8		
T	45.643710000	-121.920600000	171.5		
T	45.643650000	-121.920240000	177.9		
T	45.643650000	-121.920090000	183.3		
T	45.643670000	-121.919970000	186.6		
T	45.643710000	-121.919850000	186.4		
T	45.643820000	-121.919660000	186.7		
T	45.644360000	-121.919050000	205.9		
T	45.645110000	-121.918420000	216.5		
T	45.645140000	-121.918380000	215.4		
T	45.645170000	-121.918310000	215.4		
T	45.645230000	-121.917110000	227.5		
T	45.645380000	-121.916460000	245.8		
T	45.645480000	-121.916200000	259.8		
T	45.645540000	-121.916090000	265.2		
T	45.648280000	-121.912680000	245.7		
T	45.648340000	-121.912530000	244.1		
T	45.648450000	-121.911920000	243.9		
T	45.648660000	-121.911500000	235.7		
T	45.648660000	-121.911490000	235.7		
T	45.649170000	-121.910710000	240.9		
T	45.649320000	-121.910570000	240.0		
T	45.649370000	-121.910540000	239.4		
T	45.649690000	-121.910440000	231.5		
T	45.649880000	-121.910420000	224.8		
T	45.649900000	-121.910430000	223.7		
T	45.649930000	-121.910430000	222.5		
T	45.649950000	-121.910440000	221.4		
T	45.649960000	-121.910460000	220.4		
T	45.650350000	-121.910870000	187.0		
T	45.650530000	-121.910960000	175.4		
T	45.650620000	-121.910970000	170.2		
T	45.650650000	-121.910960000	168.4		
T	45.650680000	-121.910930000	166.6		
T	45.650720000	-121.910860000	163.5		
T	45.650750000	-121.910720000	161.0		
T	45.650750000	-121.910630000	161.2		
T	45.650720000	-121.910550000	163.9		
T	45.650720000	-121.910520000	164.0		
T	45.650690000	-121.910450000	166.8		
T	45.650670000	-121.910290000	170.2		
T	45.650690000	-121.910150000	171.4		
T	45.650810000	-121.909870000	171.0		
T	45.650960000	-121.909680000	168.1		
T	45.651130000	-121.909610000	160.0		
T	45.651130000	-121.909600000	160.4		
T	45.651170000	-121.909580000	158.9		
T	45.651290000	-121.909480000	156.6		
T	45.651430000	-121.909330000	154.7		
T	45.651430000	-121.909320000	155.0		
T	45.651740000	-121.908610000	145.5		
T	45.651830000	-121.908140000	153.1		
T	45.651910000	-121.907950000	154.0		
T	45.652080000	-121.907710000	151.4		
T	45.653180000	-121.905740000	136.1		
T	45.653680000	-121.905050000	128.4		
T	45.653860000	-121.904900000	127.2		
T	45.655060000	-121.904200000	139.5		
T	45.655160000	-121.904110000	142.4		
T	45.655320000	-121.903900000	142.5		
T	45.655330000	-121.903870000	143.1		
T	45.655350000	-121.903580000	150.7		
T	45.655360000	-121.903580000	150.2		
T	45.655370000	-121.903570000	150.1		
T	45.655510000	-121.903550000	140.7		
T	45.655520000	-121.903540000	141.2		
T	45.655530000	-121.903540000	141.1		
T	45.655560000	-121.903490000	142.3		
T	45.655560000	-121.903460000	143.5		
T	45.655520000	-121.903310000	154.4		
T	45.655520000	-121.903270000	155.9		
T	45.655550000	-121.903240000	156.1		
T	45.655720000	-121.903140000	161.0		
T	45.655740000	-121.903120000	163.1		
T	45.655740000	-121.903110000	163.4		
T	45.656170000	-121.902290000	162.0		
T	45.656670000	-121.901750000	153.8		
T	45.656920000	-121.901390000	137.3		
T	45.657020000	-121.901160000	139.1		
T	45.657020000	-121.900890000	150.2		
T	45.657050000	-121.900800000	151.2		
T	45.657170000	-121.900710000	149.3		
T	45.657170000	-121.900700000	149.6		
T	45.657480000	-121.900440000	145.8		
T	45.659120000	-121.899250000	149.3		
T	45.659590000	-121.898980000	157.8		
T	45.660440000	-121.898600000	173.0		
T	45.661330000	-121.898330000	177.6		
T	45.661690000	-121.898190000	175.6		
T	45.661720000	-121.898150000	175.3		
T	45.661730000	-121.898120000	175.2		
T	45.661770000	-121.898110000	175.0		
T	45.661950000	-121.898010000	173.7		
T	45.662040000	-121.898020000	173.6		
T	45.662630000	-121.897740000	169.1		
T	45.662920000	-121.897560000	166.1		
T	45.662930000	-121.897560000	166.1		
T	45.663800000	-121.896930000	155.4		
T	45.663840000	-121.896870000	154.7		
T	45.664530000	-121.896320000	146.3		
T	45.664790000	-121.896160000	142.4		
T	45.665250000	-121.895780000	135.6		
T	45.665270000	-121.895740000	135.4		
T	45.665650000	-121.895460000	132.4		
T	45.665660000	-121.895460000	132.3		
T	45.666460000	-121.895020000	128.2		
T	45.666470000	-121.895020000	128.1		
T	45.667410000	-121.894510000	122.8		
T	45.667600000	-121.894380000	121.5		
T	45.667610000	-121.894360000	121.5		
T	45.667780000	-121.894230000	120.3		
T	45.668350000	-121.893660000	119.1		
T	45.668530000	-121.893440000	120.1		
T	45.668830000	-121.893000000	125.5		
T	45.669160000	-121.892380000	133.5		
T	45.670310000	-121.889330000	145.8		
T	45.670350000	-121.889080000	145.6		
T	45.671000000	-121.887140000	143.1		
T	45.671300000	-121.887210000	144.7		
T	45.671390000	-121.887210000	144.0		
T	45.671410000	-121.887200000	143.8		
T	45.671520000	-121.887100000	141.9		
T	45.673040000	-121.885000000	143.0		
T	45.673980000	-121.883440000	163.0		
T	45.674110000	-121.883140000	161.0		
T	45.674290000	-121.882490000	144.4		
T	45.674660000	-121.880340000	148.9		
T	45.676410000	-121.873310000	151.8		
T	45.678480000	-121.866530000	150.3		
T	45.678900000	-121.864840000	142.0		
T	45.679170000	-121.863490000	130.9		
T	45.679190000	-121.862960000	130.1		
T	45.678930000	-121.860390000	112.2		
T	45.678920000	-121.860370000	111.7		
T	45.678820000	-121.859650000	115.1		
T	45.678810000	-121.859640000	115.0		
T	45.678720000	-121.858870000	139.4		
T	45.678730000	-121.858660000	151.3		
T	45.678770000	-121.858450000	150.6		
T	45.678900000	-121.858160000	147.7		
T	45.679300000	-121.857450000	142.4		
T	45.680110000	-121.854090000	140.2		
T	45.680150000	-121.853730000	140.6		
T	45.680080000	-121.853310000	142.9		
T	45.679690000	-121.851790000	152.6		
T	45.679680000	-121.851780000	152.8		
T	45.679550000	-121.851300000	156.8		
T	45.679550000	-121.850890000	159.5		
T	45.679600000	-121.850700000	159.6		
T	45.679610000	-121.850560000	160.3		
T	45.679850000	-121.850180000	160.7		
T	45.680600000	-121.849180000	118.3		
T	45.682890000	-121.844420000	106.5		
T	45.683570000	-121.843310000	108.9		
T	45.683700000	-121.843160000	109.2		
T	45.684070000	-121.842640000	111.7		
T	45.686220000	-121.840500000	118.9		
T	45.686220000	-121.840490000	119.3		
T	45.686840000	-121.840000000	121.8		
T	45.686840000	-121.839990000	121.9		
T	45.687310000	-121.839610000	118.0		
T	45.688170000	-121.839020000	116.6		
T	45.688180000	-121.839020000	116.5		
T	45.688330000	-121.838920000	115.1		
T	45.688510000	-121.838830000	113.0		
T	45.688510000	-121.838820000	112.9		
T	45.689500000	-121.838240000	102.6		
T	45.689320000	-121.837970000	104.1		
T	45.689320000	-121.837960000	104.1		
T	45.689210000	-121.837810000	107.7		
T	45.689200000	-121.837780000	107.4		
T	45.689090000	-121.837630000	112.4		
T	45.689080000	-121.837590000	112.2		
T	45.688930000	-121.837280000	123.9		
T	45.688890000	-121.836960000	133.8		
T	45.688900000	-121.836570000	147.3		
T	45.688950000	-121.836180000	159.7		
T	45.688970000	-121.836150000	159.0		
T	45.688970000	-121.836130000	159.5		
T	45.689280000	-121.835340000	204.5		
T	45.689440000	-121.834480000	218.8		
T	45.689600000	-121.832480000	234.9		
T	45.689660000	-121.832070000	233.6		
T	45.689760000	-121.831790000	232.6		
T	45.689960000	-121.831410000	234.0		
T	45.690440000	-121.830760000	236.1		
T	45.690730000	-121.830230000	231.8		
T	45.690920000	-121.829690000	230.0		
T	45.691290000	-121.828070000	228.4		
T	45.691450000	-121.827730000	227.2		
T	45.691860000	-121.827380000	225.8		
T	45.692080000	-121.827150000	230.2		
T	45.692230000	-121.826830000	248.8		
T	45.692470000	-121.826050000	288.5		
T	45.692760000	-121.825410000	293.7		
T	45.693010000	-121.825030000	284.0		
T	45.693670000	-121.824530000	294.4		
T	45.693920000	-121.824290000	300.9		
T	45.694090000	-121.824050000	307.4		
T	45.694330000	-121.823500000	318.3		
T	45.694330000	-121.823470000	318.9		
T	45.694410000	-121.823150000	326.3		
T	45.694440000	-121.822490000	342.6		
T	45.694390000	-121.821780000	360.4		
T	45.694320000	-121.821370000	364.9		
T	45.694150000	-121.820920000	376.4		
T	45.693910000	-121.820490000	391.8		
T	45.692850000	-121.819220000	472.3		
T	45.692640000	-121.818760000	505.7		
T	45.692560000	-121.818470000	526.2		
T	45.691880000	-121.814140000	633.7		
T	45.691350000	-121.812380000	636.7		
T	45.691270000	-121.811980000	641.8		
T	45.691240000	-121.811430000	651.2		
T	45.691280000	-121.809110000	635.7		
T	45.691350000	-121.808710000	630.9		
T	45.691970000	-121.807020000	605.7		
T	45.692020000	-121.806710000	602.6		
T	45.691870000	-121.804190000	543.8		
T	45.691750000	-121.803130000	516.1		
T	45.691670000	-121.802720000	497.1		
T	45.690820000	-121.800640000	466.8		
T	45.690620000	-121.800030000	466.6		
T	45.690070000	-121.797860000	467.0		
T	45.690020000	-121.796210000	455.9		
T	45.690130000	-121.794930000	439.4		
T	45.690140000	-121.794270000	434.3		
T	45.690030000	-121.791590000	402.0		
T	45.689600000	-121.786080000	308.0		
T	45.689300000	-121.784820000	278.4		
T	45.689140000	-121.783860000	256.9		
T	45.689100000	-121.782680000	228.7		
T	45.689210000	-121.782250000	220.2		
T	45.689340000	-121.781910000	213.0		
T	45.689780000	-121.781030000	196.2		
T	45.689900000	-121.780720000	188.5		
T	45.690000000	-121.780270000	175.2		
T	45.690050000	-121.776020000	153.8		
T	45.689940000	-121.773790000	155.0		
T	45.689990000	-121.773470000	154.0		
T	45.690380000	-121.772260000	153.3		
T	45.690250000	-121.769640000	159.4		
T	45.690450000	-121.768150000	165.0		
T	45.690670000	-121.767400000	153.1		
T	45.690670000	-121.767370000	153.0		
T	45.690680000	-121.767340000	153.7		
T	45.690680000	-121.767310000	154.3		
T	45.690590000	-121.766930000	157.8		
T	45.690590000	-121.766760000	157.0		
T	45.690640000	-121.766390000	154.9		
T	45.690640000	-121.766290000	155.1		
T	45.690630000	-121.766270000	155.4		
T	45.690600000	-121.766100000	154.8		
T	45.690580000	-121.766060000	155.0		
T	45.690580000	-121.766040000	154.7		
T	45.690470000	-121.765710000	153.5		
T	45.690340000	-121.764230000	129.0		
T	45.690350000	-121.764150000	127.3		
T	45.690420000	-121.763980000	123.8		
T	45.690640000	-121.763700000	120.1		
T	45.690640000	-121.763690000	119.9		
T	45.690670000	-121.763650000	119.3		
T	45.690730000	-121.763480000	114.4		
T	45.690730000	-121.763270000	111.2		
T	45.690680000	-121.762780000	109.9		
T	45.690710000	-121.762300000	127.9		
T	45.690720000	-121.762270000	128.2		
T	45.690750000	-121.761950000	131.9		
T	45.690760000	-121.761940000	131.6		
T	45.690770000	-121.761700000	126.2		
T	45.690570000	-121.760530000	121.4		
T	45.690490000	-121.759680000	127.3		
T	45.690480000	-121.759670000	128.2		
T	45.690460000	-121.759510000	127.9		
T	45.690450000	-121.759490000	129.1		
T	45.690260000	-121.758430000	135.7		
T	45.690260000	-121.757660000	129.0		
T	45.690270000	-121.757610000	126.9		
T	45.690260000	-121.757540000	128.7		
T	45.690330000	-121.757280000	117.3		
T	45.690300000	-121.754960000	112.9		
T	45.690270000	-121.754850000	113.2		
T	45.690270000	-121.754800000	112.3		
T	45.690100000	-121.754290000	124.9		
T	45.690140000	-121.753760000	135.7		
T	45.690250000	-121.753490000	131.9		
T	45.690350000	-121.753330000	130.9		
T	45.690470000	-121.753050000	125.3		
T	45.690540000	-121.752630000	123.5		
T	45.690550000	-121.752610000	122.3		
T	45.691460000	-121.747040000	106.5		
T	45.691540000	-121.746260000	107.8		
T	45.691570000	-121.746130000	108.1		
T	45.691580000	-121.746000000	110.1		
T	45.691710000	-121.745520000	109.7		
T	45.691790000	-121.745050000	120.9		
T	45.691800000	-121.745040000	119.2		
T	45.692110000	-121.742780000	111.7		
T	45.692260000	-121.740750000	115.3		
T	45.692230000	-121.739630000	110.3		
T	45.692250000	-121.739180000	111.6		
T	45.692170000	-121.738370000	118.2		
T	45.692160000	-121.738350000	120.5		
T	45.692050000	-121.737600000	129.2		
T	45.692040000	-121.737580000	131.2		
T	45.691860000	-121.736650000	115.9		
T	45.691540000	-121.735560000	116.3		
T	45.691350000	-121.735100000	105.9		
T	45.691250000	-121.734940000	104.6		
T	45.691130000	-121.734660000	106.5		
T	45.690740000	-121.733010000	109.9		
T	45.690730000	-121.733000000	110.5		
T	45.690310000	-121.731650000	103.8		
T	45.690290000	-121.731500000	104.3		
T	45.690280000	-121.731490000	105.5		
T	45.690240000	-121.731080000	99.7		
T	45.690270000	-121.730600000	99.2		
T	45.690390000	-121.730120000	105.6		
T	45.690410000	-121.729960000	101.4		
T	45.690340000	-121.727300000	118.2		
T	45.690200000	-121.726500000	152.6		
T	45.690030000	-121.726020000	152.5		
T	45.689780000	-121.725580000	149.1		
T	45.689710000	-121.725500000	151.4		
T	45.689710000	-121.725490000	150.7		
T	45.689700000	-121.725490000	152.3		
T	45.689570000	-121.725360000	161.3		
T	45.689540000	-121.725260000	163.9		
T	45.689540000	-121.725160000	169.8		
T	45.689660000	-121.724890000	179.0		
T	45.689690000	-121.724730000	186.6		
T	45.689690000	-121.724590000	194.4		
T	45.689660000	-121.724370000	192.6		
T	45.689610000	-121.724220000	186.1		
T	45.689310000	-121.723740000	181.2		
T	45.689120000	-121.723370000	176.1		
T	45.689120000	-121.723350000	175.8		
T	45.689100000	-121.723300000	176.2		
T	45.689070000	-121.723120000	177.7		
T	45.689040000	-121.722460000	179.1		
T	45.689020000	-121.722360000	178.5		
T	45.688960000	-121.722210000	177.0		
T	45.688820000	-121.722030000	178.4		
T	45.688780000	-121.721950000	178.9		
T	45.688770000	-121.721840000	178.8		
T	45.688800000	-121.721760000	178.5		
T	45.688930000	-121.721540000	176.0		
T	45.689090000	-121.721390000	174.6		
T	45.689490000	-121.721090000	178.4		
T	45.689650000	-121.720880000	179.8		
T	45.689660000	-121.720820000	181.1		
T	45.689680000	-121.720780000	180.4		
T	45.689710000	-121.720570000	178.0		
T	45.689710000	-121.720100000	168.4		
T	45.689850000	-121.719750000	164.0		
T	45.689920000	-121.719640000	161.6		
T	45.689970000	-121.719320000	185.4		
T	45.689860000	-121.718930000	188.4		
T	45.689780000	-121.718760000	184.3		
T	45.689510000	-121.718370000	178.7		
T	45.689000000	-121.717370000	153.4		
T	45.688660000	-121.716820000	144.1		
T	45.688520000	-121.716400000	126.7		
T	45.687920000	-121.715250000	104.5		
T	45.687550000	-121.714630000	91.8		
T	45.687350000	-121.714130000	100.0		
T	45.686990000	-121.712040000	119.9		
T	45.686980000	-121.712020000	121.0		
T	45.686600000	-121.710250000	176.9		
T	45.686540000	-121.708440000	162.8		
T	45.686450000	-121.708060000	148.8		
T	45.686450000	-121.708030000	147.6		
T	45.686370000	-121.707760000	139.4		
T	45.686170000	-121.706310000	100.5		
T	45.686220000	-121.705930000	93.4		
T	45.686380000	-121.705290000	95.8		
T	45.686510000	-121.704980000	96.5		
T	45.686610000	-121.704570000	101.5		
T	45.686840000	-121.704040000	110.4		
T	45.686870000	-121.703910000	111.7		
T	45.686920000	-121.703450000	116.4		
T	45.686980000	-121.703190000	121.7		
T	45.687030000	-121.702700000	127.9		
T	45.687100000	-121.702650000	121.4		
T	45.687170000	-121.702350000	138.1		
T	45.687360000	-121.701880000	130.0		
T	45.687450000	-121.701370000	123.6		
T	45.687430000	-121.700550000	115.2		
T	45.687490000	-121.699010000	119.4		
T	45.687440000	-121.697040000	120.8		
T	45.687480000	-121.695660000	109.3		
T	45.687550000	-121.695120000	108.6		
T	45.687760000	-121.694260000	114.9		
T	45.687490000	-121.693310000	247.5		
T	45.687420000	-121.692940000	285.1		
T	45.687360000	-121.692950000	304.3		
T	45.687300000	-121.693500000	277.8		
T	45.687220000	-121.693930000	251.8		
T	45.687170000	-121.694060000	255.9		
T	45.687130000	-121.693850000	282.8		
T	45.687120000	-121.693190000	350.2		
T	45.687080000	-121.693100000	366.7		
T	45.687010000	-121.693060000	386.8		
T	45.686890000	-121.693180000	405.7		
T	45.686850000	-121.693340000	399.9		
T	45.686810000	-121.693710000	378.6		
T	45.686830000	-121.695360000	441.7		
T	45.686530000	-121.695490000	539.3		
T	45.686380000	-121.695400000	553.9		
T	45.685790000	-121.695130000	588.2		
T	45.685830000	-121.694990000	608.6		
T	45.685910000	-121.694860000	629.2		
T	45.686110000	-121.694800000	645.0		
T	45.686270000	-121.694780000	649.9		
T	45.686380000	-121.694870000	639.4		
T	45.686400000	-121.694900000	635.8		
T	45.686510000	-121.694820000	651.1		
T	45.686520000	-121.694800000	653.9		
T	45.686520000	-121.694790000	655.0		
T	45.686320000	-121.694480000	684.0		
T	45.686270000	-121.694250000	715.9		
T	45.685930000	-121.694040000	764.3		
T	45.685930000	-121.693960000	778.4		
T	45.686010000	-121.693900000	790.1		
T	45.686050000	-121.693900000	789.4		
T	45.686050000	-121.693810000	806.6		
T	45.685950000	-121.693780000	813.4		
T	45.685800000	-121.693760000	813.2		
T	45.685610000	-121.693660000	825.5		
T	45.685450000	-121.693600000	828.3		
T	45.685360000	-121.693490000	831.9		
T	45.685290000	-121.693480000	827.3		
T	45.685230000	-121.693580000	811.8		
T	45.685100000	-121.693610000	823.7		
T	45.684930000	-121.693610000	837.9		
T	45.684860000	-121.693540000	862.6		
T	45.684850000	-121.693450000	882.8		
T	45.684940000	-121.693410000	882.3		
T	45.685200000	-121.693220000	874.5		
T	45.685300000	-121.693050000	893.8		
T	45.685370000	-121.693010000	906.8		
T	45.685460000	-121.693090000	910.7		
T	45.685630000	-121.693190000	917.0		
T	45.685710000	-121.693190000	918.7		
T	45.685730000	-121.693120000	930.8		
T	45.685640000	-121.692920000	965.2		
T	45.685670000	-121.692800000	986.8		
T	45.685680000	-121.692630000	1003.5		
T	45.685440000	-121.692300000	1033.8		
T	45.685300000	-121.692240000	1047.5		
T	45.685210000	-121.692260000	1042.3		
T	45.685180000	-121.692170000	1059.7		
T	45.685260000	-121.692020000	1089.0		
T	45.685350000	-121.691970000	1097.1		
T	45.685580000	-121.692030000	1090.8		
T	45.685610000	-121.691940000	1101.2		
T	45.685560000	-121.691840000	1122.8		
T	45.685470000	-121.691740000	1137.3		
T	45.685470000	-121.691730000	1139.1		
T	45.685430000	-121.691660000	1152.1		
T	45.685490000	-121.691570000	1167.7		
T	45.685580000	-121.691570000	1171.9		
T	45.685640000	-121.691510000	1186.9		
T	45.685590000	-121.691380000	1200.4		
T	45.685500000	-121.691310000	1206.5		
T	45.685480000	-121.691310000	1207.7		
T	45.685470000	-121.691300000	1208.1		
T	45.685370000	-121.691270000	1216.5		
T	45.685280000	-121.691140000	1211.1		
T	45.685070000	-121.691090000	1236.6		
T	45.684750000	-121.691070000	1276.2		
T	45.684420000	-121.691080000	1286.5		
T	45.684270000	-121.691030000	1290.5		
T	45.684270000	-121.691020000	1290.9		
T	45.684190000	-121.691000000	1292.5		
T	45.683400000	-121.690680000	1325.6		
T	45.683400000	-121.690670000	1326.5		
T	45.683020000	-121.690500000	1348.6		
T	45.682660000	-121.690390000	1342.5		
T	45.682430000	-121.690390000	1336.3		
T	45.682360000	-121.690340000	1337.7		
T	45.682360000	-121.690330000	1338.5		
T	45.682240000	-121.690260000	1338.8		
T	45.681880000	-121.690180000	1336.2		
T	45.681660000	-121.690190000	1337.0		
T	45.681170000	-121.689870000	1363.8		
T	45.681160000	-121.689870000	1364.6		
T	45.681150000	-121.689860000	1365.9		
T	45.680740000	-121.689860000	1419.4		
T	45.680620000	-121.689720000	1443.2		
T	45.680400000	-121.689730000	1463.9		
T	45.680200000	-121.689710000	1485.0		
T	45.679770000	-121.689580000	1510.9		
T	45.679490000	-121.689540000	1532.5		
T	45.679280000	-121.689470000	1550.8		
T	45.679010000	-121.689440000	1583.9		
T	45.678240000	-121.689430000	1700.4		
T	45.677980000	-121.689380000	1737.0		
T	45.677870000	-121.689340000	1746.3		
T	45.677850000	-121.689520000	1765.7		
T	45.677740000	-121.689570000	1778.3		
T	45.677570000	-121.689550000	1791.4		
T	45.677560000	-121.689540000	1791.7		
T	45.677340000	-121.689490000	1808.0		
T	45.677110000	-121.689770000	1844.6		
T	45.676730000	-121.689990000	1888.1		
T	45.676530000	-121.690060000	1902.9		
T	45.675500000	-121.689870000	2015.7		
T	45.675360000	-121.689970000	2028.9		
T	45.675350000	-121.689970000	2029.6		
T	45.675200000	-121.690100000	2040.0		
T	45.674950000	-121.690090000	2062.9		
T	45.674830000	-121.690020000	2072.9		
T	45.674260000	-121.690090000	2128.4		
T	45.672710000	-121.689970000	2321.9		
T	45.672570000	-121.689870000	2345.7		
T	45.672210000	-121.689490000	2354.9		
T	45.672120000	-121.689520000	2366.2		
T	45.672070000	-121.689600000	2377.3		
T	45.672070000	-121.689950000	2400.4		
T	45.671960000	-121.690030000	2411.1		
T	45.671690000	-121.690150000	2430.2		
T	45.671670000	-121.690180000	2431.5		
T	45.671660000	-121.690180000	2432.2		
T	45.671540000	-121.690350000	2440.3		
T	45.671370000	-121.690450000	2448.7		
T	45.671360000	-121.690450000	2449.4		
T	45.671360000	-121.690460000	2449.0		
T	45.671020000	-121.690510000	2469.3		
T	45.670780000	-121.690520000	2488.2		
T	45.670630000	-121.690480000	2496.6		
T	45.670150000	-121.690450000	2526.9		
T	45.669760000	-121.690340000	2564.2		
T	45.669530000	-121.690250000	2593.3		
T	45.669320000	-121.690290000	2612.5		
T	45.669180000	-121.690230000	2632.0		
T	45.668420000	-121.690180000	2701.0		
T	45.668370000	-121.690160000	2706.1		
T	45.668330000	-121.690130000	2711.1		
T	45.668230000	-121.689930000	2728.3		
T	45.668150000	-121.689850000	2734.9		
T	45.667990000	-121.689790000	2743.2		
T	45.667980000	-121.689780000	2744.1		
T	45.667330000	-121.689510000	2754.5		
T	45.667140000	-121.689360000	2754.6		
T	45.667140000	-121.689350000	2754.9		
T	45.666560000	-121.688800000	2780.0		
T	45.666520000	-121.688730000	2782.6		
T	45.666500000	-121.688620000	2783.9		
T	45.666500000	-121.687880000	2770.5		
T	45.666360000	-121.686860000	2766.9		
T	45.666160000	-121.686320000	2779.5		
T	45.666150000	-121.686310000	2780.9		
T	45.665860000	-121.685560000	2783.6		
T	45.665780000	-121.685450000	2786.9		
T	45.665770000	-121.685450000	2788.4		
T	45.665740000	-121.685400000	2783.8		
T	45.665630000	-121.685360000	2786.9		
T	45.665580000	-121.685330000	2788.9		
T	45.665480000	-121.685050000	2791.1		
T	45.665280000	-121.684740000	2850.5		
T	45.665250000	-121.684710000	2855.9		
T	45.665210000	-121.684730000	2866.1		
T	45.665190000	-121.684810000	2874.9		
T	45.665250000	-121.685450000	2900.0		
T	45.665230000	-121.685430000	2902.6		
T	45.665180000	-121.685300000	2899.1		
T	45.665070000	-121.685100000	2913.8		
T	45.665060000	-121.685100000	2915.7		
T	45.665010000	-121.685030000	2922.5		
T	45.665070000	-121.685550000	2969.1		
T	45.665030000	-121.685520000	2976.2		
T	45.664990000	-121.685470000	2980.4		
T	45.664970000	-121.685460000	2985.0		
T	45.664870000	-121.685170000	2970.5		
T	45.664740000	-121.685020000	2994.2		
T	45.664550000	-121.684740000	3009.3		
T	45.664530000	-121.684730000	3012.7		
T	45.664520000	-121.684740000	3016.6		
T	45.664520000	-121.684750000	3018.2		
T	45.664500000	-121.684780000	3027.7		
T	45.664490000	-121.684890000	3047.0		
T	45.664610000	-121.685250000	3064.4		
T	45.664630000	-121.685460000	3083.3		
T	45.664610000	-121.685460000	3089.2		
T	45.664340000	-121.685230000	3121.9		
T	45.664060000	-121.684940000	3100.0		
T	45.663990000	-121.684910000	3102.3		
T	45.663930000	-121.684900000	3109.3		
T	45.663890000	-121.684870000	3112.5		
T	45.663860000	-121.684830000	3112.6		
T	45.663860000	-121.684820000	3111.1		
T	45.663830000	-121.684780000	3110.4		
T	45.663740000	-121.684750000	3117.5		
T	45.663750000	-121.684790000	3123.2		
T	45.663870000	-121.685020000	3136.2		
T	45.663870000	-121.685030000	3137.5		
T	45.664080000	-121.685240000	3148.4		
T	45.664110000	-121.685290000	3153.8		
T	45.664140000	-121.685450000	3175.3		
T	45.664120000	-121.685490000	3184.0		
T	45.664080000	-121.685490000	3188.0		
T	45.663600000	-121.685170000	3194.5		
T	45.663540000	-121.685150000	3195.8		
T	45.663500000	-121.685160000	3200.0		
T	45.663520000	-121.685230000	3210.9		
T	45.663640000	-121.685460000	3238.5		
T	45.663720000	-121.685570000	3253.7		
T	45.663770000	-121.685780000	3291.0		
T	45.663740000	-121.685790000	3296.3		
T	45.663600000	-121.685760000	3303.0		
T	45.663370000	-121.685590000	3282.0		
T	45.663170000	-121.685350000	3260.5		
T	45.663020000	-121.685220000	3249.7		
T	45.663020000	-121.685210000	3248.3		
T	45.662990000	-121.685190000	3246.6		
T	45.662790000	-121.685150000	3250.3		
T	45.662690000	-121.685060000	3251.0		
T	45.662630000	-121.685040000	3257.1		
T	45.662500000	-121.685040000	3274.8		
T	45.662200000	-121.685090000	3317.4		
T	45.662040000	-121.685220000	3350.4		
T	45.662000000	-121.685240000	3358.1		
T	45.661990000	-121.685240000	3359.6		
T	45.661910000	-121.685290000	3375.1		
T	45.661710000	-121.685340000	3407.1		
T	45.661660000	-121.685290000	3409.3		
T	45.661660000	-121.685280000	3408.9		
T	45.661580000	-121.685190000	3410.7		
T	45.661510000	-121.685040000	3408.1		
T	45.661530000	-121.685030000	3407.1		
T	45.661620000	-121.684790000	3397.0		
T	45.661730000	-121.684630000	3391.7		
T	45.661820000	-121.684540000	3387.4		
T	45.661910000	-121.684420000	3382.7		
T	45.662010000	-121.684080000	3379.8		
T	45.662030000	-121.683940000	3378.3		
T	45.662460000	-121.682650000	3361.5		
T	45.662800000	-121.681410000	3342.4		
T	45.662970000	-121.680150000	3319.5		
T	45.662890000	-121.680260000	3319.3		
T	45.662690000	-121.680470000	3317.7		
T	45.662310000	-121.680960000	3315.6		
T	45.662080000	-121.681330000	3313.1		
T	45.661960000	-121.681600000	3313.3		
T	45.661770000	-121.681900000	3311.1		
T	45.661480000	-121.682240000	3303.4		
T	45.661290000	-121.682400000	3297.7		
T	45.661180000	-121.682630000	3303.3		
T	45.661170000	-121.682790000	3308.9		
T	45.661130000	-121.682910000	3313.3		
T	45.661050000	-121.682930000	3312.4		
T	45.660930000	-121.682930000	3309.2		
T	45.660810000	-121.682960000	3305.7		
T	45.660740000	-121.683000000	3304.5		
T	45.660600000	-121.683140000	3303.8		
T	45.660520000	-121.683280000	3305.7		
T	45.660430000	-121.683360000	3304.2		
T	45.660360000	-121.683400000	3301.7		
T	45.660250000	-121.683410000	3295.9		
T	45.660050000	-121.683530000	3289.4		
T	45.659990000	-121.683530000	3286.7		
T	45.659920000	-121.683510000	3285.7		
T	45.659830000	-121.683460000	3289.5		
T	45.659750000	-121.683380000	3293.7		
T	45.659440000	-121.682860000	3293.6		
T	45.659380000	-121.682800000	3293.2		
T	45.659340000	-121.682680000	3289.2		
T	45.659330000	-121.682670000	3289.0		
T	45.659260000	-121.681920000	3264.5		
T	45.659250000	-121.681910000	3264.4		
T	45.659170000	-121.681680000	3257.9		
T	45.659160000	-121.681620000	3255.8		
T	45.659100000	-121.681550000	3254.2		
T	45.658910000	-121.681460000	3255.8		
T	45.658740000	-121.681270000	3254.6		
T	45.658640000	-121.681100000	3251.5		
T	45.658630000	-121.681060000	3250.6		
T	45.658180000	-121.680270000	3238.7		
T	45.658090000	-121.680180000	3238.0		
T	45.657980000	-121.680110000	3238.1		
T	45.657700000	-121.680130000	3243.2		
T	45.656960000	-121.680390000	3242.2		
T	45.656880000	-121.680400000	3240.2		
T	45.656300000	-121.680310000	3228.1		
T	45.656050000	-121.680300000	3228.2		
T	45.655970000	-121.679430000	3212.4		
T	45.655970000	-121.678860000	3208.8		
T	45.656050000	-121.677870000	3197.5		
T	45.656110000	-121.677680000	3194.0		
T	45.656270000	-121.677340000	3185.6		
T	45.656310000	-121.677160000	3181.9		
T	45.656400000	-121.676060000	3162.8		
T	45.656350000	-121.675630000	3157.0		
T	45.656310000	-121.675520000	3156.2		
T	45.656270000	-121.675490000	3156.2		
T	45.656450000	-121.675450000	3156.1		
T	45.656460000	-121.675440000	3155.8		
T	45.656800000	-121.675320000	3154.8		
T	45.657020000	-121.675300000	3161.0		
T	45.657180000	-121.675320000	3166.9		
T	45.657360000	-121.675390000	3174.4		
T	45.657440000	-121.675400000	3177.7		
T	45.657380000	-121.675210000	3177.1		
T	45.657280000	-121.675010000	3174.4		
T	45.657220000	-121.674930000	3172.1		
T	45.656930000	-121.674230000	3164.0		
T	45.656910000	-121.673730000	3166.3		
T	45.656770000	-121.673260000	3157.4		
T	45.656760000	-121.673260000	3156.9		
T	45.656600000	-121.672810000	3145.3		
T	45.656590000	-121.672800000	3144.6		
T	45.656470000	-121.672160000	3136.0		
T	45.656410000	-121.671630000	3133.3		
T	45.656390000	-121.670260000	3135.7		
T	45.656440000	-121.669840000	3137.4		
T	45.656500000	-121.669680000	3141.1		
T	45.656570000	-121.669600000	3145.2		
T	45.656660000	-121.669530000	3150.9		
T	45.656730000	-121.669440000	3152.4		
T	45.656740000	-121.669440000	3153.2		
T	45.656740000	-121.669430000	3152.6		
T	45.656940000	-121.669020000	3141.2		
T	45.656940000	-121.669010000	3140.5		
T	45.657000000	-121.668890000	3136.2		
T	45.657470000	-121.667170000	3143.5		
T	45.657530000	-121.667020000	3148.5		
T	45.657570000	-121.666850000	3150.9		
T	45.657580000	-121.666710000	3150.2		
T	45.657440000	-121.666070000	3132.0		
T	45.657330000	-121.665030000	3130.2		
T	45.657200000	-121.664380000	3127.7		
T	45.657130000	-121.664230000	3121.8		
T	45.657100000	-121.664070000	3120.2		
T	45.657040000	-121.663930000	3115.2		
T	45.657010000	-121.663810000	3113.0		
T	45.656980000	-121.663480000	3111.9		
T	45.657000000	-121.662910000	3102.3		
T	45.657050000	-121.662700000	3098.2		
T	45.657150000	-121.662450000	3099.3		
T	45.657150000	-121.662430000	3098.5		
T	45.657280000	-121.662270000	3101.8		
T	45.657450000	-121.661540000	3086.0		
T	45.657340000	-121.661140000	3076.8		
T	45.657180000	-121.661060000	3074.9		
T	45.656990000	-121.661000000	3072.9		
T	45.656790000	-121.660980000	3068.9		
T	45.656450000	-121.660900000	3064.4		
T	45.656230000	-121.660820000	3060.8		
T	45.655770000	-121.660530000	3051.5		
T	45.655650000	-121.660410000	3047.8		
T	45.655620000	-121.660200000	3046.4		
T	45.655840000	-121.659250000	3023.5		
T	45.656510000	-121.657270000	2996.1		
T	45.657050000	-121.655980000	2971.0		
T	45.657140000	-121.655850000	2970.6		
T	45.657200000	-121.655790000	2971.2		
T	45.657210000	-121.655790000	2971.8		
T	45.657300000	-121.655750000	2974.4		
T	45.657500000	-121.655710000	2981.2		
T	45.657650000	-121.655650000	2982.8		
T	45.657820000	-121.655540000	2981.1		
T	45.657960000	-121.655420000	2977.5		
T	45.658160000	-121.655190000	2970.3		
T	45.658410000	-121.654790000	2946.9		
T	45.658930000	-121.653620000	2923.7		
T	45.659240000	-121.653310000	2932.6		
T	45.660230000	-121.652670000	2894.9		
T	45.660280000	-121.652650000	2894.8		
T	45.660520000	-121.652470000	2889.0		
T	45.660770000	-121.652230000	2876.3		
T	45.660930000	-121.651950000	2864.4		
T	45.661070000	-121.651450000	2850.3		
T	45.661100000	-121.650140000	2806.5		
T	45.661360000	-121.649190000	2787.2		
T	45.661440000	-121.648260000	2766.9		
T	45.661700000	-121.647700000	2759.6		
T	45.662060000	-121.647080000	2743.0		
T	45.662210000	-121.646930000	2739.0		
T	45.662430000	-121.646770000	2733.3		
T	45.663100000	-121.646540000	2707.9		
T	45.663740000	-121.646450000	2686.9		
T	45.663830000	-121.646460000	2683.6		
T	45.663910000	-121.646490000	2682.2		
T	45.664010000	-121.646550000	2678.3		
T	45.664130000	-121.646580000	2672.3		
T	45.664170000	-121.646580000	2670.2		
T	45.664270000	-121.646550000	2664.8		
T	45.664310000	-121.646490000	2662.3		
T	45.664340000	-121.646310000	2657.5		
T	45.664330000	-121.646290000	2657.2		
T	45.664390000	-121.646250000	2654.1		
T	45.664530000	-121.646070000	2641.3		
T	45.664630000	-121.645990000	2632.6		
T	45.665060000	-121.645530000	2602.1		
T	45.665060000	-121.645520000	2601.4		
T	45.665190000	-121.645390000	2591.3		
T	45.665280000	-121.645330000	2586.3		
T	45.665710000	-121.645120000	2568.1		
T	45.665780000	-121.645100000	2564.1		
T	45.666130000	-121.645110000	2541.8		
T	45.666250000	-121.645070000	2533.5		
T	45.666270000	-121.645070000	2532.2		
T	45.666340000	-121.645020000	2526.9		
T	45.666400000	-121.644950000	2521.7		
T	45.666410000	-121.644950000	2521.0		
T	45.666470000	-121.644870000	2513.8		
T	45.666550000	-121.644680000	2500.0		
T	45.666560000	-121.644600000	2496.8		
T	45.666580000	-121.644560000	2493.8		
T	45.666630000	-121.644360000	2483.1		
T	45.666670000	-121.644010000	2467.4		
T	45.666730000	-121.643900000	2458.7		
T	45.666750000	-121.643560000	2443.3		
T	45.666790000	-121.643480000	2433.2		
T	45.666790000	-121.643430000	2429.8		
T	45.666720000	-121.643340000	2434.0		
T	45.666600000	-121.642990000	2425.0		
T	45.666580000	-121.642980000	2426.3		
T	45.666540000	-121.642920000	2426.0		
T	45.666540000	-121.642900000	2424.8		
T	45.666560000	-121.642870000	2421.6		
T	45.666590000	-121.642760000	2414.3		
T	45.666550000	-121.642660000	2412.7		
T	45.666550000	-121.642590000	2410.4		
T	45.666610000	-121.642400000	2402.8		
T	45.666620000	-121.642280000	2399.9		
T	45.666610000	-121.642240000	2399.3		
T	45.666650000	-121.641680000	2386.9		
T	45.666670000	-121.641620000	2385.4		
T	45.666690000	-121.641600000	2384.6		
T	45.666740000	-121.641590000	2383.3		
T	45.667140000	-121.641240000	2369.0		
T	45.667140000	-121.641230000	2368.9		
T	45.667200000	-121.641090000	2365.3		
T	45.667240000	-121.640830000	2358.3		
T	45.667270000	-121.640760000	2355.3		
T	45.667380000	-121.640590000	2346.9		
T	45.667630000	-121.640490000	2334.9		
T	45.667730000	-121.640410000	2330.7		
T	45.667770000	-121.640260000	2327.3		
T	45.667790000	-121.640240000	2326.4		
T	45.667830000	-121.640270000	2325.1		
T	45.667830000	-121.640290000	2325.3		
T	45.667850000	-121.640320000	2324.6		
T	45.667880000	-121.640330000	2323.5		
T	45.667900000	-121.640320000	2322.5		
T	45.667940000	-121.640260000	2319.5		
T	45.667990000	-121.640210000	2316.4		
T	45.668040000	-121.640120000	2313.3		
T	45.668170000	-121.639990000	2305.7		
T	45.668280000	-121.639960000	2299.9		
T	45.668340000	-121.639930000	2297.0		
T	45.668380000	-121.639860000	2295.6		
T	45.668420000	-121.639830000	2294.0		
T	45.668440000	-121.639800000	2293.4		
T	45.668530000	-121.639790000	2289.9		
T	45.668570000	-121.639750000	2288.6		
T	45.668600000	-121.639640000	2288.0		
T	45.668630000	-121.639580000	2287.1		
T	45.668670000	-121.639540000	2285.3		
T	45.668730000	-121.639450000	2282.1		
T	45.668820000	-121.639260000	2275.8		
T	45.668860000	-121.639230000	2273.2		
T	45.668930000	-121.639220000	2268.7		
T	45.669030000	-121.639240000	2260.4		
T	45.669090000	-121.639240000	2256.5		
T	45.669210000	-121.639170000	2252.8		
T	45.669270000	-121.639160000	2250.3		
T	45.669280000	-121.639150000	2250.0		
T	45.669390000	-121.639150000	2244.1		
T	45.669480000	-121.639120000	2239.5		
T	45.669570000	-121.639010000	2235.6		
T	45.669680000	-121.638770000	2231.3		
T	45.669680000	-121.638750000	2231.7		
T	45.669850000	-121.638460000	2224.0		
T	45.669920000	-121.638390000	2220.9		
T	45.669950000	-121.638320000	2220.8		
T	45.669970000	-121.638220000	2220.8		
T	45.670040000	-121.638070000	2218.6		
T	45.670060000	-121.637920000	2218.1		
T	45.670090000	-121.637840000	2217.0		
T	45.670180000	-121.637740000	2214.2		
T	45.670220000	-121.637730000	2213.0		
T	45.670280000	-121.637760000	2210.8		
T	45.670360000	-121.637750000	2207.7		
T	45.670480000	-121.637620000	2202.4		
T	45.670530000	-121.637540000	2199.2		
T	45.670600000	-121.637340000	2192.7		
T	45.670620000	-121.637220000	2189.9		
T	45.670620000	-121.637130000	2189.0		
T	45.670630000	-121.637120000	2188.3		
T	45.670630000	-121.637110000	2188.2		
T	45.670670000	-121.637080000	2185.5		
T	45.670700000	-121.636960000	2182.3		
T	45.670690000	-121.636920000	2182.3		
T	45.670700000	-121.636790000	2179.6		
T	45.670770000	-121.636600000	2173.0		
T	45.670800000	-121.636570000	2171.1		
T	45.670820000	-121.636310000	2164.2		
T	45.670800000	-121.636240000	2163.3		
T	45.670800000	-121.636090000	2158.8		
T	45.670820000	-121.636020000	2156.0		
T	45.670820000	-121.635850000	2151.2		
T	45.670800000	-121.635700000	2147.7		
T	45.670990000	-121.635510000	2134.7		
T	45.671060000	-121.635490000	2132.2		
T	45.671430000	-121.635510000	2120.3		
T	45.671660000	-121.635450000	2111.1		
T	45.671920000	-121.635450000	2097.5		
T	45.672180000	-121.635380000	2089.4		
T	45.672350000	-121.635280000	2088.1		
T	45.672360000	-121.635280000	2087.9		
T	45.672740000	-121.635030000	2085.5		
T	45.672800000	-121.634870000	2085.3		
T	45.672600000	-121.634080000	2073.3		
T	45.672530000	-121.633630000	2064.7		
T	45.672530000	-121.633550000	2062.7		
T	45.672520000	-121.633540000	2062.1		
T	45.672510000	-121.632870000	2046.8		
T	45.672710000	-121.632170000	2039.1		
T	45.672710000	-121.632070000	2038.3		
T	45.672690000	-121.631950000	2036.5		
T	45.672710000	-121.631710000	2034.6		
T	45.672870000	-121.631210000	2035.5		
T	45.672890000	-121.631090000	2034.4		
T	45.672980000	-121.631160000	2036.8		
T	45.673110000	-121.631210000	2040.1		
T	45.673240000	-121.631040000	2042.7		
T	45.673250000	-121.630950000	2043.2		
T	45.673130000	-121.630480000	2048.2		
T	45.673120000	-121.630280000	2053.5		
T	45.673150000	-121.630110000	2054.1		
T	45.673190000	-121.630030000	2054.0		
T	45.673230000	-121.630000000	2054.3		
T	45.673280000	-121.630000000	2054.9		
T	45.673400000	-121.630060000	2057.3		
T	45.673770000	-121.630490000	2059.4		
T	45.673820000	-121.630530000	2058.2		
T	45.673820000	-121.630540000	2058.5		
T	45.673990000	-121.630790000	2052.2		
T	45.674110000	-121.630860000	2055.2		
T	45.674200000	-121.630870000	2055.8		
T	45.674310000	-121.630830000	2054.0		
T	45.674380000	-121.630750000	2051.6		
T	45.674400000	-121.630690000	2050.1		
T	45.674400000	-121.630670000	2049.7		
T	45.674410000	-121.630660000	2049.5		
T	45.674400000	-121.630390000	2042.0		
T	45.674380000	-121.630310000	2039.0		
T	45.674380000	-121.630210000	2035.2		
T	45.674470000	-121.629730000	2014.6		
T	45.674600000	-121.629490000	2002.5		
T	45.674600000	-121.629480000	2002.5		
T	45.674780000	-121.629280000	1997.2		
T	45.675090000	-121.629030000	1990.3		
T	45.675230000	-121.628850000	1984.7		
T	45.675470000	-121.628470000	1953.9		
T	45.675750000	-121.628170000	1924.9		
T	45.675860000	-121.628080000	1921.3		
T	45.675870000	-121.628080000	1921.2		
T	45.676020000	-121.627950000	1921.2		
T	45.676150000	-121.627750000	1921.3		
T	45.676230000	-121.627530000	1921.5		
T	45.676240000	-121.627520000	1921.6		
T	45.676260000	-121.627440000	1921.5		
T	45.676520000	-121.626880000	1921.5		
T	45.676520000	-121.626870000	1921.5		
T	45.676650000	-121.626580000	1911.0		
T	45.676730000	-121.626470000	1900.4		
T	45.676740000	-121.626470000	1899.7		
T	45.677260000	-121.625680000	1874.2		
T	45.677490000	-121.625380000	1866.6		
T	45.677830000	-121.624770000	1834.5		
T	45.678080000	-121.624400000	1811.3		
T	45.678300000	-121.624000000	1791.9		
T	45.678300000	-121.623990000	1791.6		
T	45.678440000	-121.623720000	1784.8		
T	45.678540000	-121.623440000	1766.9		
T	45.678640000	-121.623300000	1760.1		
T	45.678830000	-121.623200000	1740.7		
T	45.679370000	-121.623030000	1739.0		
T	45.679440000	-121.622990000	1736.5		
T	45.679450000	-121.622990000	1736.3		
T	45.679610000	-121.622890000	1733.0		
T	45.679790000	-121.622740000	1725.2		
T	45.679970000	-121.622670000	1714.8		
T	45.680500000	-121.622030000	1671.4		
T	45.680650000	-121.621890000	1664.2		
T	45.680860000	-121.621770000	1661.1		
T	45.681260000	-121.621610000	1662.4		
T	45.681500000	-121.621550000	1671.4		
T	45.681840000	-121.621370000	1698.9		
T	45.681850000	-121.621370000	1699.8		
T	45.682400000	-121.621150000	1705.2		
T	45.682580000	-121.621030000	1707.7		
T	45.682710000	-121.620840000	1702.7		
T	45.682860000	-121.620670000	1701.8		
T	45.683190000	-121.620190000	1704.9		
T	45.683190000	-121.620180000	1704.6		
T	45.683450000	-121.619820000	1709.4		
T	45.683900000	-121.619090000	1699.4		
T	45.684080000	-121.618870000	1691.1		
T	45.684160000	-121.618860000	1687.9		
T	45.684250000	-121.618830000	1682.7		
T	45.684340000	-121.618850000	1676.6		
T	45.684350000	-121.618860000	1676.0		
T	45.684510000	-121.618930000	1666.3		
T	45.684520000	-121.618930000	1665.6		
T	45.684560000	-121.618950000	1663.0		
T	45.684740000	-121.618950000	1655.5		
T	45.684920000	-121.618840000	1645.6		
T	45.685030000	-121.618750000	1636.0		
T	45.685030000	-121.618740000	1635.5		
T	45.685170000	-121.618590000	1616.4		
T	45.685150000	-121.618430000	1611.2		
T	45.685150000	-121.617860000	1593.6		
T	45.685060000	-121.617360000	1597.3		
T	45.685000000	-121.617180000	1602.7		
T	45.685020000	-121.617010000	1599.0		
T	45.685070000	-121.616940000	1591.8		
T	45.685100000	-121.616860000	1585.7		
T	45.685560000	-121.616200000	1548.4		
T	45.685860000	-121.615920000	1514.7		
T	45.685860000	-121.615910000	1515.1		
T	45.686030000	-121.615720000	1503.3		
T	45.686120000	-121.615570000	1500.3		
T	45.686140000	-121.615460000	1503.3		
T	45.686110000	-121.615320000	1498.8		
T	45.686060000	-121.615200000	1497.7		
T	45.685980000	-121.615090000	1493.2		
T	45.685860000	-121.614820000	1488.7		
T	45.685820000	-121.614620000	1488.8		
T	45.685810000	-121.614440000	1489.9		
T	45.685870000	-121.614200000	1494.2		
T	45.685920000	-121.613560000	1493.1		
T	45.685970000	-121.613390000	1494.4		
T	45.685980000	-121.613010000	1491.8		
T	45.685950000	-121.612600000	1491.5		
T	45.685670000	-121.611490000	1487.3		
T	45.685460000	-121.610880000	1484.6		
T	45.685460000	-121.610720000	1485.3		
T	45.685550000	-121.610370000	1485.9		
T	45.685650000	-121.610220000	1486.0		
T	45.685800000	-121.610080000	1486.1		
T	45.685990000	-121.610010000	1486.7		
T	45.686120000	-121.610010000	1487.0		
T	45.686130000	-121.610000000	1486.9		
T	45.686480000	-121.609950000	1488.0		
T	45.686880000	-121.609850000	1488.8		
T	45.687210000	-121.609590000	1488.6		
T	45.687430000	-121.609490000	1489.6		
T	45.687440000	-121.609490000	1489.7		
T	45.687770000	-121.609330000	1492.7		
T	45.687780000	-121.609330000	1492.8		
T	45.688060000	-121.609200000	1494.3		
T	45.688110000	-121.609190000	1494.3		
T	45.688200000	-121.609220000	1494.4		
T	45.688380000	-121.609360000	1488.8		
T	45.688500000	-121.609430000	1481.1		
T	45.688570000	-121.609510000	1474.2		
T	45.688620000	-121.609430000	1473.6		
T	45.688780000	-121.609010000	1472.8		
T	45.688870000	-121.609000000	1465.2		
T	45.688950000	-121.609110000	1455.6		
T	45.688970000	-121.609100000	1454.0		
T	45.688970000	-121.609090000	1454.2		
T	45.689050000	-121.608980000	1448.8		
T	45.689080000	-121.608900000	1447.3		
T	45.689150000	-121.608520000	1448.0		
T	45.689250000	-121.608340000	1441.1		
T	45.689270000	-121.608210000	1439.1		
T	45.689260000	-121.608170000	1439.1		
T	45.689160000	-121.608010000	1437.4		
T	45.689020000	-121.607870000	1434.6		
T	45.689050000	-121.607870000	1433.9		
T	45.689060000	-121.607860000	1433.3		
T	45.689120000	-121.607860000	1432.0		
T	45.689210000	-121.607830000	1427.2		
T	45.689240000	-121.607810000	1425.5		
T	45.689510000	-121.607800000	1418.4		
T	45.689570000	-121.607820000	1417.8		
T	45.689580000	-121.607830000	1417.9		
T	45.689660000	-121.607860000	1417.9		
T	45.689690000	-121.607900000	1417.3		
T	45.689720000	-121.607970000	1415.0		
T	45.689740000	-121.607980000	1413.9		
T	45.689780000	-121.607940000	1412.9		
T	45.689830000	-121.607910000	1411.9		
T	45.689950000	-121.607720000	1412.7		
T	45.689920000	-121.607670000	1412.3		
T	45.689910000	-121.607620000	1411.2		
T	45.689950000	-121.607530000	1407.5		
T	45.689980000	-121.607490000	1404.8		
T	45.690140000	-121.607400000	1398.5		
T	45.690190000	-121.607390000	1397.5		
T	45.690210000	-121.607400000	1398.0		
T	45.690270000	-121.607530000	1396.3		
T	45.690340000	-121.607510000	1388.0		
T	45.690600000	-121.607250000	1376.5		
T	45.690620000	-121.607240000	1376.1		
T	45.690650000	-121.607210000	1376.2		
T	45.690730000	-121.607170000	1374.3		
T	45.690810000	-121.607100000	1373.3		
T	45.690840000	-121.607060000	1373.6		
T	45.690860000	-121.606980000	1375.9		
T	45.690860000	-121.606910000	1377.6		
T	45.690820000	-121.606670000	1368.7		
T	45.690910000	-121.606600000	1369.6		
T	45.691160000	-121.606530000	1375.0		
T	45.691150000	-121.606740000	1373.3		
T	45.691210000	-121.606810000	1368.7		
T	45.691220000	-121.606840000	1366.8		
T	45.691210000	-121.606940000	1362.1		
T	45.691230000	-121.606950000	1360.3		
T	45.691350000	-121.606920000	1355.1		
T	45.691410000	-121.606880000	1353.8		
T	45.691460000	-121.606820000	1354.6		
T	45.691570000	-121.606550000	1362.8		
T	45.691560000	-121.606340000	1370.9		
T	45.691590000	-121.606180000	1368.9		
T	45.691580000	-121.606150000	1367.8		
T	45.691580000	-121.606120000	1366.5		
T	45.691600000	-121.606070000	1365.2		
T	45.691620000	-121.606060000	1365.5		
T	45.691650000	-121.606070000	1366.1		
T	45.691710000	-121.606130000	1367.8		
T	45.691720000	-121.606130000	1367.3		
T	45.691760000	-121.606100000	1364.1		
T	45.691770000	-121.606070000	1363.3		
T	45.691770000	-121.606000000	1360.6		
T	45.691780000	-121.605990000	1359.9		
T	45.691800000	-121.605990000	1359.3		
T	45.691820000	-121.606020000	1358.3		
T	45.691820000	-121.606100000	1359.1		
T	45.691810000	-121.606140000	1360.3		
T	45.691820000	-121.606310000	1351.8		
T	45.691840000	-121.606300000	1349.3		
T	45.691860000	-121.606230000	1349.5		
T	45.691870000	-121.606120000	1351.1		
T	45.691900000	-121.606070000	1347.7		
T	45.691900000	-121.606010000	1348.2		
T	45.691910000	-121.605990000	1346.9		
T	45.691940000	-121.605960000	1342.7		
T	45.691970000	-121.605880000	1338.9		
T	45.691970000	-121.605860000	1338.8		
T	45.691990000	-121.605860000	1336.4		
T	45.692000000	-121.605870000	1335.3		
T	45.692000000	-121.605900000	1335.0		
T	45.691980000	-121.605950000	1337.0		
T	45.692010000	-121.606000000	1332.4		
T	45.692000000	-121.606080000	1332.1		
T	45.691970000	-121.606140000	1335.2		
T	45.691970000	-121.606270000	1331.5		
T	45.691980000	-121.606300000	1329.0		
T	45.691970000	-121.606360000	1328.2		
T	45.691980000	-121.606520000	1319.6		
T	45.691990000	-121.606520000	1318.4		
T	45.692000000	-121.606510000	1317.7		
T	45.692100000	-121.606280000	1313.6		
T	45.692160000	-121.606210000	1306.9		
T	45.692170000	-121.606150000	1306.8		
T	45.692200000	-121.606080000	1304.3		
T	45.692250000	-121.606030000	1297.9		
T	45.692260000	-121.606000000	1297.0		
T	45.692260000	-121.605960000	1297.8		
T	45.692280000	-121.605880000	1296.3		
T	45.692330000	-121.605810000	1289.6		
T	45.692330000	-121.605780000	1290.3		
T	45.692280000	-121.605640000	1300.9		
T	45.692300000	-121.605600000	1298.3		
T	45.692320000	-121.605590000	1295.1		
T	45.692350000	-121.605540000	1290.8		
T	45.692380000	-121.605440000	1287.1		
T	45.692400000	-121.605420000	1284.0		
T	45.692400000	-121.605350000	1284.8		
T	45.692420000	-121.605290000	1282.3		
T	45.692420000	-121.605210000	1283.0		
T	45.692470000	-121.605010000	1277.5		
T	45.692490000	-121.604980000	1274.6		
T	45.692500000	-121.604940000	1273.5		
T	45.692520000	-121.604920000	1270.7		
T	45.692520000	-121.604880000	1271.0		
T	45.692540000	-121.604810000	1268.8		
T	45.692540000	-121.604780000	1269.0		
T	45.692520000	-121.604740000	1270.7		
T	45.692460000	-121.604740000	1276.2		
T	45.692440000	-121.604730000	1277.1		
T	45.692430000	-121.604710000	1276.7		
T	45.692400000	-121.604690000	1277.1		
T	45.692340000	-121.604690000	1279.0		
T	45.692270000	-121.604620000	1274.3		
T	45.692200000	-121.604500000	1264.3		
T	45.692150000	-121.604450000	1259.7		
T	45.692140000	-121.604430000	1258.0		
T	45.692120000	-121.604430000	1256.9		
T	45.692100000	-121.604440000	1256.5		
T	45.692090000	-121.604480000	1258.3		
T	45.692080000	-121.604490000	1258.2		
T	45.692060000	-121.604560000	1261.8		
T	45.692030000	-121.604830000	1281.0		
T	45.691990000	-121.604920000	1286.7		
T	45.691990000	-121.604960000	1290.2		
T	45.691920000	-121.605060000	1294.7		
T	45.691880000	-121.605090000	1294.9		
T	45.691840000	-121.605100000	1292.9		
T	45.691780000	-121.605100000	1289.0		
T	45.691690000	-121.605190000	1294.7		
T	45.691670000	-121.605200000	1295.2		
T	45.691630000	-121.605240000	1298.0		
T	45.691600000	-121.605250000	1298.4		
T	45.691500000	-121.605250000	1296.9		
T	45.691470000	-121.605260000	1297.5		
T	45.691450000	-121.605250000	1296.5		
T	45.691410000	-121.605210000	1292.8		
T	45.691390000	-121.605140000	1286.8		
T	45.691120000	-121.604770000	1241.3		
T	45.691110000	-121.604780000	1240.9		
T	45.691090000	-121.604780000	1238.9		
T	45.691070000	-121.604800000	1238.1		
T	45.691050000	-121.604840000	1238.2		
T	45.691030000	-121.604860000	1237.3		
T	45.691020000	-121.604860000	1236.3		
T	45.691010000	-121.604750000	1229.6		
T	45.691030000	-121.604700000	1228.7		
T	45.691100000	-121.604600000	1229.5		
T	45.691090000	-121.604540000	1224.8		
T	45.691070000	-121.604510000	1221.4		
T	45.691040000	-121.604490000	1217.6		
T	45.691040000	-121.604460000	1216.1		
T	45.691060000	-121.604430000	1216.2		
T	45.691090000	-121.604420000	1217.5		
T	45.691120000	-121.604420000	1219.1		
T	45.691180000	-121.604470000	1226.1		
T	45.691230000	-121.604610000	1239.5		
T	45.691300000	-121.604720000	1249.4		
T	45.691330000	-121.604740000	1251.5		
T	45.691350000	-121.604810000	1257.0		
T	45.691380000	-121.604860000	1260.7		
T	45.691410000	-121.604890000	1263.5		
T	45.691440000	-121.604960000	1269.8		
T	45.691490000	-121.604990000	1271.8		
T	45.691560000	-121.604950000	1265.7		
T	45.691590000	-121.604910000	1259.7		
T	45.691640000	-121.604870000	1253.7		
T	45.691680000	-121.604810000	1248.5		
T	45.691730000	-121.604770000	1247.2		
T	45.691770000	-121.604760000	1251.0		
T	45.691790000	-121.604740000	1251.6		
T	45.691820000	-121.604550000	1240.5		
T	45.691800000	-121.604510000	1236.4		
T	45.691810000	-121.604380000	1229.4		
T	45.691790000	-121.604320000	1223.5		
T	45.691790000	-121.604240000	1217.3		
T	45.691820000	-121.604150000	1213.2		
T	45.691820000	-121.604120000	1211.0		
T	45.691810000	-121.604110000	1209.3		
T	45.691790000	-121.604110000	1207.5		
T	45.691770000	-121.604150000	1208.7		
T	45.691770000	-121.604220000	1214.1		
T	45.691760000	-121.604250000	1215.6		
T	45.691750000	-121.604260000	1215.6		
T	45.691730000	-121.604250000	1213.1		
T	45.691740000	-121.604070000	1200.4		
T	45.691750000	-121.604050000	1199.9		
T	45.691810000	-121.603990000	1201.0		
T	45.691850000	-121.603970000	1203.2		
T	45.691880000	-121.603970000	1206.0		
T	45.691900000	-121.603980000	1208.5		
T	45.691930000	-121.603980000	1210.9		
T	45.691960000	-121.603960000	1211.7		
T	45.691980000	-121.603970000	1214.1		
T	45.692010000	-121.603970000	1216.1		
T	45.692090000	-121.603940000	1217.5		
T	45.692140000	-121.603940000	1218.4		
T	45.692230000	-121.603900000	1214.3		
T	45.692250000	-121.603900000	1214.0		
T	45.692290000	-121.603880000	1210.3		
T	45.692360000	-121.603920000	1209.5		
T	45.692370000	-121.603940000	1210.7		
T	45.692390000	-121.603950000	1210.0		
T	45.692400000	-121.603950000	1209.1		
T	45.692400000	-121.603900000	1204.0		
T	45.692360000	-121.603850000	1202.6		
T	45.692320000	-121.603830000	1203.5		
T	45.692300000	-121.603830000	1204.9		
T	45.692280000	-121.603820000	1205.3		
T	45.692170000	-121.603860000	1211.5		
T	45.692120000	-121.603860000	1210.7		
T	45.692120000	-121.603850000	1209.8		
T	45.692090000	-121.603830000	1207.6		
T	45.692020000	-121.603810000	1202.8		
T	45.691940000	-121.603820000	1198.7		
T	45.691910000	-121.603810000	1195.8		
T	45.691890000	-121.603770000	1191.2		
T	45.691840000	-121.603720000	1183.5		
T	45.691820000	-121.603720000	1182.1		
T	45.691800000	-121.603730000	1181.4		
T	45.691780000	-121.603720000	1178.9		
T	45.691720000	-121.603720000	1174.0		
T	45.691690000	-121.603730000	1171.5		
T	45.691640000	-121.603780000	1169.5		
T	45.691640000	-121.603800000	1171.0		
T	45.691630000	-121.603810000	1170.7		
T	45.691610000	-121.603810000	1168.8		
T	45.691600000	-121.603790000	1166.4		
T	45.691600000	-121.603760000	1164.0		
T	45.691680000	-121.603670000	1166.2		
T	45.691680000	-121.603650000	1164.8		
T	45.691690000	-121.603640000	1165.1		
T	45.691700000	-121.603600000	1162.9		
T	45.691740000	-121.603570000	1163.9		
T	45.691870000	-121.603560000	1172.3		
T	45.691890000	-121.603570000	1174.5		
T	45.691960000	-121.603650000	1184.8		
T	45.691980000	-121.603650000	1185.8		
T	45.692040000	-121.603630000	1185.8		
T	45.692070000	-121.603630000	1186.8		
T	45.692120000	-121.603660000	1190.7		
T	45.692200000	-121.603620000	1185.7		
T	45.692300000	-121.603540000	1173.1		
T	45.692350000	-121.603540000	1170.8		
T	45.692380000	-121.603550000	1170.2		
T	45.692410000	-121.603590000	1172.6		
T	45.692430000	-121.603590000	1171.2		
T	45.692430000	-121.603550000	1166.8		
T	45.692360000	-121.603490000	1164.5		
T	45.692330000	-121.603480000	1164.9		
T	45.692300000	-121.603480000	1166.5		
T	45.692250000	-121.603500000	1170.8		
T	45.692190000	-121.603560000	1179.1		
T	45.692130000	-121.603560000	1179.5		
T	45.692110000	-121.603540000	1177.4		
T	45.692090000	-121.603480000	1171.6		
T	45.692070000	-121.603460000	1169.6		
T	45.691950000	-121.603460000	1167.4		
T	45.691930000	-121.603440000	1164.9		
T	45.691870000	-121.603410000	1159.4		
T	45.691860000	-121.603390000	1157.1		
T	45.691880000	-121.603370000	1156.4		
T	45.691910000	-121.603370000	1157.9		
T	45.691920000	-121.603380000	1159.3		
T	45.691980000	-121.603380000	1161.4		
T	45.692000000	-121.603370000	1160.7		
T	45.692000000	-121.603360000	1159.6		
T	45.691990000	-121.603340000	1157.4		
T	45.691940000	-121.603310000	1152.4		
T	45.691910000	-121.603280000	1148.2		
T	45.691850000	-121.603260000	1143.3		
T	45.691830000	-121.603230000	1139.1		
T	45.691810000	-121.603220000	1137.1		
T	45.691780000	-121.603220000	1135.4		
T	45.691770000	-121.603210000	1133.8		
T	45.691730000	-121.603210000	1131.4		
T	45.691710000	-121.603230000	1132.1		
T	45.691700000	-121.603220000	1130.5		
T	45.691640000	-121.603210000	1125.4		
T	45.691590000	-121.603240000	1123.4		
T	45.691550000	-121.603240000	1119.2		
T	45.691530000	-121.603250000	1117.8		
T	45.691520000	-121.603250000	1116.9		
T	45.691500000	-121.603270000	1116.5		
T	45.691470000	-121.603330000	1117.7		
T	45.691460000	-121.603330000	1116.8		
T	45.691450000	-121.603320000	1115.2		
T	45.691460000	-121.603300000	1114.9		
T	45.691460000	-121.603270000	1113.0		
T	45.691490000	-121.603230000	1113.0		
T	45.691500000	-121.603230000	1113.8		
T	45.691520000	-121.603210000	1114.2		
T	45.691540000	-121.603210000	1116.1		
T	45.691620000	-121.603110000	1114.9		
T	45.691640000	-121.603100000	1115.1		
T	45.691790000	-121.603090000	1122.8		
T	45.691860000	-121.603050000	1121.5		
T	45.691890000	-121.603070000	1125.1		
T	45.691980000	-121.603070000	1126.4		
T	45.692020000	-121.603140000	1134.3		
T	45.692040000	-121.603140000	1134.2		
T	45.692060000	-121.603130000	1132.8		
T	45.692140000	-121.603130000	1131.8		
T	45.692190000	-121.603160000	1134.1		
T	45.692210000	-121.603160000	1133.1		
T	45.692280000	-121.603120000	1124.5		
T	45.692300000	-121.603120000	1123.1		
T	45.692330000	-121.603100000	1118.4		
T	45.692390000	-121.603080000	1111.2		
T	45.692440000	-121.603080000	1107.6		
T	45.692460000	-121.603070000	1104.8		
T	45.692560000	-121.603080000	1100.0		
T	45.692600000	-121.603100000	1101.0		
T	45.692670000	-121.603180000	1108.3		
T	45.692700000	-121.603240000	1114.2		
T	45.692720000	-121.603240000	1114.0		
T	45.692770000	-121.603130000	1102.7		
T	45.692800000	-121.603100000	1099.7		
T	45.692830000	-121.603090000	1098.7		
T	45.692850000	-121.603060000	1095.4		
T	45.692850000	-121.603040000	1092.9		
T	45.692840000	-121.603030000	1091.6		
T	45.692830000	-121.603030000	1091.5		
T	45.692790000	-121.603070000	1096.1		
T	45.692740000	-121.603090000	1098.1		
T	45.692710000	-121.603130000	1102.5		
T	45.692620000	-121.603000000	1088.1		
T	45.692530000	-121.602960000	1086.2		
T	45.692490000	-121.602970000	1089.7		
T	45.692490000	-121.602980000	1090.9		
T	45.692480000	-121.602990000	1092.8		
T	45.692460000	-121.602990000	1094.0		
T	45.692420000	-121.602970000	1094.0		
T	45.692310000	-121.602950000	1097.8		
T	45.692220000	-121.602960000	1103.9		
T	45.692210000	-121.602940000	1101.1		
T	45.692210000	-121.602920000	1097.8		
T	45.692280000	-121.602920000	1094.8		
T	45.692330000	-121.602890000	1088.4		
T	45.692350000	-121.602860000	1083.7		
T	45.692630000	-121.602810000	1066.4		
T	45.692670000	-121.602830000	1068.4		
T	45.692780000	-121.602850000	1070.3		
T	45.692800000	-121.602840000	1069.1		
T	45.692870000	-121.602750000	1059.0		
T	45.692910000	-121.602730000	1056.9		
T	45.693020000	-121.602710000	1054.3		
T	45.693090000	-121.602710000	1052.0		
T	45.693150000	-121.602690000	1046.6		
T	45.693170000	-121.602690000	1045.7		
T	45.693190000	-121.602680000	1043.2		
T	45.693220000	-121.602640000	1034.3		
T	45.693200000	-121.602590000	1026.6		
T	45.693160000	-121.602580000	1027.8		
T	45.693130000	-121.602530000	1021.8		
T	45.693130000	-121.602470000	1012.4		
T	45.693160000	-121.602420000	1003.5		
T	45.693220000	-121.602400000	997.3		
T	45.693280000	-121.602430000	996.8		
T	45.693430000	-121.602440000	998.1		
T	45.693590000	-121.602400000	1001.7		
T	45.693640000	-121.602370000	999.6		
T	45.693740000	-121.602230000	989.3		
T	45.693740000	-121.602220000	988.9		
T	45.693770000	-121.602160000	986.4		
T	45.694040000	-121.601970000	985.2		
T	45.694050000	-121.601970000	985.2		
T	45.694140000	-121.601870000	985.2		
T	45.694320000	-121.601720000	985.2		
T	45.694400000	-121.601590000	985.8		
T	45.694490000	-121.601170000	996.5		
T	45.694470000	-121.600970000	1000.6		
T	45.694480000	-121.600780000	996.1		
T	45.694450000	-121.600740000	997.5		
T	45.694430000	-121.600650000	995.7		
T	45.694440000	-121.600610000	992.8		
T	45.694440000	-121.600470000	986.3		
T	45.694400000	-121.600370000	984.8		
T	45.694370000	-121.600350000	987.0		
T	45.694310000	-121.600240000	987.9		
T	45.694310000	-121.600230000	987.4		
T	45.694220000	-121.600120000	989.7		
T	45.694160000	-121.600070000	993.8		
T	45.694090000	-121.599900000	994.3		
T	45.694100000	-121.599780000	989.9		
T	45.694080000	-121.599730000	991.7		
T	45.694100000	-121.599600000	985.6		
T	45.694120000	-121.599660000	984.0		
T	45.694280000	-121.599440000	978.4		
T	45.694240000	-121.599330000	977.8		
T	45.694220000	-121.599320000	977.1		
T	45.694190000	-121.599200000	973.9		
T	45.694210000	-121.599160000	973.5		
T	45.694190000	-121.599140000	973.3		
T	45.694190000	-121.599130000	973.2		
T	45.694180000	-121.599130000	973.2		
T	45.694130000	-121.599070000	972.8		
T	45.694070000	-121.598950000	970.7		
T	45.694100000	-121.598820000	968.4		
T	45.694140000	-121.598790000	971.0		
T	45.694170000	-121.598710000	975.6		
T	45.694180000	-121.598640000	978.7		
T	45.693950000	-121.598360000	960.2		
T	45.693850000	-121.598160000	956.3		
T	45.693800000	-121.598010000	954.5		
T	45.693760000	-121.597950000	952.7		
T	45.693750000	-121.597950000	952.4		
T	45.693750000	-121.597940000	952.2		
T	45.693720000	-121.597910000	951.3		
T	45.693600000	-121.597700000	944.6		
T	45.693490000	-121.597590000	941.2		
T	45.693440000	-121.597500000	940.8		
T	45.693430000	-121.597330000	942.4		
T	45.693410000	-121.597300000	942.1		
T	45.693410000	-121.597180000	944.3		
T	45.693400000	-121.597140000	944.5		
T	45.693310000	-121.597050000	941.9		
T	45.693190000	-121.596980000	939.3		
T	45.693100000	-121.596950000	940.1		
T	45.693080000	-121.596910000	940.1		
T	45.693080000	-121.596900000	939.9		
T	45.693050000	-121.596850000	939.6		
T	45.692920000	-121.596830000	948.8		
T	45.692890000	-121.596840000	951.7		
T	45.692880000	-121.596910000	955.0		
T	45.692870000	-121.596930000	956.9		
T	45.692850000	-121.596920000	958.6		
T	45.692810000	-121.596870000	960.5		
T	45.692770000	-121.596750000	958.4		
T	45.692770000	-121.596690000	954.3		
T	45.692680000	-121.596600000	954.3		
T	45.692660000	-121.596440000	941.1		
T	45.692620000	-121.596320000	939.7		
T	45.692570000	-121.596240000	944.2		
T	45.692530000	-121.596230000	949.8		
T	45.692520000	-121.596110000	946.0		
T	45.692550000	-121.596040000	937.4		
T	45.692560000	-121.596030000	935.7		
T	45.692570000	-121.595960000	931.0		
T	45.692550000	-121.595780000	929.4		
T	45.692540000	-121.595760000	931.4		
T	45.692520000	-121.595550000	940.9		
T	45.692550000	-121.595290000	941.3		
T	45.692540000	-121.595280000	944.2		
T	45.692560000	-121.595160000	942.9		
T	45.692590000	-121.595150000	935.1		
T	45.692620000	-121.595080000	931.6		
T	45.692630000	-121.595070000	929.8		
T	45.692630000	-121.595060000	930.6		
T	45.692720000	-121.594860000	935.8		
T	45.692730000	-121.594850000	934.8		
T	45.692730000	-121.594840000	936.0		
T	45.692760000	-121.594790000	936.7		
T	45.692840000	-121.594720000	929.3		
T	45.692850000	-121.594680000	931.4		
T	45.692940000	-121.594530000	928.2		
T	45.693040000	-121.594440000	921.0		
T	45.693070000	-121.594440000	918.4		
T	45.693130000	-121.594380000	917.1		
T	45.693190000	-121.594230000	919.5		
T	45.693250000	-121.594140000	917.2		
T	45.693290000	-121.594110000	913.3		
T	45.693330000	-121.594150000	908.6		
T	45.693380000	-121.594170000	904.2		
T	45.693450000	-121.594150000	902.0		
T	45.693520000	-121.594070000	900.7		
T	45.693570000	-121.593890000	899.2		
T	45.693620000	-121.593810000	900.0		
T	45.693610000	-121.593450000	895.5		
T	45.693680000	-121.593240000	893.1		
T	45.693670000	-121.593190000	891.7		
T	45.693680000	-121.593040000	889.8		
T	45.693730000	-121.592800000	881.0		
T	45.693720000	-121.592670000	882.2		
T	45.693740000	-121.592650000	881.3		
T	45.693790000	-121.592530000	880.3		
T	45.693870000	-121.592430000	878.4		
T	45.693880000	-121.592430000	878.5		
T	45.693910000	-121.592410000	878.7		
T	45.694160000	-121.592130000	881.2		
T	45.694200000	-121.592100000	881.9		
T	45.694180000	-121.592030000	877.5		
T	45.694280000	-121.591900000	876.5		
T	45.694340000	-121.591770000	876.3		
T	45.694330000	-121.591750000	874.3		
T	45.694390000	-121.591680000	876.3		
T	45.694450000	-121.591540000	874.4		
T	45.694450000	-121.591520000	873.2		
T	45.694570000	-121.591400000	875.0		
T	45.694630000	-121.591360000	876.4		
T	45.694680000	-121.591180000	865.0		
T	45.694670000	-121.591150000	861.9		
T	45.694660000	-121.591030000	852.7		
T	45.694690000	-121.590860000	844.8		
T	45.694730000	-121.590800000	844.4		
T	45.694740000	-121.590680000	838.7		
T	45.694800000	-121.590590000	834.8		
T	45.694800000	-121.590500000	831.8		
T	45.694760000	-121.590410000	832.3		
T	45.694800000	-121.590100000	822.1		
T	45.694870000	-121.590010000	819.5		
T	45.694890000	-121.590000000	820.4		
T	45.694900000	-121.589880000	818.1		
T	45.695010000	-121.589560000	819.0		
T	45.695010000	-121.589530000	818.4		
T	45.694980000	-121.589410000	814.1		
T	45.694950000	-121.589360000	811.7		
T	45.694930000	-121.589350000	811.4		
T	45.694830000	-121.589210000	814.5		
T	45.694880000	-121.589140000	810.1		
T	45.694900000	-121.589080000	807.4		
T	45.694980000	-121.589030000	801.5		
T	45.694990000	-121.588930000	799.9		
T	45.695010000	-121.588890000	799.5		
T	45.695030000	-121.588760000	798.8		
T	45.695040000	-121.588750000	798.2		
T	45.695080000	-121.588640000	797.5		
T	45.695360000	-121.588140000	802.4		
T	45.695380000	-121.588070000	801.3		
T	45.695430000	-121.588000000	802.3		
T	45.695700000	-121.587800000	810.3		
T	45.695720000	-121.587650000	803.2		
T	45.695730000	-121.587630000	802.4		
T	45.695750000	-121.587510000	797.8		
T	45.695790000	-121.587440000	797.0		
T	45.695850000	-121.587250000	788.1		
T	45.695860000	-121.587160000	784.4		
T	45.695870000	-121.587140000	783.8		
T	45.695900000	-121.587120000	783.8		
T	45.695910000	-121.587000000	781.2		
T	45.695950000	-121.586960000	781.9		
T	45.695990000	-121.586840000	780.6		
T	45.696000000	-121.586690000	775.8		
T	45.695900000	-121.586540000	768.3		
T	45.695890000	-121.586480000	766.0		
T	45.695920000	-121.586420000	763.0		
T	45.695890000	-121.586330000	762.8		
T	45.695900000	-121.586140000	761.8		
T	45.695950000	-121.585880000	759.7		
T	45.695880000	-121.585690000	769.7		
T	45.695790000	-121.585630000	784.5		
T	45.695770000	-121.585460000	787.2		
T	45.695780000	-121.585440000	785.6		
T	45.695740000	-121.584670000	781.8		
T	45.695690000	-121.584440000	780.1		
T	45.695680000	-121.584430000	780.6		
T	45.695620000	-121.584190000	764.4		
T	45.695610000	-121.584190000	764.5		
T	45.695400000	-121.583600000	758.8		
T	45.695370000	-121.583550000	760.5		
T	45.695360000	-121.583510000	760.0		
T	45.695130000	-121.583040000	757.9		
T	45.695070000	-121.582550000	728.9		
T	45.695080000	-121.581840000	713.0		
T	45.695140000	-121.581340000	708.2		
T	45.695270000	-121.580820000	690.6		
T	45.695270000	-121.580780000	690.1		
T	45.695300000	-121.580680000	685.4		
T	45.695300000	-121.580660000	684.6		
T	45.695310000	-121.580640000	683.2		
T	45.695310000	-121.580620000	682.3		
T	45.695320000	-121.580610000	681.3		
T	45.695330000	-121.580570000	679.2		
T	45.695360000	-121.580560000	677.4		
T	45.695410000	-121.580510000	673.2		
T	45.695450000	-121.580490000	672.2		
T	45.695460000	-121.580490000	672.1		
T	45.695480000	-121.580480000	671.8		
T	45.695540000	-121.580470000	671.4		
T	45.695620000	-121.580420000	671.3		
T	45.695620000	-121.580410000	671.3		
T	45.695630000	-121.580410000	671.3		
T	45.695630000	-121.580400000	671.3		
T	45.695640000	-121.580400000	671.3		
T	45.695720000	-121.580290000	671.3		
T	45.695740000	-121.580220000	671.3		
T	45.695750000	-121.580210000	671.3		
T	45.695750000	-121.580200000	671.3		
T	45.695770000	-121.580160000	671.3		
T	45.695960000	-121.579500000	671.3		
T	45.696730000	-121.575560000	639.4		
T	45.696760000	-121.575500000	639.9		
T	45.696900000	-121.575360000	638.0		
T	45.697720000	-121.574840000	639.6		
T	45.697850000	-121.574790000	641.7		
T	45.699110000	-121.574510000	646.7		
T	45.699530000	-121.574340000	647.0		
T	45.699880000	-121.574120000	648.1		
T	45.700070000	-121.573970000	649.0		
T	45.700080000	-121.573950000	649.2		
T	45.700180000	-121.573860000	650.1		
T	45.700260000	-121.573720000	653.8		
T	45.700280000	-121.573640000	656.1		
T	45.700290000	-121.573630000	656.7		
T	45.700330000	-121.573310000	660.1		
T	45.700280000	-121.570160000	650.8		
T	45.703130000	-121.570170000	574.3		
T	45.703900000	-121.570100000	554.9		
T	45.704110000	-121.570040000	550.8		
T	45.704330000	-121.569910000	547.7		
T	45.705100000	-121.569210000	530.1		
T	45.705710000	-121.568740000	518.1		
T	45.706120000	-121.568270000	509.5		
T	45.706360000	-121.567890000	500.3		
T	45.706660000	-121.567140000	481.8		
T	45.706890000	-121.566330000	468.9		
T	45.707470000	-121.564950000	446.8		
T	45.707780000	-121.563600000	402.8		
T	45.708210000	-121.562650000	366.9		
T	45.710220000	-121.553280000	338.5		
T	45.710290000	-121.552510000	348.1		
T	45.710290000	-121.552250000	350.2		
T	45.710260000	-121.552000000	350.4		
T	45.710110000	-121.551530000	351.9		
T	45.710170000	-121.551480000	349.9		
T	45.710240000	-121.551390000	347.8		
T	45.710270000	-121.551280000	347.5		
T	45.710250000	-121.550180000	342.4		
T	45.710290000	-121.549920000	339.5		
T	45.710430000	-121.549590000	338.9		
T	45.710490000	-121.549500000	337.2		
T	45.710590000	-121.549390000	335.4		
T	45.710800000	-121.549230000	333.6		
T	45.710500000	-121.547780000	321.1		
T	45.710460000	-121.547350000	318.7		
T	45.710480000	-121.546590000	316.2		
T	45.710790000	-121.544100000	301.0		
T	45.710890000	-121.541250000	280.9		
T	45.710850000	-121.540480000	278.0		
T	45.710550000	-121.538680000	291.4		
T	45.710530000	-121.538620000	292.4		
T	45.709880000	-121.534800000	302.1		
T	45.709110000	-121.527230000	293.7		
T	45.708780000	-121.525050000	291.2		
T	45.708820000	-121.523760000	284.4		
T	45.708770000	-121.523050000	276.9		
T	45.708760000	-121.523030000	277.2		
T	45.708700000	-121.522120000	272.6		
T	45.708900000	-121.516390000	208.6		
T	45.708880000	-121.510520000	139.2		
T	45.708850000	-121.510370000	138.7		
T	45.708810000	-121.510280000	139.4		
T	45.708740000	-121.510220000	140.3		
T	45.708640000	-121.510190000	141.9		
T	45.708150000	-121.510190000	150.5		
T	45.708080000	-121.509850000	147.5		
T	45.707880000	-121.508200000	126.2		
T	45.707710000	-121.507280000	120.2		
T	45.707680000	-121.506970000	120.7		
T	45.707710000	-121.506550000	94.9		
T	45.708010000	-121.505450000	86.6		
T	45.708070000	-121.505110000	83.4		
T	45.708070000	-121.504780000	99.6		
T	45.708020000	-121.504510000	118.8		
T	45.707970000	-121.504360000	128.4		
T	45.707550000	-121.503580000	141.9		
T	45.707480000	-121.503330000	145.2		
T	45.707490000	-121.503050000	148.4		
T	45.707650000	-121.502230000	157.5		
T	45.707720000	-121.502040000	160.1		
T	45.707830000	-121.501830000	163.4		
T	45.707890000	-121.501760000	164.9		
T	45.707910000	-121.501750000	165.2		
T	45.708140000	-121.501530000	170.5		
T	45.708210000	-121.501410000	171.6		
T	45.708240000	-121.501230000	174.6		
T	45.708230000	-121.501120000	175.9		
T	45.708200000	-121.501020000	177.4		
T	45.708160000	-121.500960000	178.8		
T	45.708020000	-121.500870000	181.6		
T	45.707950000	-121.500880000	182.9		
T	45.707850000	-121.500920000	185.5		
T	45.706990000	-121.501870000	206.9		
T	45.706930000	-121.501910000	207.1		
T	45.706860000	-121.501930000	208.2		
T	45.706760000	-121.501930000	209.8		
T	45.706690000	-121.501890000	211.8		
T	45.706640000	-121.501840000	213.1		
T	45.706590000	-121.501750000	215.2		
T	45.706560000	-121.501650000	216.1		
T	45.706560000	-121.501470000	218.9		
T	45.706580000	-121.501370000	219.9		
T	45.706670000	-121.501220000	223.1		
T	45.706730000	-121.501170000	224.7		
T	45.707240000	-121.500920000	233.7		
T	45.707380000	-121.500820000	237.1		
T	45.707460000	-121.500700000	239.2		
T	45.707460000	-121.500670000	239.4		
T	45.707500000	-121.500540000	241.6		
T	45.707500000	-121.500440000	242.6		
T	45.707450000	-121.500290000	244.9		
T	45.707410000	-121.500230000	246.0		
T	45.707350000	-121.500170000	247.4		
T	45.707270000	-121.500140000	248.7		
T	45.707130000	-121.500170000	252.5		
T	45.707060000	-121.500230000	253.7		
T	45.707000000	-121.500310000	255.8		
T	45.706960000	-121.500400000	257.1		
T	45.706820000	-121.500610000	260.3		
T	45.706710000	-121.500700000	262.7		
T	45.706680000	-121.500710000	263.0		
T	45.706590000	-121.500710000	265.0		
T	45.706530000	-121.500680000	266.0		
T	45.706420000	-121.500570000	268.7		
T	45.706370000	-121.500390000	271.2		
T	45.706370000	-121.500280000	272.8		
T	45.706400000	-121.500160000	274.2		
T	45.706440000	-121.500070000	276.1		
T	45.706510000	-121.499990000	278.1		
T	45.706730000	-121.499870000	282.7		
T	45.706910000	-121.499730000	285.6		
T	45.707030000	-121.499570000	288.4		
T	45.707150000	-121.499330000	292.1		
T	45.707210000	-121.499110000	294.6		
T	45.707240000	-121.498900000	299.0		
T	45.707290000	-121.497800000	314.4		
T	45.707280000	-121.497360000	323.9		
T	45.707240000	-121.497110000	326.7		
T	45.707150000	-121.496900000	328.2		
T	45.707020000	-121.496760000	331.2		
T	45.706950000	-121.496710000	331.4		
T	45.706420000	-121.496470000	340.6		
T	45.706280000	-121.496380000	342.4		
T	45.706090000	-121.496170000	344.5		
T	45.705930000	-121.495850000	352.8		
T	45.705650000	-121.494850000	362.4		
T	45.705550000	-121.494280000	362.8		
T	45.705540000	-121.494270000	362.9		
T	45.705410000	-121.493480000	360.7		
T	45.705400000	-121.493260000	361.3		
T	45.704660000	-121.489400000	339.1		
T	45.704400000	-121.488760000	355.9		
T	45.703270000	-121.487160000	359.0		
T	45.703200000	-121.487030000	358.6		
T	45.703150000	-121.486820000	359.1		
T	45.703150000	-121.486760000	359.5		
T	45.703140000	-121.486730000	360.0		
T	45.703150000	-121.486480000	363.9		
T	45.703160000	-121.486470000	364.1		
T	45.703190000	-121.486330000	368.3		
T	45.703240000	-121.486220000	370.1		
T	45.703370000	-121.486050000	369.3		
T	45.703660000	-121.485790000	358.1		
T	45.703780000	-121.485650000	361.8		
T	45.703880000	-121.485400000	364.4		
T	45.703910000	-121.485260000	366.7		
T	45.703930000	-121.485020000	369.7		
T	45.703870000	-121.484640000	373.8		
T	45.703750000	-121.484380000	377.9		
T	45.703620000	-121.484220000	381.2		
T	45.703600000	-121.484210000	381.3		
T	45.702160000	-121.482680000	411.5		
T	45.702150000	-121.482680000	412.6		
T	45.701090000	-121.481450000	427.1		
T	45.700990000	-121.481380000	426.9		
T	45.700860000	-121.481320000	425.4		
T	45.700680000	-121.481270000	426.1		
T	45.700510000	-121.481180000	427.3		
T	45.700430000	-121.481090000	427.6		
T	45.700300000	-121.480810000	432.9		
T	45.700260000	-121.480680000	437.4		
T	45.700240000	-121.480550000	438.7		
T	45.700260000	-121.480010000	438.1		
T	45.700340000	-121.479260000	440.5		
T	45.700300000	-121.478810000	441.1		
T	45.700280000	-121.478760000	442.0		
T	45.700130000	-121.478070000	438.4		
T	45.700080000	-121.477940000	440.2		
T	45.699930000	-121.477690000	439.9		
T	45.699460000	-121.477140000	459.1		
T	45.699190000	-121.476230000	465.2		
T	45.699210000	-121.475670000	439.7		
T	45.699290000	-121.475180000	442.7		
T	45.699290000	-121.474860000	444.4		
T	45.699220000	-121.474600000	444.8		
T	45.699150000	-121.474470000	445.2		
T	45.699150000	-121.474460000	445.3		
T	45.699080000	-121.474360000	445.6		
T	45.699010000	-121.474300000	445.9		
T	45.698990000	-121.474270000	445.3		
T	45.698970000	-121.474270000	445.6		
T	45.698350000	-121.473920000	446.9		
T	45.698340000	-121.473920000	447.1		
T	45.698240000	-121.473830000	447.1		
T	45.698150000	-121.473690000	446.0		
T	45.698110000	-121.473600000	446.4		
T	45.698020000	-121.473280000	446.7		
T	45.697940000	-121.472820000	445.8		
T	45.697960000	-121.471610000	438.1		
T	45.697940000	-121.471540000	439.3		
T	45.697940000	-121.471510000	439.0		
T	45.697850000	-121.471330000	437.8		
T	45.697850000	-121.471320000	437.4		
T	45.697470000	-121.470770000	433.3		
T	45.697320000	-121.470430000	431.7		
T	45.697260000	-121.470100000	429.8		
T	45.697170000	-121.469020000	422.2		
T	45.696790000	-121.467220000	420.1		
T	45.696740000	-121.466560000	410.7		
T	45.696730000	-121.466540000	411.7		
T	45.696660000	-121.466050000	411.9		
T	45.696580000	-121.465730000	408.2		
T	45.696520000	-121.465580000	405.1		
T	45.696520000	-121.465560000	404.2		
T	45.696460000	-121.465480000	402.9		
T	45.696140000	-121.465190000	397.7		
T	45.695960000	-121.464940000	417.7		
T	45.695880000	-121.464440000	405.2		
T	45.695850000	-121.463840000	409.0		
T	45.695690000	-121.463330000	404.3		
T	45.695500000	-121.462900000	397.1		
T	45.695330000	-121.462600000	406.4		
T	45.695250000	-121.462410000	409.3		
T	45.695200000	-121.462220000	421.2		
T	45.695180000	-121.461750000	402.5		
T	45.695150000	-121.461620000	402.1		
T	45.694930000	-121.461230000	408.6		
T	45.694810000	-121.460310000	406.6		
T	45.694670000	-121.459650000	397.3		
T	45.694590000	-121.459510000	399.0		
T	45.694590000	-121.459500000	398.0		
T	45.694470000	-121.459320000	401.7		
T	45.694470000	-121.459310000	400.4		
T	45.694030000	-121.458490000	397.1		
T	45.693750000	-121.458160000	395.3		
T	45.693730000	-121.458120000	395.1		
T	45.693700000	-121.458090000	395.5		
T	45.693540000	-121.457770000	398.2		
T	45.693520000	-121.457700000	397.1		
T	45.693500000	-121.457670000	397.6		
T	45.693460000	-121.457540000	398.0		
T	45.693450000	-121.457530000	398.2		
T	45.693380000	-121.457310000	398.6		
T	45.693380000	-121.457290000	398.6		
T	45.693370000	-121.457280000	398.5		
T	45.692410000	-121.453990000	436.7		
T	45.692410000	-121.453970000	436.5		
T	45.692080000	-121.452890000	435.7		
T	45.691890000	-121.452500000	438.2		
T	45.691850000	-121.452370000	434.7		
T	45.691570000	-121.451850000	464.8		
T	45.691290000	-121.451420000	466.8		
T	45.690690000	-121.450620000	464.7		
T	45.690420000	-121.450360000	470.0		
T	45.690320000	-121.450290000	478.7		
T	45.690190000	-121.450140000	482.4		
T	45.690070000	-121.449870000	470.8		
T	45.690070000	-121.449860000	470.1		
T	45.690050000	-121.449820000	469.6		
T	45.690050000	-121.449810000	468.9		
T	45.689960000	-121.449660000	468.3		
T	45.689960000	-121.449650000	467.5		
T	45.689920000	-121.449590000	467.7		
T	45.689760000	-121.449450000	474.6		
T	45.689680000	-121.449340000	480.6		
T	45.689520000	-121.449200000	493.9		
T	45.689510000	-121.449200000	494.5		
T	45.689390000	-121.449050000	497.7		
T	45.689390000	-121.449040000	497.4		
T	45.689270000	-121.448850000	502.8		
T	45.689210000	-121.448610000	505.2		
T	45.689140000	-121.446670000	495.4		
T	45.689090000	-121.446260000	494.1		
T	45.689020000	-121.446070000	493.9		
T	45.688870000	-121.445810000	495.5		
T	45.688490000	-121.445370000	505.2		
T	45.688330000	-121.445120000	508.4		
T	45.688270000	-121.444980000	508.1		
T	45.688260000	-121.444970000	508.4		
T	45.688110000	-121.444520000	509.5		
T	45.688050000	-121.444180000	511.8		
T	45.688040000	-121.443940000	508.5		
T	45.688030000	-121.443910000	509.2		
T	45.688030000	-121.443230000	510.5		
T	45.688230000	-121.440870000	511.9		
T	45.688110000	-121.439860000	516.0		
T	45.687840000	-121.438450000	522.3		
T	45.687550000	-121.437420000	527.4		
T	45.687380000	-121.437080000	524.5		
T	45.686890000	-121.436440000	516.5		
T	45.686690000	-121.436100000	511.8		
T	45.686600000	-121.435780000	509.6		
T	45.686440000	-121.434280000	486.2		
T	45.686340000	-121.433850000	481.4		
T	45.686180000	-121.433390000	472.5		
T	45.686180000	-121.433370000	471.9		
T	45.684990000	-121.430220000	427.0		
T	45.684980000	-121.430210000	427.0		
T	45.684520000	-121.428120000	400.8		
T	45.684460000	-121.427600000	393.8		
T	45.684570000	-121.425560000	376.1		
T	45.684560000	-121.424930000	362.3		
T	45.684820000	-121.423400000	363.8		
T	45.684890000	-121.422700000	362.8		
T	45.684960000	-121.422360000	372.2		
T	45.684970000	-121.421430000	382.4		
T	45.685420000	-121.419180000	392.2		
T	45.685450000	-121.418560000	387.4		
T	45.685300000	-121.417420000	374.1		
T	45.685320000	-121.417080000	368.2		
T	45.685400000	-121.416610000	361.5		
T	45.685560000	-121.416180000	355.5		
T	45.685650000	-121.415740000	349.0		
T	45.685710000	-121.413280000	315.1		
T	45.685850000	-121.412470000	309.8		
T	45.685860000	-121.412220000	306.8		
T	45.685770000	-121.411850000	302.0		
T	45.685710000	-121.411740000	298.9		
T	45.685530000	-121.411560000	293.7		
T	45.685170000	-121.411400000	288.0		
T	45.685090000	-121.411310000	285.8		
T	45.684940000	-121.411050000	281.8		
T	45.684920000	-121.410920000	280.0		
T	45.684910000	-121.410900000	280.0		
T	45.684900000	-121.410560000	273.7		
T	45.684850000	-121.410180000	267.8		
T	45.684810000	-121.410020000	266.4		
T	45.684750000	-121.409900000	266.7		
T	45.684600000	-121.409680000	260.9		
T	45.684200000	-121.409230000	253.1		
T	45.683970000	-121.409050000	249.0		
T	45.683730000	-121.408940000	243.0		
T	45.683310000	-121.408880000	235.3		
T	45.683200000	-121.408840000	233.3		
T	45.683110000	-121.408780000	231.1		
T	45.682180000	-121.407940000	209.2		
T	45.682160000	-121.407930000	209.5		
T	45.682090000	-121.407850000	207.8		
T	45.682040000	-121.407750000	206.0		
T	45.682010000	-121.407500000	203.3		
T	45.682080000	-121.407350000	199.1		
T	45.682170000	-121.407260000	196.6		
T	45.682190000	-121.407250000	196.3		
T	45.682200000	-121.407250000	196.2		
T	45.682270000	-121.407210000	195.4		
T	45.682550000	-121.407180000	190.0		
T	45.682860000	-121.407040000	185.5		
T	45.682990000	-121.407010000	183.6		
T	45.683050000	-121.407010000	182.2		
T	45.683210000	-121.407060000	177.5		
T	45.683460000	-121.407200000	172.3		
T	45.683580000	-121.407230000	170.0		
T	45.683760000	-121.407220000	166.6		
T	45.683830000	-121.407190000	165.1		
T	45.684050000	-121.407050000	160.4		
T	45.684190000	-121.406990000	157.3		
T	45.684250000	-121.406980000	156.4		
T	45.684380000	-121.407010000	154.6		
T	45.684450000	-121.407040000	153.0		
T	45.684740000	-121.407260000	147.3		
T	45.684750000	-121.407260000	147.1		
T	45.684850000	-121.407330000	145.6		
T	45.684940000	-121.407360000	143.7		
T	45.685080000	-121.407370000	141.8		
T	45.685090000	-121.407360000	141.1		
T	45.685130000	-121.407350000	140.4		
T	45.685260000	-121.407260000	137.5		
T	45.685390000	-121.407010000	133.1		
T	45.685430000	-121.406770000	129.9		
T	45.685440000	-121.406340000	120.6		
T	45.685410000	-121.406120000	116.7		
T	45.685360000	-121.405930000	113.6		
T	45.684830000	-121.404850000	98.7		
T	45.684730000	-121.404430000	100.4		
T	45.684720000	-121.404160000	100.1		
T	45.684760000	-121.403610000	101.6		
T	45.684770000	-121.403590000	101.0		
T	45.684830000	-121.403120000	103.4		
T	45.684810000	-121.402790000	102.3		
T	45.684550000	-121.401510000	103.4		
T	45.684420000	-121.401270000	104.3		
T	45.684280000	-121.401110000	107.1		
T	45.684130000	-121.400980000	109.0		
T	45.683870000	-121.400690000	112.7		
T	45.683720000	-121.400480000	114.8		
T	45.683680000	-121.400380000	115.3		
T	45.683660000	-121.400360000	115.9		
T	45.683660000	-121.400350000	115.8		
T	45.683650000	-121.400340000	115.9		
T	45.683640000	-121.400340000	116.0		
T	45.683470000	-121.399380000	117.8		
T	45.683470000	-121.399250000	117.6		
T	45.682910000	-121.399250000	133.1		
T	45.682760000	-121.399220000	140.9		
T	45.682750000	-121.394350000	169.7		
T	45.682720000	-121.394240000	170.2		
T	45.682400000	-121.393580000	168.7		
T	45.682350000	-121.393390000	172.9		
T	45.682360000	-121.393070000	180.9		
T	45.682490000	-121.392060000	197.6		
T	45.682490000	-121.391830000	193.8		
T	45.682480000	-121.391800000	190.0		
T	45.682470000	-121.391510000	181.3		
T	45.682110000	-121.389900000	184.7		
T	45.681910000	-121.389280000	187.5		
T	45.681730000	-121.388850000	193.9		
T	45.681730000	-121.388840000	194.1		
T	45.681460000	-121.388300000	215.8		
T	45.681180000	-121.387850000	212.9		
T	45.680790000	-121.387330000	209.2		
T	45.680470000	-121.386620000	198.3		
T	45.679670000	-121.384330000	256.9		
T	45.679370000	-121.382520000	301.7		
T	45.679350000	-121.382270000	307.9		
T	45.679360000	-121.381970000	315.7		
T	45.679710000	-121.380160000	361.8		
T	45.679690000	-121.379540000	376.5		
T	45.679530000	-121.378890000	385.7		
T	45.679490000	-121.378620000	391.0		
T	45.679500000	-121.378380000	395.3		
T	45.679560000	-121.378150000	399.4		
T	45.679770000	-121.377660000	412.4		
T	45.679780000	-121.377660000	412.8		
T	45.679830000	-121.377560000	414.1		
T	45.680020000	-121.377290000	421.5		
T	45.680040000	-121.377280000	422.5		
T	45.680740000	-121.376510000	441.6		
T	45.681330000	-121.375740000	473.4		
T	45.681540000	-121.375380000	478.5		
T	45.681840000	-121.374540000	499.8		
T	45.681850000	-121.374530000	500.6		
T	45.681980000	-121.374060000	512.1		
T	45.681990000	-121.374050000	512.4		
T	45.682060000	-121.373460000	515.3		
T	45.682130000	-121.372220000	519.4		
T	45.682380000	-121.370790000	530.8		
T	45.682450000	-121.370540000	531.5		
T	45.682580000	-121.370250000	532.5		
T	45.682590000	-121.370240000	532.8		
T	45.682590000	-121.370230000	532.7		
T	45.683060000	-121.369290000	545.7		
T	45.683340000	-121.368500000	553.4		
T	45.683340000	-121.368480000	552.9		
T	45.683640000	-121.367470000	565.6		
T	45.683860000	-121.365620000	586.1		
T	45.683920000	-121.365390000	590.9		
T	45.684390000	-121.364320000	598.0		
T	45.684440000	-121.364050000	599.8		
T	45.684440000	-121.363800000	600.8		
T	45.684380000	-121.363530000	600.5		
T	45.684280000	-121.363330000	602.6		
T	45.684180000	-121.363200000	606.2		
T	45.683210000	-121.362380000	629.9		
T	45.683200000	-121.362380000	630.0		
T	45.682110000	-121.361490000	638.5		
T	45.682110000	-121.361480000	638.6		
T	45.681810000	-121.361200000	659.5		
T	45.681680000	-121.361020000	670.0		
T	45.681440000	-121.360530000	674.9		
T	45.681330000	-121.360100000	674.3		
T	45.681290000	-121.359810000	675.7		
T	45.681280000	-121.359510000	676.7		
T	45.681320000	-121.359090000	678.2		
T	45.681580000	-121.358030000	679.5		
T	45.681700000	-121.357330000	683.5		
T	45.681800000	-121.356120000	695.7		
T	45.681770000	-121.355230000	708.7		
T	45.681690000	-121.354420000	713.1		
T	45.681070000	-121.351390000	718.2		
T	45.680940000	-121.350980000	718.8		
T	45.680810000	-121.350690000	719.2		
T	45.680400000	-121.349950000	716.2		
T	45.680150000	-121.349300000	716.5		
T	45.679890000	-121.348200000	717.8		
T	45.679790000	-121.347920000	715.8		
T	45.679650000	-121.347630000	713.3		
T	45.678510000	-121.345670000	711.5		
T	45.677530000	-121.343650000	741.3		
T	45.676820000	-121.341910000	780.4		
T	45.676680000	-121.341640000	790.2		
T	45.676310000	-121.341090000	807.6		
T	45.675590000	-121.340220000	837.5		
T	45.675070000	-121.339420000	859.1		
T	45.673610000	-121.337400000	918.0		
T	45.673300000	-121.337120000	931.4		
T	45.673060000	-121.337030000	940.1		
T	45.672620000	-121.336970000	958.4		
T	45.671640000	-121.337130000	994.0		
T	45.670900000	-121.337160000	1028.7		
T	45.670190000	-121.337110000	1064.4		
T	45.670010000	-121.337050000	1069.5		
T	45.669840000	-121.336960000	1072.8		
T	45.669230000	-121.336550000	1092.6		
T	45.669010000	-121.336440000	1101.0		
T	45.668540000	-121.336280000	1123.2		
T	45.668530000	-121.336270000	1123.5		
T	45.666050000	-121.335420000	1151.8		
T	45.665420000	-121.335350000	1159.8		
T	45.662680000	-121.335380000	1209.8		
T	45.662400000	-121.335320000	1211.0		
T	45.662100000	-121.335190000	1214.0		
T	45.661440000	-121.334830000	1224.5		
T	45.661220000	-121.334760000	1229.3		
T	45.661000000	-121.334740000	1233.5		
T	45.660890000	-121.334750000	1235.4		
T	45.660640000	-121.334810000	1240.1		
T	45.660270000	-121.334830000	1249.2		
T	45.660110000	-121.334770000	1253.5		
T	45.659960000	-121.334690000	1257.9		
T	45.659770000	-121.334520000	1264.3		
T	45.658990000	-121.333490000	1281.0		
T	45.658770000	-121.333290000	1280.4		
T	45.658610000	-121.333200000	1282.7		
T	45.658430000	-121.333140000	1284.7		
T	45.656730000	-121.332820000	1299.7		
T	45.653960000	-121.332010000	1331.2		
T	45.653760000	-121.331930000	1336.7		
T	45.653610000	-121.331840000	1338.4		
T	45.653420000	-121.331660000	1337.3		
T	45.652660000	-121.330610000	1330.2		
T	45.652660000	-121.330600000	1330.1		
T	45.652480000	-121.330350000	1331.4		
T	45.652250000	-121.330110000	1332.1		
T	45.652250000	-121.330100000	1331.9		
T	45.650960000	-121.329190000	1347.3		
T	45.650780000	-121.329000000	1352.6		
T	45.650610000	-121.328740000	1356.2		
T	45.650010000	-121.327350000	1376.3		
T	45.649630000	-121.326120000	1379.0		
T	45.649620000	-121.326110000	1379.3		
T	45.649520000	-121.325870000	1379.7		
T	45.649420000	-121.325710000	1382.2		
T	45.649260000	-121.325540000	1387.4		
T	45.648950000	-121.325330000	1393.5		
T	45.646650000	-121.324040000	1401.8		
T	45.646300000	-121.323900000	1398.6		
T	45.646120000	-121.323860000	1397.2		
T	45.645320000	-121.323870000	1388.5		
T	45.645200000	-121.323840000	1388.1		
T	45.644840000	-121.323680000	1388.5		
T	45.644340000	-121.323380000	1395.9		
T	45.644150000	-121.323130000	1400.0		
T	45.644110000	-121.323000000	1401.9		
T	45.644100000	-121.323000000	1402.0		
T	45.644050000	-121.322830000	1405.7		
T	45.643960000	-121.321870000	1426.2		
T	45.643980000	-121.321560000	1434.0		
T	45.644180000	-121.320240000	1459.3		
T	45.644190000	-121.320220000	1459.3		
T	45.644240000	-121.319620000	1466.9		
T	45.644210000	-121.319330000	1471.4		
T	45.644130000	-121.318960000	1476.0		
T	45.644050000	-121.318750000	1477.9		
T	45.644040000	-121.318740000	1478.1		
T	45.644040000	-121.318730000	1478.0		
T	45.643860000	-121.318410000	1478.5		
T	45.643700000	-121.318200000	1478.3		
T	45.643680000	-121.318190000	1478.5		
T	45.643680000	-121.318180000	1478.4		
T	45.642770000	-121.317310000	1490.1		
T	45.642560000	-121.317050000	1475.2		
T	45.642430000	-121.316750000	1472.0		
T	45.642420000	-121.316740000	1472.6		
T	45.642350000	-121.316450000	1481.8		
T	45.642140000	-121.314200000	1545.6		
T	45.642040000	-121.313600000	1560.6		
T	45.641930000	-121.313270000	1565.6		
T	45.641790000	-121.312970000	1571.4		
T	45.641590000	-121.312670000	1575.0		
T	45.641210000	-121.312230000	1573.4		
T	45.641100000	-121.312050000	1572.1		
T	45.640960000	-121.311660000	1576.4		
T	45.640900000	-121.311330000	1585.8		
T	45.640900000	-121.311030000	1594.2		
T	45.640930000	-121.310720000	1602.0		
T	45.641200000	-121.309800000	1622.4		
T	45.641240000	-121.309430000	1626.9		
T	45.641240000	-121.309100000	1630.8		
T	45.641200000	-121.308730000	1633.7		
T	45.641130000	-121.308430000	1635.3		
T	45.640590000	-121.306970000	1654.4		
T	45.639930000	-121.304040000	1680.7		
T	45.639210000	-121.301680000	1735.7		
T	45.638490000	-121.298070000	1791.0		
T	45.638300000	-121.297450000	1798.7		
T	45.638140000	-121.297160000	1800.6		
T	45.637940000	-121.296880000	1800.5		
T	45.637640000	-121.296600000	1798.8		
T	45.637480000	-121.296490000	1796.9		
T	45.637470000	-121.296490000	1796.9		
T	45.637420000	-121.296460000	1795.9		
T	45.637260000	-121.296320000	1790.4		
T	45.637170000	-121.296190000	1784.2		
T	45.637170000	-121.296180000	1783.9		
T	45.637080000	-121.296030000	1777.5		
T	45.636980000	-121.295620000	1771.0		
T	45.636890000	-121.293900000	1746.6		
T	45.636920000	-121.293630000	1741.9		
T	45.637490000	-121.291490000	1690.5		
T	45.637500000	-121.291280000	1689.4		
T	45.637480000	-121.291120000	1691.8		
T	45.637350000	-121.290850000	1683.2		
T	45.637080000	-121.290480000	1668.2		
T	45.637070000	-121.290480000	1667.5		
T	45.636300000	-121.289410000	1648.8		
T	45.636300000	-121.289400000	1649.0		
T	45.635980000	-121.288740000	1626.3		
T	45.634850000	-121.285730000	1571.2		
T	45.634830000	-121.285470000	1567.3		
T	45.634850000	-121.285190000	1558.2		
T	45.634940000	-121.284940000	1551.7		
T	45.635140000	-121.284690000	1550.0		
T	45.635380000	-121.284460000	1547.1		
T	45.635580000	-121.284310000	1541.6		
T	45.635790000	-121.284210000	1537.2		
T	45.636060000	-121.284160000	1526.2		
T	45.636460000	-121.284170000	1498.3		
T	45.638100000	-121.284400000	1461.4		
T	45.638190000	-121.284390000	1459.2		
T	45.638240000	-121.284350000	1457.0		
T	45.638330000	-121.284230000	1454.1		
T	45.638370000	-121.284110000	1455.9		
T	45.638380000	-121.283990000	1460.0		
T	45.638350000	-121.283860000	1460.9		
T	45.638280000	-121.283720000	1460.3		
T	45.638070000	-121.283440000	1454.2		
T	45.637980000	-121.283240000	1448.4		
T	45.637950000	-121.283100000	1441.8		
T	45.637940000	-121.282750000	1427.9		
T	45.637990000	-121.281790000	1415.8		
T	45.638230000	-121.281000000	1384.1		
T	45.638280000	-121.280700000	1378.4		
T	45.638260000	-121.280500000	1375.8		
T	45.638180000	-121.280240000	1374.4		
T	45.638070000	-121.280050000	1372.1		
T	45.636600000	-121.278580000	1340.0		
T	45.636470000	-121.278380000	1337.1		
T	45.636400000	-121.278200000	1334.5		
T	45.636340000	-121.277930000	1330.7		
T	45.636320000	-121.277680000	1327.1		
T	45.636330000	-121.277450000	1318.5		
T	45.636380000	-121.277220000	1311.2		
T	45.637200000	-121.275260000	1280.7		
T	45.637260000	-121.275020000	1268.6		
T	45.637250000	-121.274770000	1252.3		
T	45.637150000	-121.274530000	1235.5		
T	45.637030000	-121.274420000	1228.3		
T	45.636940000	-121.274380000	1226.2		
T	45.636820000	-121.274370000	1224.2		
T	45.636680000	-121.274420000	1222.1		
T	45.635620000	-121.275130000	1190.2		
T	45.635610000	-121.275130000	1189.5		
T	45.634800000	-121.275690000	1172.8		
T	45.634670000	-121.275850000	1172.6		
T	45.634670000	-121.275860000	1172.8		
T	45.634540000	-121.276050000	1172.0		
T	45.634370000	-121.276480000	1171.0		
T	45.633910000	-121.278530000	1119.4		
T	45.633830000	-121.278660000	1115.5		
T	45.633720000	-121.278710000	1113.5		
T	45.633660000	-121.278710000	1113.9		
T	45.633580000	-121.278650000	1113.2		
T	45.633530000	-121.278560000	1110.6		
T	45.633500000	-121.278430000	1103.0		
T	45.633530000	-121.278010000	1095.9		
T	45.633520000	-121.277880000	1095.1		
T	45.633260000	-121.276860000	1068.8		
T	45.633250000	-121.276220000	1055.3		
T	45.633420000	-121.275010000	1015.5		
T	45.633410000	-121.274470000	1010.5		
T	45.633320000	-121.274000000	1010.0		
T	45.632870000	-121.272620000	967.0		
T	45.632850000	-121.272470000	964.8		
T	45.632840000	-121.271930000	955.1		
T	45.632880000	-121.271310000	956.0		
T	45.632940000	-121.270980000	956.9		
T	45.633010000	-121.270750000	955.3		
T	45.633130000	-121.270480000	952.9		
T	45.633380000	-121.270170000	948.0		
T	45.634240000	-121.269330000	939.5		
T	45.634250000	-121.269330000	939.2		
T	45.634350000	-121.269160000	935.7		
T	45.634350000	-121.269130000	935.6		
T	45.634370000	-121.269090000	934.8		
T	45.634950000	-121.266930000	884.5		
T	45.635550000	-121.265230000	838.3		
T	45.635650000	-121.265020000	835.6		
T	45.635970000	-121.264600000	825.8		
T	45.636180000	-121.264270000	814.5		
T	45.636630000	-121.262810000	784.7		
T	45.636640000	-121.262800000	783.9		
T	45.636720000	-121.262510000	779.0		
T	45.637230000	-121.259830000	707.2		
T	45.637230000	-121.259780000	705.8		
T	45.637410000	-121.258830000	685.0		
T	45.637410000	-121.258780000	683.9		
T	45.637450000	-121.258580000	677.4		
T	45.637470000	-121.258180000	668.8		
T	45.637310000	-121.255630000	626.9		
T	45.637310000	-121.255180000	624.1		
T	45.637350000	-121.254910000	621.2		
T	45.637640000	-121.253780000	611.8		
T	45.638600000	-121.247790000	558.8		
T	45.638610000	-121.247550000	557.3		
T	45.638470000	-121.245500000	549.5		
T	45.638330000	-121.244990000	545.2		
T	45.638320000	-121.244980000	544.7		
T	45.638260000	-121.244760000	542.5		
T	45.637980000	-121.241430000	517.6		
T	45.637880000	-121.241070000	516.1		
T	45.637790000	-121.240850000	515.6		
T	45.637470000	-121.240390000	514.0		
T	45.637170000	-121.240130000	512.5		
T	45.637160000	-121.240130000	512.2		
T	45.636960000	-121.240000000	509.9		
T	45.635980000	-121.239490000	502.1		
T	45.635700000	-121.239400000	501.3		
T	45.635500000	-121.239360000	499.6		
T	45.634490000	-121.239380000	485.5		
T	45.634480000	-121.239390000	485.1		
T	45.634390000	-121.239400000	483.1		
T	45.634380000	-121.239410000	481.4		
T	45.634140000	-121.239490000	448.8		
T	45.633960000	-121.239480000	445.6		
T	45.633190000	-121.239260000	449.7		
T	45.633070000	-121.239270000	446.0		
T	45.633060000	-121.239280000	445.3		
T	45.632840000	-121.239310000	419.6		
T	45.632660000	-121.239290000	408.8		
T	45.631720000	-121.238660000	409.9		
T	45.631750000	-121.238400000	410.9		
T	45.631740000	-121.238390000	410.8		
T	45.631720000	-121.238180000	409.4		
T	45.631610000	-121.237630000	400.3		
T	45.631520000	-121.237350000	395.7		
T	45.631500000	-121.237160000	393.7		
T	45.631490000	-121.237140000	393.3		
T	45.631550000	-121.236740000	388.9		
T	45.631580000	-121.235860000	370.9		
T	45.631620000	-121.235640000	364.1		
T	45.631670000	-121.235520000	360.0		
T	45.631700000	-121.235480000	357.8		
T	45.631700000	-121.235460000	357.0		
T	45.631720000	-121.235430000	355.4		
T	45.631760000	-121.235320000	350.9		
T	45.631790000	-121.235170000	344.7		
T	45.631780000	-121.234970000	338.2		
T	45.631720000	-121.234740000	335.0		
T	45.631630000	-121.234590000	334.5		
T	45.631580000	-121.234550000	334.8		
T	45.631560000	-121.234520000	334.4		
T	45.631440000	-121.234470000	335.0		
T	45.631430000	-121.234460000	334.8		
T	45.631070000	-121.234440000	333.9		
T	45.630900000	-121.234400000	329.6		
T	45.630780000	-121.234180000	319.7		
T	45.630640000	-121.234000000	311.2		
T	45.630270000	-121.233730000	295.6		
T	45.630420000	-121.233180000	288.2		
T	45.630510000	-121.232420000	255.3		
T	45.630500000	-121.232150000	254.6		
T	45.630400000	-121.231590000	253.9		
T	45.630190000	-121.231020000	251.2		
T	45.629230000	-121.228820000	216.7		
T	45.629010000	-121.228490000	209.0		
T	45.628820000	-121.228290000	214.4		
T	45.628710000	-121.228200000	223.8		
T	45.628470000	-121.228060000	229.2		
T	45.624870000	-121.226510000	201.9		
T	45.621520000	-121.224640000	201.7		
T	45.619140000	-121.223110000	201.3		
T	45.615350000	-121.220960000	201.5		
T	45.614940000	-121.220620000	201.3		
T	45.613860000	-121.219490000	199.6		
T	45.611890000	-121.216340000	196.6		
T	45.610920000	-121.215050000	194.5		
T	45.604680000	-121.205410000	176.7		
T	45.604500000	-121.204980000	177.2		
T	45.603860000	-121.202920000	167.6		
T	45.596270000	-121.186870000	240.0		
T	45.596310000	-121.186700000	238.9		
T	45.596300000	-121.186570000	239.3		
T	45.596310000	-121.186480000	239.0		
T	45.596280000	-121.186270000	238.3		
T	45.594770000	-121.181530000	253.6		
T	45.594720000	-121.181300000	254.2		
T	45.594730000	-121.181160000	254.0		
T	45.594770000	-121.181050000	253.3		
T	45.594730000	-121.164200000	252.4		
T	45.594880000	-121.162490000	254.8		
T	45.594890000	-121.155660000	301.7		
T	45.595030000	-121.155390000	300.9		
T	45.595370000	-121.154480000	297.4		
T	45.595490000	-121.154040000	298.5		
T	45.595570000	-121.153040000	302.2		
T	45.596380000	-121.147520000	327.5		
T	45.596900000	-121.145010000	340.2		
T	45.596970000	-121.144420000	343.3		
T	45.596990000	-121.143700000	346.5		
T	45.596790000	-121.142140000	350.3		
T	45.596710000	-121.141140000	351.8		
T	45.596720000	-121.140920000	349.8		
T	45.596790000	-121.140680000	342.6		
T	45.596880000	-121.139800000	328.1		
T	45.597120000	-121.138540000	310.6		
T	45.597400000	-121.137730000	295.1		
T	45.597400000	-121.137690000	293.3		
T	45.597450000	-121.137480000	277.9		
T	45.597460000	-121.137130000	261.8		
T	45.597430000	-121.136940000	257.4		
T	45.597420000	-121.136930000	258.5		
T	45.597420000	-121.136910000	257.6		
T	45.597320000	-121.136620000	254.6		
T	45.597160000	-121.136310000	255.7		
T	45.597140000	-121.136290000	256.9		
T	45.596900000	-121.135820000	264.6		
T	45.596740000	-121.135570000	266.0		
T	45.596570000	-121.135370000	266.6		
T	45.596430000	-121.135270000	268.3		
T	45.596190000	-121.135000000	261.3		
T	45.596150000	-121.134890000	256.1		
T	45.596130000	-121.134590000	251.8		
T	45.596230000	-121.134590000	251.2		
T	45.596320000	-121.134430000	261.1		
T	45.596350000	-121.134400000	263.3		
T	45.596360000	-121.134400000	263.4		
T	45.596390000	-121.134370000	265.6		
T	45.596460000	-121.134340000	268.3		
T	45.596630000	-121.134370000	268.8		
T	45.596670000	-121.134400000	267.5		
T	45.596940000	-121.134700000	255.8		
T	45.596980000	-121.134770000	254.1		
T	45.597530000	-121.135450000	258.8		
T	45.597720000	-121.135600000	264.5		
T	45.597810000	-121.135650000	267.2		
T	45.597880000	-121.135660000	270.9		
T	45.598040000	-121.135740000	277.7		
T	45.598120000	-121.135760000	282.7		
T	45.598160000	-121.135780000	285.3		
T	45.598520000	-121.135850000	296.6		
T	45.598920000	-121.135850000	312.1		
T	45.598940000	-121.135840000	312.7		
T	45.598970000	-121.135840000	314.0		
T	45.599120000	-121.135800000	318.1		
T	45.599410000	-121.135800000	323.6		
T	45.599760000	-121.135660000	325.9		
T	45.599860000	-121.135580000	325.9		
T	45.599980000	-121.135300000	325.7		
T	45.600030000	-121.135030000	325.3		
T	45.600050000	-121.132150000	331.9		
T	45.600090000	-121.131960000	331.9		
T	45.600150000	-121.131800000	333.7		
T	45.600360000	-121.131540000	335.4		
T	45.600680000	-121.131340000	336.0		
T	45.601010000	-121.130960000	340.0		
T	45.601410000	-121.130600000	353.0		
T	45.602290000	-121.130000000	377.9		
T	45.602440000	-121.129800000	382.0		
T	45.602560000	-121.129560000	383.9		
T	45.602580000	-121.129480000	384.0		
T	45.602590000	-121.129470000	383.9		
T	45.602790000	-121.128230000	395.6		
T	45.602970000	-121.127480000	402.0		
T	45.603490000	-121.126280000	410.9		
T	45.603610000	-121.126070000	410.4		
T	45.604290000	-121.124580000	407.1		
T	45.604440000	-121.124350000	410.5		
T	45.604460000	-121.124210000	414.3		
T	45.604800000	-121.123820000	415.4		
T	45.605020000	-121.123630000	416.1		
T	45.605160000	-121.123470000	416.2		
T	45.605160000	-121.123460000	416.2		
T	45.607240000	-121.121110000	428.5		
T	45.608010000	-121.120130000	434.8		
T	45.608420000	-121.119500000	429.8		
T	45.608560000	-121.119190000	426.0		
T	45.608620000	-121.119000000	424.4		
T	45.608680000	-121.118680000	422.0		
T	45.608660000	-121.117400000	426.0		
T	45.608580000	-121.116650000	429.6		
T	45.607890000	-121.112380000	456.5		
T	45.607850000	-121.111520000	447.9		
T	45.607940000	-121.110470000	429.8		
T	45.608110000	-121.109820000	404.0		
T	45.608180000	-121.109410000	390.8		
T	45.608240000	-121.108700000	384.0		
T	45.608430000	-121.108050000	359.0		
T	45.608950000	-121.106730000	351.1		
T	45.609110000	-121.104340000	353.9		
T	45.609050000	-121.103250000	349.2		
T	45.608240000	-121.099090000	333.2		
T	45.607980000	-121.097070000	340.1		
T	45.607970000	-121.097050000	340.8		
T	45.607630000	-121.094580000	348.3		
T	45.607030000	-121.092150000	336.5		
T	45.606420000	-121.090140000	331.2		
T	45.606170000	-121.089680000	325.9		
T	45.605930000	-121.089500000	297.6		
T	45.605450000	-121.089000000	295.8		
T	45.605430000	-121.088960000	294.8		
T	45.605090000	-121.088550000	295.3		
T	45.604930000	-121.088230000	293.5		
T	45.604840000	-121.087950000	296.5		
T	45.604820000	-121.087680000	299.5		
T	45.604840000	-121.087380000	303.7		
T	45.604910000	-121.087160000	304.6		
T	45.605040000	-121.086890000	308.1		
T	45.605210000	-121.086670000	309.9		
T	45.605370000	-121.086560000	304.1		
T	45.605730000	-121.086380000	292.2		
T	45.605960000	-121.086230000	278.9		
T	45.606150000	-121.086070000	265.3		
T	45.606350000	-121.085760000	254.7		
T	45.606480000	-121.085480000	256.1		
T	45.606530000	-121.085320000	258.7		
T	45.606530000	-121.085290000	259.2		
T	45.606610000	-121.085000000	271.3		
T	45.606650000	-121.084650000	285.5		
T	45.606650000	-121.084060000	288.8		
T	45.606830000	-121.084010000	291.8		
T	45.606920000	-121.083960000	292.6		
T	45.606950000	-121.083930000	292.8		
T	45.608750000	-121.079700000	316.6		
T	45.608980000	-121.079250000	314.2		
T	45.609420000	-121.078660000	307.3		
T	45.610530000	-121.077540000	302.2		
T	45.611420000	-121.076720000	334.6		
T	45.612810000	-121.075600000	343.0		
T	45.613360000	-121.075100000	337.2		
T	45.613820000	-121.074760000	333.4		
T	45.613940000	-121.074700000	332.5		
T	45.614340000	-121.074570000	332.8		
T	45.614480000	-121.074550000	334.2		
T	45.614900000	-121.074420000	332.6		
T	45.616160000	-121.074200000	342.8		
T	45.616660000	-121.073930000	343.1		
T	45.619030000	-121.072180000	339.9		
T	45.620870000	-121.071290000	345.2		
T	45.622570000	-121.070320000	349.1		
T	45.622870000	-121.070120000	349.9		
T	45.622940000	-121.070040000	349.8		
T	45.622950000	-121.070040000	350.2		
T	45.623090000	-121.069900000	352.1		
T	45.623090000	-121.069890000	351.9		
T	45.623260000	-121.069630000	355.3		
T	45.624270000	-121.067150000	381.2		
T	45.624410000	-121.066960000	383.2		
T	45.624660000	-121.066720000	388.1		
T	45.624830000	-121.066600000	388.3		
T	45.625030000	-121.066530000	389.0		
T	45.625140000	-121.066510000	388.7		
T	45.625310000	-121.066520000	386.1		
T	45.625400000	-121.066540000	383.5		
T	45.625700000	-121.066740000	379.9		
T	45.627010000	-121.068650000	387.4		
T	45.627140000	-121.068780000	386.2		
T	45.627460000	-121.069020000	385.6		
T	45.627780000	-121.069100000	381.6		
T	45.628270000	-121.069090000	385.6		
T	45.629050000	-121.068790000	386.3		
T	45.629450000	-121.068560000	387.7		
T	45.629800000	-121.068150000	387.7		
T	45.629980000	-121.067540000	387.2		
T	45.630560000	-121.064200000	415.7		
T	45.633820000	-121.057650000	424.8		
T	45.633830000	-121.057640000	425.4		
T	45.633940000	-121.057310000	423.6		
T	45.634150000	-121.056150000	422.9		
T	45.634150000	-121.055530000	422.0		
T	45.634050000	-121.055100000	421.6		
T	45.633900000	-121.054660000	424.8		
T	45.633740000	-121.054510000	423.1		
T	45.633580000	-121.054410000	423.4		
T	45.633390000	-121.054350000	423.0		
T	45.632490000	-121.054220000	424.9		
T	45.632260000	-121.054230000	426.1		
T	45.632060000	-121.054360000	422.8		
T	45.631780000	-121.054440000	422.1		
T	45.631530000	-121.054540000	416.7		
T	45.631210000	-121.054490000	413.1		
T	45.630920000	-121.054320000	412.3		
T	45.630680000	-121.054050000	417.6		
T	45.630440000	-121.053690000	421.8		
T	45.630220000	-121.053170000	421.6		
T	45.630130000	-121.052750000	420.7		
T	45.630110000	-121.052440000	421.0		
T	45.630130000	-121.052040000	422.1		
T	45.630180000	-121.051680000	422.6		
T	45.630290000	-121.051240000	425.7		
T	45.630600000	-121.050540000	436.5		
T	45.630750000	-121.049700000	435.2		
T	45.630780000	-121.049190000	435.5		
T	45.630770000	-121.048630000	436.8		
T	45.630730000	-121.048230000	437.0		
T	45.630600000	-121.047770000	435.4		
T	45.630210000	-121.046700000	431.0		
T	45.629970000	-121.046210000	430.1		
T	45.629190000	-121.044840000	427.4		
T	45.628710000	-121.043270000	429.6		
T	45.628510000	-121.042800000	430.0		
T	45.628390000	-121.042590000	430.9		
T	45.627890000	-121.041880000	429.6		
T	45.626870000	-121.039940000	426.9		
T	45.626670000	-121.039430000	426.0		
T	45.626530000	-121.038520000	428.3		
T	45.626540000	-121.038190000	427.0		
T	45.626660000	-121.037890000	427.0		
T	45.626900000	-121.037640000	427.6		
T	45.627290000	-121.037470000	430.6		
T	45.627400000	-121.037460000	431.7		
T	45.627400000	-121.037450000	431.2		
T	45.628010000	-121.037370000	437.2		
T	45.628290000	-121.037260000	439.6		
T	45.628290000	-121.037250000	439.0		
T	45.628660000	-121.037040000	441.7		
T	45.628770000	-121.036920000	451.4		
T	45.629050000	-121.036520000	460.8		
T	45.629350000	-121.035330000	464.8		
T	45.629410000	-121.034500000	468.6		
T	45.629380000	-121.034050000	486.0		
T	45.629240000	-121.033250000	497.6		
T	45.629230000	-121.032440000	503.7		
T	45.629760000	-121.027600000	477.1		
T	45.629760000	-121.026970000	475.3		
T	45.629640000	-121.026360000	469.9		
T	45.628540000	-121.022490000	472.1		
T	45.628410000	-121.022180000	471.4		
T	45.627510000	-121.021060000	466.1		
T	45.627270000	-121.020600000	465.3		
T	45.627260000	-121.020600000	464.9		
T	45.627180000	-121.020430000	464.8		
T	45.626540000	-121.017980000	471.4		
T	45.626270000	-121.017210000	471.6		
T	45.624870000	-121.014100000	470.1		
T	45.623810000	-121.012520000	489.6		
T	45.623400000	-121.011750000	489.6		
T	45.623180000	-121.010990000	490.5		
T	45.623070000	-121.010390000	491.0		
T	45.623040000	-121.010080000	490.9		
T	45.623050000	-121.009520000	491.1		
T	45.623300000	-121.008020000	493.4		
T	45.623310000	-121.008020000	494.7		
T	45.623640000	-121.006300000	493.3		
T	45.623690000	-121.005580000	495.4		
T	45.624150000	-121.002010000	498.9		
T	45.624470000	-121.002010000	506.4		
T	45.624610000	-121.002070000	508.9		
T	45.625050000	-121.002390000	517.0		
T	45.625370000	-121.002740000	537.5		
T	45.625560000	-121.002840000	549.9		
T	45.626590000	-121.002900000	589.4		
T	45.626860000	-121.002940000	597.8		
T	45.627180000	-121.003060000	601.1		
T	45.627630000	-121.003120000	605.5		
T	45.627850000	-121.003230000	618.3		
T	45.628120000	-121.003460000	633.2		
T	45.628390000	-121.003770000	643.3		
T	45.628500000	-121.003980000	648.7		
T	45.628740000	-121.005270000	655.2		
T	45.628910000	-121.005740000	657.4		
T	45.629200000	-121.006310000	661.4		
T	45.629570000	-121.006930000	661.5		
T	45.629900000	-121.007390000	668.0		
T	45.630290000	-121.007780000	676.7		
T	45.630870000	-121.008270000	678.1		
T	45.633500000	-121.010100000	679.5		
T	45.634100000	-121.010450000	679.5		
T	45.634260000	-121.010520000	679.5		
T	45.634270000	-121.010530000	679.5		
T	45.634530000	-121.010610000	679.5		
T	45.634920000	-121.010670000	680.2		
T	45.635160000	-121.010680000	688.0		
T	45.635180000	-121.010690000	689.0		
T	45.636840000	-121.010800000	716.5		
T	45.638570000	-121.011160000	715.6		
T	45.639090000	-121.011330000	715.6		
T	45.639100000	-121.011340000	715.6		
T	45.639470000	-121.011420000	716.0		
T	45.639950000	-121.011400000	718.1		
T	45.640370000	-121.011220000	728.4		
T	45.640920000	-121.010800000	730.7		
T	45.641140000	-121.010580000	730.0		
T	45.641260000	-121.010310000	733.2		
T	45.641550000	-121.008700000	747.2		
T	45.641510000	-121.008340000	745.7		
T	45.641030000	-121.006590000	760.8		
T	45.640710000	-121.005720000	792.0		
T	45.640640000	-121.005110000	792.6		
T	45.640590000	-121.004150000	768.3		
T	45.640620000	-121.001430000	755.6		
T	45.640760000	-120.999880000	747.2		
T	45.640930000	-120.999230000	739.1		
T	45.641170000	-120.998560000	737.8		
T	45.641240000	-120.998230000	738.1		
T	45.641260000	-120.997900000	737.2		
T	45.641220000	-120.997730000	736.9		
T	45.641100000	-120.997460000	736.8		
T	45.641060000	-120.997290000	740.8		
T	45.641090000	-120.997040000	744.1		
T	45.641260000	-120.996540000	741.1		
T	45.641270000	-120.996190000	735.7		
T	45.640950000	-120.994580000	723.0		
T	45.640970000	-120.994350000	722.8		
T	45.641090000	-120.993970000	723.5		
T	45.641150000	-120.993630000	721.4		
T	45.641150000	-120.993340000	718.8		
T	45.641060000	-120.992900000	716.5		
T	45.640310000	-120.990730000	721.2		
T	45.640230000	-120.990170000	720.2		
T	45.640220000	-120.989810000	719.7		
T	45.640130000	-120.989300000	720.0		
T	45.640020000	-120.989060000	722.1		
T	45.639900000	-120.988870000	724.5		
T	45.639840000	-120.988490000	724.7		
T	45.640150000	-120.986440000	738.2		
T	45.640250000	-120.986130000	739.4		
T	45.641110000	-120.984790000	746.8		
T	45.641310000	-120.984310000	741.0		
T	45.641340000	-120.984050000	742.4		
T	45.641220000	-120.982590000	734.3		
T	45.640790000	-120.980750000	728.6		
T	45.640310000	-120.977930000	772.1		
T	45.640300000	-120.977740000	774.7		
T	45.640330000	-120.977370000	787.0		
T	45.640280000	-120.976720000	793.0		
T	45.640320000	-120.976500000	792.9		
T	45.640420000	-120.976260000	788.1		
T	45.640420000	-120.976250000	788.1		
T	45.640630000	-120.975780000	768.4		
T	45.640670000	-120.975610000	765.5		
T	45.640560000	-120.974320000	763.3		
T	45.640550000	-120.972860000	761.8		
T	45.640480000	-120.971860000	765.1		
T	45.640310000	-120.971060000	764.4		
T	45.640000000	-120.970120000	761.3		
T	45.638550000	-120.966910000	754.1		
T	45.636440000	-120.958830000	753.8		
T	45.636430000	-120.958820000	754.0		
T	45.635740000	-120.956460000	758.6		
T	45.635730000	-120.956450000	758.8		
T	45.635320000	-120.955040000	759.9		
T	45.635310000	-120.955030000	760.1		
T	45.634870000	-120.953570000	776.6		
T	45.634830000	-120.953280000	777.1		
T	45.634930000	-120.952290000	767.7		
T	45.634900000	-120.951320000	771.2		
T	45.634790000	-120.950390000	768.9		
T	45.634810000	-120.949180000	762.9		
T	45.634780000	-120.948920000	762.2		
T	45.634360000	-120.947190000	758.3		
T	45.634370000	-120.947000000	756.5		
T	45.634440000	-120.946810000	755.0		
T	45.634590000	-120.946560000	743.0		
T	45.634660000	-120.946330000	734.0		
T	45.634690000	-120.945910000	740.9		
T	45.634650000	-120.944750000	745.8		
T	45.634420000	-120.943170000	734.4		
T	45.634370000	-120.943050000	735.8		
T	45.634150000	-120.942680000	744.6		
T	45.634080000	-120.942500000	750.2		
T	45.634030000	-120.942300000	754.8		
T	45.634020000	-120.942100000	758.1		
T	45.634190000	-120.941050000	757.8		
T	45.634220000	-120.938790000	748.7		
T	45.634190000	-120.938570000	747.7		
T	45.633960000	-120.937910000	753.3		
T	45.633950000	-120.937810000	754.3		
T	45.634000000	-120.937260000	750.8		
T	45.633980000	-120.937080000	750.8		
T	45.633790000	-120.936550000	752.4		
T	45.633780000	-120.936540000	751.9		
T	45.633320000	-120.933690000	750.5		
T	45.632720000	-120.932080000	749.4		
T	45.632450000	-120.931590000	750.6		
T	45.632320000	-120.931200000	750.9		
T	45.632280000	-120.930270000	750.4		
T	45.632230000	-120.929830000	752.2		
T	45.632230000	-120.929440000	749.0		
T	45.632250000	-120.929320000	745.6		
T	45.632260000	-120.929310000	744.9		
T	45.632340000	-120.928600000	735.2		
T	45.632340000	-120.928420000	732.9		
T	45.632320000	-120.928280000	729.3		
T	45.632250000	-120.928070000	721.8		
T	45.632240000	-120.928060000	721.6		
T	45.632230000	-120.928030000	720.7		
T	45.632130000	-120.927870000	715.3		
T	45.632120000	-120.927870000	715.2		
T	45.631940000	-120.927620000	705.7		
T	45.631610000	-120.927010000	680.5		
T	45.631440000	-120.926630000	667.1		
T	45.631230000	-120.925940000	640.1		
T	45.631140000	-120.925730000	633.9		
T	45.630790000	-120.925170000	626.1		
T	45.630780000	-120.925170000	626.2		
T	45.630600000	-120.924910000	624.7		
T	45.629780000	-120.924100000	629.7		
T	45.629470000	-120.923850000	626.7		
T	45.629460000	-120.923850000	626.7		
T	45.629440000	-120.923830000	626.3		
T	45.629130000	-120.923680000	615.5		
T	45.629120000	-120.923680000	615.2		
T	45.629030000	-120.923630000	611.0		
T	45.628970000	-120.923570000	607.3		
T	45.628960000	-120.923570000	607.4		
T	45.628670000	-120.923320000	592.4		
T	45.628330000	-120.923100000	580.6		
T	45.628140000	-120.922840000	569.6		
T	45.627970000	-120.922410000	554.1		
T	45.627930000	-120.922190000	547.1		
T	45.627940000	-120.922000000	539.9		
T	45.628290000	-120.920900000	501.4		
T	45.628420000	-120.920620000	493.3		
T	45.628730000	-120.920210000	479.0		
T	45.628800000	-120.920140000	475.2		
T	45.629020000	-120.919840000	461.7		
T	45.629230000	-120.919420000	447.3		
T	45.629440000	-120.919230000	434.9		
T	45.630060000	-120.918770000	401.5		
T	45.630070000	-120.918770000	401.2		
T	45.630230000	-120.918650000	391.9		
T	45.630310000	-120.918540000	386.6		
T	45.630340000	-120.918420000	383.7		
T	45.630340000	-120.918190000	379.7		
T	45.630240000	-120.917860000	376.8		
T	45.630160000	-120.917670000	375.1		
T	45.629720000	-120.916960000	358.4		
T	45.629370000	-120.916190000	345.5		
T	45.629360000	-120.916190000	345.8		
T	45.629280000	-120.916020000	342.0		
T	45.629200000	-120.915750000	333.2		
T	45.629170000	-120.914460000	281.9		
T	45.629250000	-120.914030000	268.7		
T	45.629260000	-120.913830000	258.7		
T	45.629160000	-120.912580000	222.9		
T	45.629200000	-120.912330000	212.7		
T	45.629210000	-120.912330000	212.1		
T	45.629210000	-120.912320000	211.9		
T	45.629250000	-120.912250000	210.5		
T	45.629310000	-120.912180000	205.8		
T	45.629340000	-120.912160000	204.3		
T	45.629460000	-120.912120000	200.5		
T	45.630210000	-120.912180000	188.4		
T	45.630220000	-120.912190000	188.5		
T	45.630350000	-120.912210000	188.3		
T	45.630570000	-120.912300000	187.5		
T	45.631070000	-120.912560000	184.1		
T	45.631370000	-120.912750000	182.7		
T	45.632210000	-120.913650000	178.0		
T	45.632660000	-120.914230000	180.2		
T	45.632890000	-120.914630000	181.8		
T	45.633580000	-120.916530000	193.0		
T	45.633710000	-120.916770000	192.1		
T	45.633760000	-120.916830000	191.2		
T	45.633860000	-120.916870000	190.0		
T	45.634600000	-120.908360000	190.4		
T	45.634220000	-120.908440000	186.7		
T	45.633890000	-120.908620000	181.7		
T	45.633360000	-120.908780000	180.6		
T	45.632510000	-120.908880000	180.1		
T	45.631870000	-120.908810000	181.1		
T	45.631750000	-120.908780000	181.2		
T	45.631420000	-120.908620000	180.8		
T	45.631150000	-120.908530000	181.0		
T	45.631110000	-120.908530000	180.3		
T	45.630880000	-120.908470000	175.9		
T	45.630030000	-120.908350000	171.4		
T	45.629880000	-120.908280000	171.8		
T	45.629870000	-120.908270000	171.9		
T	45.629690000	-120.908190000	172.1		
T	45.629650000	-120.908140000	172.8		
T	45.629690000	-120.908190000	172.1		
T	45.629870000	-120.908270000	171.9		
T	45.629880000	-120.908280000	171.8		
T	45.630030000	-120.908350000	171.4		
T	45.630880000	-120.908470000	175.9		
T	45.631110000	-120.908530000	180.3		
T	45.631150000	-120.908530000	181.0		
T	45.631420000	-120.908620000	180.8		
T	45.631750000	-120.908780000	181.2		
T	45.631870000	-120.908810000	181.1		
T	45.632510000	-120.908880000	180.1		
T	45.633360000	-120.908780000	180.6		
T	45.633890000	-120.908620000	181.7		
T	45.634220000	-120.908440000	186.7		
T	45.634600000	-120.908360000	190.4		
T	45.634850000	-120.906820000	194.1		
T	45.635080000	-120.905740000	197.3		
T	45.637160000	-120.897800000	207.9		
T	45.637170000	-120.897790000	208.3		
T	45.638070000	-120.894710000	215.8		
T	45.638880000	-120.892710000	216.5		
T	45.638880000	-120.892700000	216.7		
T	45.639820000	-120.890820000	213.0		
T	45.640170000	-120.890240000	213.3		
T	45.640170000	-120.890230000	213.5		
T	45.640770000	-120.889270000	211.1		
T	45.643510000	-120.885570000	201.6		
T	45.643520000	-120.885570000	201.4		
T	45.650030000	-120.876910000	187.8		
T	45.651950000	-120.874090000	187.8		
T	45.651950000	-120.874070000	187.7		
T	45.660420000	-120.859740000	225.7		
T	45.660420000	-120.859730000	226.5		
T	45.660940000	-120.858720000	216.8		
T	45.661440000	-120.857600000	208.3		
T	45.662970000	-120.853510000	209.9		
T	45.664590000	-120.847810000	210.3		
T	45.664590000	-120.847780000	210.7		
T	45.664860000	-120.846810000	211.9		
T	45.664870000	-120.846800000	211.6		
T	45.664920000	-120.846610000	212.7		
T	45.664920000	-120.846580000	213.0		
T	45.664930000	-120.846570000	213.0		
T	45.665640000	-120.844150000	224.0		
T	45.665650000	-120.844140000	223.7		
T	45.667260000	-120.839380000	217.3		
T	45.669690000	-120.833280000	229.5		
T	45.669920000	-120.833610000	226.7		
T	45.670180000	-120.833890000	223.9		
T	45.670420000	-120.834100000	204.1		
T	45.670530000	-120.834130000	189.2		
T	45.670810000	-120.834280000	187.3		
T	45.671140000	-120.834370000	213.2		
T	45.672030000	-120.834700000	205.1		
T	45.672060000	-120.834700000	205.0		
T	45.672250000	-120.834760000	204.4		
T	45.672500000	-120.834880000	196.1		
T	45.672540000	-120.834910000	192.2		
T	45.677010000	-120.836510000	161.7		
T	45.677040000	-120.836510000	161.7		
T	45.679910000	-120.837380000	200.6		
T	45.680090000	-120.837390000	197.4		
T	45.680420000	-120.837350000	192.6		
T	45.680660000	-120.837270000	189.5		
T	45.681630000	-120.836740000	184.9		
T	45.681970000	-120.836460000	184.6		
T	45.682180000	-120.836210000	184.8		
T	45.682340000	-120.835940000	184.8		
T	45.682540000	-120.835490000	184.7		
T	45.682690000	-120.834930000	184.7		
T	45.682580000	-120.834900000	182.6		
T	45.682500000	-120.834850000	181.8		
T	45.682380000	-120.834740000	180.9		
T	45.682320000	-120.834640000	180.2		
T	45.682890000	-120.831270000	178.9		
T	45.683230000	-120.830020000	173.2		
T	45.684270000	-120.825030000	180.8		
T	45.684280000	-120.825010000	180.7		
T	45.685050000	-120.821460000	179.8		
T	45.685400000	-120.820740000	179.7		
T	45.686820000	-120.814530000	182.7		
T	45.686860000	-120.814250000	180.7		
T	45.686780000	-120.813520000	180.0		
T	45.686780000	-120.813280000	181.2		
T	45.687400000	-120.809770000	184.8		
T	45.687410000	-120.809500000	184.6		
T	45.687330000	-120.809360000	183.8		
T	45.687270000	-120.809210000	182.4		
T	45.688680000	-120.802390000	182.9		
T	45.689190000	-120.800400000	182.4		
T	45.689350000	-120.799470000	181.8		
T	45.689540000	-120.797630000	176.5		
T	45.689550000	-120.797610000	177.1		
T	45.689730000	-120.794110000	182.0		
T	45.690180000	-120.791000000	182.1		
T	45.692580000	-120.781010000	183.7		
T	45.693030000	-120.779610000	191.0		
T	45.693620000	-120.778020000	194.6		
T	45.696360000	-120.771980000	181.0		
T	45.696360000	-120.771970000	180.6		
T	45.698160000	-120.767970000	181.1		
T	45.698410000	-120.767150000	179.1		
T	45.698670000	-120.765910000	181.8		
T	45.699220000	-120.762140000	197.3		
T	45.699230000	-120.762130000	196.9		
T	45.699900000	-120.757850000	185.0		
T	45.700240000	-120.756680000	187.2		
T	45.701660000	-120.752590000	183.9		
T	45.702880000	-120.748580000	181.3		
T	45.704850000	-120.744250000	182.1		
T	45.705360000	-120.742850000	185.7		
T	45.705590000	-120.742020000	186.7		
T	45.705600000	-120.742020000	186.6		
T	45.706290000	-120.739540000	183.6		
T	45.706350000	-120.739400000	184.1		
T	45.706700000	-120.739330000	176.4		
T	45.706880000	-120.739070000	176.1		
T	45.706950000	-120.738880000	176.1		
T	45.706950000	-120.738860000	175.9		
T	45.707460000	-120.737370000	177.3		
T	45.707560000	-120.737220000	178.1		
T	45.707630000	-120.737040000	178.8		
T	45.707730000	-120.736590000	176.5		
T	45.707840000	-120.736270000	175.2		
T	45.708070000	-120.735390000	176.9		
T	45.708250000	-120.734960000	175.6		
T	45.708260000	-120.734950000	175.7		
T	45.714490000	-120.716700000	186.3		
T	45.715200000	-120.714820000	184.9		
T	45.715360000	-120.714130000	185.0		
T	45.716500000	-120.707550000	195.1		
T	45.716970000	-120.706890000	201.2		
T	45.717720000	-120.705660000	209.4		
T	45.718970000	-120.703820000	206.9		
T	45.718970000	-120.703810000	206.7		
T	45.719470000	-120.703100000	216.1		
T	45.720500000	-120.701820000	240.9		
T	45.721280000	-120.700670000	255.3		
T	45.721410000	-120.700580000	256.5		
T	45.721560000	-120.700590000	256.5		
T	45.721720000	-120.700680000	255.7		
T	45.721830000	-120.700790000	256.1		
T	45.722020000	-120.701040000	255.8		
T	45.722150000	-120.701280000	257.0		
T	45.722220000	-120.701520000	259.7		
T	45.722250000	-120.701750000	262.4		
T	45.722250000	-120.701910000	264.7		
T	45.722200000	-120.702220000	270.3		
T	45.722060000	-120.702570000	276.8		
T	45.721000000	-120.704320000	291.7		
T	45.720830000	-120.704680000	291.8		
T	45.720630000	-120.705210000	298.1		
T	45.720520000	-120.705640000	304.1		
T	45.720460000	-120.706090000	310.5		
T	45.720370000	-120.707540000	336.5		
T	45.720440000	-120.708590000	351.2		
T	45.720580000	-120.709130000	360.1		
T	45.720760000	-120.709430000	365.7		
T	45.720960000	-120.709630000	370.4		
T	45.721230000	-120.709750000	376.8		
T	45.721510000	-120.709760000	382.6		
T	45.721770000	-120.709670000	388.3		
T	45.721950000	-120.709520000	393.0		
T	45.722090000	-120.709340000	396.9		
T	45.729560000	-120.695570000	472.9		
T	45.729880000	-120.695100000	477.5		
T	45.730120000	-120.694860000	478.0		
T	45.730390000	-120.694670000	478.4		
T	45.730820000	-120.694490000	478.9		
T	45.731420000	-120.694390000	479.9		
T	45.731760000	-120.694240000	480.6		
T	45.732070000	-120.694030000	482.3		
T	45.732350000	-120.693750000	484.5		
T	45.732530000	-120.693490000	487.0		
T	45.733940000	-120.690930000	510.6		
T	45.734140000	-120.690670000	513.9		
T	45.734360000	-120.690440000	518.5		
T	45.734370000	-120.690440000	518.5		
T	45.734690000	-120.690210000	522.0		
T	45.734850000	-120.690130000	523.5		
T	45.735190000	-120.690030000	525.2		
T	45.735500000	-120.690010000	525.5		
T	45.735790000	-120.690050000	525.2		
T	45.735930000	-120.690100000	524.3		
T	45.735950000	-120.690100000	524.2		
T	45.736170000	-120.690200000	523.3		
T	45.736390000	-120.690350000	522.7		
T	45.736600000	-120.690530000	521.0		
T	45.737470000	-120.691510000	517.0		
T	45.738820000	-120.689080000	534.4		
T	45.739790000	-120.687080000	549.1		
T	45.739800000	-120.687070000	549.2		
T	45.740250000	-120.685950000	553.3		
T	45.740770000	-120.684450000	554.1		
T	45.744520000	-120.670180000	570.2		
T	45.744760000	-120.669460000	575.2		
T	45.745770000	-120.666970000	592.3		
T	45.745770000	-120.666960000	592.4		
T	45.746240000	-120.665880000	595.0		
T	45.746250000	-120.665880000	594.8		
T	45.751200000	-120.654460000	544.9		
T	45.751940000	-120.652380000	549.0		
T	45.752310000	-120.651060000	551.3		
T	45.752740000	-120.649020000	551.0		
T	45.752750000	-120.649000000	551.1		
T	45.754230000	-120.640380000	547.3		
T	45.754460000	-120.638640000	545.6		
T	45.755750000	-120.620280000	499.1		
T	45.756370000	-120.613900000	477.4		
T	45.756420000	-120.612560000	474.2		
T	45.755290000	-120.592830000	462.7		
T	45.754990000	-120.589970000	456.0		
T	45.754400000	-120.586800000	429.8		
T	45.751700000	-120.576200000	428.8		
T	45.751540000	-120.575220000	429.4		
T	45.750900000	-120.565600000	486.2		
T	45.750680000	-120.564170000	496.1		
T	45.750220000	-120.562270000	507.5		
T	45.749580000	-120.560500000	522.2		
T	45.749070000	-120.559370000	528.9		
T	45.741120000	-120.545590000	443.6		
T	45.735140000	-120.534130000	406.4		
T	45.734740000	-120.533440000	399.4		
T	45.734320000	-120.532820000	391.1		
T	45.733800000	-120.532180000	383.5		
T	45.733340000	-120.531700000	375.2		
T	45.732580000	-120.531050000	363.7		
T	45.730240000	-120.529300000	331.5		
T	45.729290000	-120.528470000	318.0		
T	45.728170000	-120.527300000	313.1		
T	45.727460000	-120.526440000	317.9		
T	45.716660000	-120.511510000	362.5		
T	45.715450000	-120.509560000	370.4		
T	45.709070000	-120.497720000	389.8		
T	45.708460000	-120.496440000	391.2		
T	45.707660000	-120.494410000	396.2		
T	45.703590000	-120.481510000	389.5		
T	45.703130000	-120.479610000	383.6		
T	45.702720000	-120.476990000	365.8		
T	45.702560000	-120.474940000	350.9		
T	45.702520000	-120.473620000	339.4		
T	45.702580000	-120.471510000	324.3		
T	45.705890000	-120.416040000	314.3		
T	45.705930000	-120.408800000	316.9		
T	45.706090000	-120.406660000	313.0		
T	45.708290000	-120.388880000	360.3		
T	45.708850000	-120.385900000	380.2		
T	45.711000000	-120.376470000	422.5		
T	45.711100000	-120.375460000	426.7		
T	45.711160000	-120.373220000	438.6		
T	45.711270000	-120.372240000	442.1		
T	45.711530000	-120.370700000	450.6		
T	45.711590000	-120.369740000	456.1		
T	45.711350000	-120.365320000	480.1		
T	45.711390000	-120.364560000	486.4		
T	45.711600000	-120.363210000	493.0		
T	45.713410000	-120.355130000	484.7		
T	45.713410000	-120.355100000	484.2		
T	45.713680000	-120.354060000	481.4		
T	45.713930000	-120.353330000	476.6		
T	45.715180000	-120.350460000	457.4		
T	45.715570000	-120.349160000	450.7		
T	45.715730000	-120.348280000	448.9		
T	45.719220000	-120.321130000	347.1		
T	45.719470000	-120.320080000	344.2		
T	45.719810000	-120.319130000	341.6		
T	45.720370000	-120.318050000	338.1		
T	45.721470000	-120.316560000	327.8		
T	45.721490000	-120.316550000	327.9		
T	45.722400000	-120.315300000	321.7		
T	45.722730000	-120.314730000	319.5		
T	45.723050000	-120.314040000	319.0		
T	45.723280000	-120.313440000	324.2		
T	45.723610000	-120.312130000	336.6		
T	45.723700000	-120.311540000	343.5		
T	45.724350000	-120.303470000	415.4		
T	45.724360000	-120.303450000	415.2		
T	45.725060000	-120.294920000	402.4		
T	45.725380000	-120.292640000	397.5		
T	45.726750000	-120.285830000	376.5		
T	45.726760000	-120.285820000	376.4		
T	45.727660000	-120.278690000	409.7		
T	45.728040000	-120.276880000	428.8		
T	45.727930000	-120.276780000	430.1		
T	45.727820000	-120.276640000	431.2		
T	45.727730000	-120.276490000	431.1		
T	45.727450000	-120.275730000	427.0		
T	45.727260000	-120.274980000	422.3		
T	45.727170000	-120.274480000	422.5		
T	45.727070000	-120.272620000	424.4		
T	45.726960000	-120.265870000	418.4		
T	45.727000000	-120.264720000	415.7		
T	45.727040000	-120.264390000	415.5		
T	45.727060000	-120.264340000	416.7		
T	45.727130000	-120.264250000	418.6		
T	45.727180000	-120.264230000	419.2		
T	45.727340000	-120.264210000	418.7		
T	45.730210000	-120.264130000	431.1		
T	45.730240000	-120.264120000	431.6		
T	45.732910000	-120.264010000	475.2		
T	45.732990000	-120.264020000	476.2		
T	45.733070000	-120.264010000	477.2		
T	45.733140000	-120.263980000	477.8		
T	45.733190000	-120.263940000	478.0		
T	45.733280000	-120.263800000	479.2		
T	45.733410000	-120.263440000	480.7		
T	45.733420000	-120.263430000	480.6		
T	45.733450000	-120.263360000	479.9		
T	45.733490000	-120.263310000	479.4		
T	45.733540000	-120.263270000	478.6		
T	45.733660000	-120.263240000	477.7		
T	45.733760000	-120.263280000	477.4		
T	45.733890000	-120.263390000	477.7		
T	45.734430000	-120.261760000	473.6		
T	45.734680000	-120.260840000	474.0		
T	45.735670000	-120.256290000	441.3		
T	45.735710000	-120.256170000	440.6		
T	45.743030000	-120.222570000	373.5		
T	45.742800000	-120.222410000	372.1		
T	45.742740000	-120.222310000	371.7		
T	45.742710000	-120.222200000	371.6		
T	45.742710000	-120.222080000	371.6		
T	45.743270000	-120.219850000	366.6		
T	45.744330000	-120.216360000	362.8		
T	45.744380000	-120.215310000	359.9		
T	45.744460000	-120.214950000	357.5		
T	45.745150000	-120.215390000	359.4		
T	45.750030000	-120.199650000	296.2		
T	45.750300000	-120.199820000	295.2		
T	45.750680000	-120.198600000	301.4		
T	45.750760000	-120.198430000	302.0		
T	45.750760000	-120.198420000	301.9		
T	45.750870000	-120.198210000	302.6		
T	45.753440000	-120.194280000	304.6		
T	45.753260000	-120.194000000	305.8		
T	45.754350000	-120.192330000	302.2		
T	45.754990000	-120.191470000	300.1		
T	45.755690000	-120.190710000	297.4		
T	45.755810000	-120.190610000	296.7		
T	45.755840000	-120.190570000	296.2		
T	45.755880000	-120.190550000	296.3		
T	45.756250000	-120.190220000	294.5		
T	45.757030000	-120.189670000	290.7		
T	45.760740000	-120.187720000	287.0		
T	45.761260000	-120.187380000	288.0		
T	45.761540000	-120.187160000	288.7		
T	45.762130000	-120.186570000	290.1		
T	45.762740000	-120.185740000	292.0		
T	45.770470000	-120.170970000	306.3		
T	45.776080000	-120.156780000	308.0		
T	45.779300000	-120.150490000	311.7		
T	45.779680000	-120.149470000	309.3		
T	45.779930000	-120.148620000	307.9		
T	45.779930000	-120.148590000	307.6		
T	45.781320000	-120.142840000	308.6		
T	45.783300000	-120.130030000	304.9		
T	45.785570000	-120.117060000	313.6		
T	45.787590000	-120.101050000	313.0		
T	45.788130000	-120.094560000	313.3		
T	45.788350000	-120.092740000	311.9		
T	45.788700000	-120.090870000	309.2		
T	45.791070000	-120.081170000	303.7		
T	45.793610000	-120.073240000	306.9		
T	45.794710000	-120.070080000	309.8		
T	45.795310000	-120.068750000	311.5		
T	45.797530000	-120.064970000	311.5		
T	45.797910000	-120.064250000	312.2		
T	45.798450000	-120.062880000	311.7		
T	45.803080000	-120.048690000	310.0		
T	45.803510000	-120.047640000	309.7		
T	45.804810000	-120.044850000	314.6		
T	45.804820000	-120.044810000	314.3		
T	45.809010000	-120.035900000	323.1		
T	45.810840000	-120.031060000	375.0		
T	45.810870000	-120.031010000	374.3		
T	45.815150000	-120.019460000	350.5		
T	45.815630000	-120.017790000	348.9		
T	45.818830000	-120.004980000	361.4		
T	45.819110000	-120.004220000	362.7		
T	45.819120000	-120.004210000	363.4		
T	45.819430000	-120.003570000	364.9		
T	45.823100000	-119.997460000	386.2		
T	45.823530000	-119.996560000	394.8		
T	45.823720000	-119.996050000	393.1		
T	45.823940000	-119.995300000	392.7		
T	45.825780000	-119.986720000	399.9		
T	45.826350000	-119.983130000	365.6		
T	45.826590000	-119.982230000	351.6		
T	45.827620000	-119.979350000	328.0		
T	45.827910000	-119.978340000	317.5		
T	45.830400000	-119.965960000	307.9		
T	45.830560000	-119.964930000	313.8		
T	45.830830000	-119.958880000	325.3		
T	45.830990000	-119.957490000	322.1		
T	45.831140000	-119.956760000	320.8		
T	45.833090000	-119.949200000	314.4		
T	45.833360000	-119.947960000	319.0		
T	45.835730000	-119.934390000	295.8		
T	45.835860000	-119.933320000	293.1		
T	45.835920000	-119.932210000	290.5		
T	45.835810000	-119.928720000	280.6		
T	45.835980000	-119.928680000	281.8		
T	45.836120000	-119.928540000	282.2		
T	45.836190000	-119.928400000	281.7		
T	45.836370000	-119.928170000	279.1		
T	45.836470000	-119.928070000	281.5		
T	45.836470000	-119.928060000	282.0		
T	45.836740000	-119.927730000	286.3		
T	45.836750000	-119.927730000	285.7		
T	45.837140000	-119.927200000	287.9		
T	45.837140000	-119.927190000	288.2		
T	45.837790000	-119.926320000	308.1		
T	45.837800000	-119.926320000	308.2		
T	45.838020000	-119.925920000	320.3		
T	45.838490000	-119.926270000	319.5		
T	45.838500000	-119.926270000	319.6		
T	45.838660000	-119.926380000	320.1		
T	45.838930000	-119.926480000	322.1		
T	45.839220000	-119.926490000	322.4		
T	45.839400000	-119.926460000	321.4		
T	45.839540000	-119.926410000	319.8		
T	45.839560000	-119.926410000	319.4		
T	45.839800000	-119.926280000	324.1		
T	45.840210000	-119.925930000	330.8		
T	45.840210000	-119.925920000	331.1		
T	45.842050000	-119.922880000	383.4		
T	45.842710000	-119.921430000	390.1		
T	45.842880000	-119.921130000	389.9		
T	45.843050000	-119.920920000	387.5		
T	45.843350000	-119.920680000	384.7		
T	45.843360000	-119.920680000	384.4		
T	45.844030000	-119.920240000	372.4		
T	45.844270000	-119.920020000	370.7		
T	45.844980000	-119.919190000	353.4		
T	45.845190000	-119.919030000	349.6		
T	45.845480000	-119.918890000	338.2		
T	45.845720000	-119.918840000	332.2		
T	45.846260000	-119.918910000	326.3		
T	45.846550000	-119.919000000	326.0		
T	45.846580000	-119.919000000	325.8		
T	45.848530000	-119.919590000	324.6		
T	45.848680000	-119.919660000	325.0		
T	45.848820000	-119.919750000	326.0		
T	45.849290000	-119.920140000	324.7		
T	45.849440000	-119.920300000	327.9		
T	45.849460000	-119.920310000	328.4		
T	45.850710000	-119.921480000	335.0		
T	45.851090000	-119.922000000	338.3		
T	45.851350000	-119.922480000	338.9		
T	45.851550000	-119.922770000	337.7		
T	45.852020000	-119.923250000	342.1		
T	45.852270000	-119.923390000	348.9		
T	45.852680000	-119.923460000	351.4		
T	45.852910000	-119.923470000	351.6		
T	45.853190000	-119.923440000	354.2		
T	45.853760000	-119.923160000	357.2		
T	45.856120000	-119.921730000	364.7		
T	45.856610000	-119.921530000	373.8		
T	45.856890000	-119.921490000	379.7		
T	45.857430000	-119.921500000	384.9		
T	45.858180000	-119.921640000	400.6		
T	45.859720000	-119.922210000	457.6		
T	45.860060000	-119.922280000	470.2		
T	45.860070000	-119.922290000	470.2		
T	45.860690000	-119.922280000	477.9		
T	45.861230000	-119.922210000	491.0		
T	45.861590000	-119.922050000	506.5		
T	45.861870000	-119.921850000	511.7		
T	45.862120000	-119.921600000	515.4		
T	45.862920000	-119.920230000	552.9		
T	45.862920000	-119.920220000	553.2		
T	45.863260000	-119.919620000	567.3		
T	45.863260000	-119.919610000	567.5		
T	45.863700000	-119.918810000	575.5		
T	45.863710000	-119.918810000	575.3		
T	45.864940000	-119.916580000	586.7		
T	45.864940000	-119.916570000	586.9		
T	45.865950000	-119.914780000	618.5		
T	45.865950000	-119.914770000	618.7		
T	45.866110000	-119.914540000	617.1		
T	45.866340000	-119.914290000	616.7		
T	45.866490000	-119.914160000	623.8		
T	45.866500000	-119.914140000	625.2		
T	45.866510000	-119.914140000	625.2		
T	45.866890000	-119.913890000	624.1		
T	45.867270000	-119.913750000	607.8		
T	45.867480000	-119.913720000	608.0		
T	45.867790000	-119.913720000	615.4		
T	45.869150000	-119.913830000	600.5		
T	45.869160000	-119.913840000	600.1		
T	45.871490000	-119.914010000	608.2		
T	45.873300000	-119.913960000	622.7		
T	45.873590000	-119.913860000	630.3		
T	45.873750000	-119.913780000	637.5		
T	45.873920000	-119.913660000	641.8		
T	45.874060000	-119.913530000	642.9		
T	45.874070000	-119.913530000	642.8		
T	45.874160000	-119.913440000	644.1		
T	45.874440000	-119.913080000	646.2		
T	45.875760000	-119.910210000	650.1		
T	45.876010000	-119.909850000	651.1		
T	45.876250000	-119.909610000	651.9		
T	45.876500000	-119.909430000	652.5		
T	45.876850000	-119.909270000	652.9		
T	45.877080000	-119.909230000	653.1		
T	45.877530000	-119.909260000	653.3		
T	45.878440000	-119.909220000	652.8		
T	45.878390000	-119.903050000	649.8		
T	45.878460000	-119.902400000	650.0		
T	45.878680000	-119.901530000	647.8		
T	45.879020000	-119.900840000	644.4		
T	45.879400000	-119.900330000	643.5		
T	45.879910000	-119.899750000	641.3		
T	45.880050000	-119.899530000	641.0		
T	45.880130000	-119.899300000	640.8		
T	45.880180000	-119.899030000	640.8		
T	45.880130000	-119.861320000	581.2		
T	45.880250000	-119.860420000	580.6		
T	45.880560000	-119.859340000	578.7		
T	45.880750000	-119.858890000	577.2		
T	45.880970000	-119.858470000	575.1		
T	45.881230000	-119.858070000	573.2		
T	45.882600000	-119.856390000	570.6		
T	45.882850000	-119.856020000	570.9		
T	45.883310000	-119.855030000	569.7		
T	45.883540000	-119.854230000	570.5		
T	45.883660000	-119.853520000	568.7		
T	45.883710000	-119.852900000	566.8		
T	45.883710000	-119.852300000	566.1		
T	45.883670000	-119.851740000	566.5		
T	45.883480000	-119.850770000	568.1		
T	45.883230000	-119.850010000	570.8		
T	45.882820000	-119.849180000	571.6		
T	45.882550000	-119.848770000	572.0		
T	45.881610000	-119.847690000	573.1		
T	45.881600000	-119.847660000	573.1		
T	45.881270000	-119.847240000	573.4		
T	45.881000000	-119.846800000	572.0		
T	45.880620000	-119.845940000	565.3		
T	45.880480000	-119.845490000	561.2		
T	45.880280000	-119.844470000	550.5		
T	45.880160000	-119.840610000	567.3		
T	45.880150000	-119.840590000	567.5		
T	45.880130000	-119.839550000	568.3		
T	45.879930000	-119.836750000	568.0		
T	45.879920000	-119.836730000	567.9		
T	45.879800000	-119.834930000	559.2		
T	45.880020000	-119.830050000	540.3		
T	45.879970000	-119.829530000	535.4		
T	45.879890000	-119.829130000	529.5		
T	45.879730000	-119.828630000	521.3		
T	45.879460000	-119.828090000	511.0		
T	45.879090000	-119.827630000	499.9		
T	45.878890000	-119.827450000	494.3		
T	45.878710000	-119.827320000	488.6		
T	45.878490000	-119.827200000	482.8		
T	45.878250000	-119.827110000	474.6		
T	45.878030000	-119.827070000	468.2		
T	45.877670000	-119.827060000	458.6		
T	45.877280000	-119.827150000	451.0		
T	45.877090000	-119.827240000	447.9		
T	45.876250000	-119.827780000	429.4		
T	45.875890000	-119.827960000	420.9		
T	45.875650000	-119.828030000	414.9		
T	45.875280000	-119.828040000	404.3		
T	45.875010000	-119.827980000	396.7		
T	45.874850000	-119.827920000	391.9		
T	45.874660000	-119.827820000	383.5		
T	45.873880000	-119.827190000	373.5		
T	45.873870000	-119.827190000	373.5		
T	45.873440000	-119.826850000	370.4		
T	45.873070000	-119.826640000	369.9		
T	45.872690000	-119.826510000	369.0		
T	45.872440000	-119.826460000	365.7		
T	45.872200000	-119.826440000	360.6		
T	45.871810000	-119.826470000	350.1		
T	45.871670000	-119.826510000	346.5		
T	45.871630000	-119.826510000	345.4		
T	45.869700000	-119.827240000	299.0		
T	45.869560000	-119.823450000	291.5		
T	45.869310000	-119.821070000	290.9		
T	45.869100000	-119.819950000	291.5		
T	45.865790000	-119.806390000	291.5		
T	45.865520000	-119.804730000	297.6		
T	45.865290000	-119.802120000	300.0		
T	45.865260000	-119.799840000	305.8		
T	45.866150000	-119.777510000	293.8		
T	45.866260000	-119.776540000	296.2		
T	45.866460000	-119.775450000	300.1		
T	45.876260000	-119.741430000	315.4		
T	45.876760000	-119.740120000	332.0		
T	45.881900000	-119.728710000	342.8		
T	45.889990000	-119.701640000	334.6		
T	45.890430000	-119.700430000	340.9		
T	45.890430000	-119.700410000	340.9		
T	45.891170000	-119.698650000	341.5		
T	45.892020000	-119.697010000	331.8		
T	45.892020000	-119.697000000	331.8		
T	45.901700000	-119.681610000	289.5		
T	45.901720000	-119.681590000	290.0		
T	45.912360000	-119.664700000	412.2		
T	45.913230000	-119.663090000	417.1		
T	45.913760000	-119.661940000	415.8		
T	45.937930000	-119.600370000	385.6		
T	45.938150000	-119.599680000	385.6		
T	45.938160000	-119.599670000	385.7		
T	45.938590000	-119.597970000	385.3		
T	45.938860000	-119.596320000	380.1		
T	45.941270000	-119.559580000	423.3		
T	45.943110000	-119.542060000	387.5		
T	45.943430000	-119.535730000	327.1		
T	45.943440000	-119.535710000	327.6		
T	45.943760000	-119.528240000	346.7		
T	45.943770000	-119.528220000	346.9		
T	45.944260000	-119.516890000	345.0		
T	45.944270000	-119.516870000	345.1		
T	45.944370000	-119.514560000	349.9		
T	45.944380000	-119.514540000	349.9		
T	45.944910000	-119.502410000	386.7		
T	45.944920000	-119.502370000	386.7		
T	45.945110000	-119.498020000	375.3		
T	45.942700000	-119.498180000	398.2		
T	45.942470000	-119.498150000	399.8		
T	45.942300000	-119.498010000	401.1		
T	45.942220000	-119.497910000	401.6		
T	45.942170000	-119.497770000	402.2		
T	45.942240000	-119.495680000	407.5		
T	45.942420000	-119.466460000	428.2		
T	45.924080000	-119.466820000	365.4		
T	45.923650000	-119.466800000	359.0		
T	45.923190000	-119.466700000	352.0		
T	45.922410000	-119.466380000	341.9		
T	45.922050000	-119.466160000	338.6		
T	45.921340000	-119.465550000	332.4		
T	45.920970000	-119.465100000	331.7		
T	45.920450000	-119.464270000	330.0		
T	45.920040000	-119.463340000	326.7		
T	45.919850000	-119.462710000	324.3		
T	45.919580000	-119.461380000	321.6		
T	45.919530000	-119.460740000	316.8		
T	45.919590000	-119.459360000	313.4		
T	45.919670000	-119.458810000	310.7		
T	45.920970000	-119.453260000	299.3		
T	45.921880000	-119.448210000	303.2		
T	45.922390000	-119.444340000	322.1		
T	45.923180000	-119.435680000	290.0		
T	45.923170000	-119.434670000	287.2		
T	45.923180000	-119.434650000	287.3		
T	45.923820000	-119.429460000	286.6		
T	45.924150000	-119.428050000	288.9		
T	45.924150000	-119.427750000	288.8		
T	45.924090000	-119.427480000	287.9		
T	45.924080000	-119.427040000	287.0		
T	45.924110000	-119.426780000	286.0		
T	45.924400000	-119.425370000	285.0		
T	45.934090000	-119.354510000	292.7		
T	45.934400000	-119.351380000	291.8		
T	45.934470000	-119.351150000	291.2		
T	45.934600000	-119.350980000	291.0		
T	45.934730000	-119.350940000	290.8		
T	45.934700000	-119.350720000	290.3		
T	45.934410000	-119.350000000	290.2		
T	45.934360000	-119.349770000	290.4		
T	45.934340000	-119.349270000	290.2		
T	45.935580000	-119.335490000	283.8		
T	45.935740000	-119.334850000	284.8		
T	45.936150000	-119.333610000	284.6		
T	45.936240000	-119.333140000	287.1		
T	45.936250000	-119.332760000	286.6		
T	45.936220000	-119.332280000	286.1		
T	45.936150000	-119.331900000	285.3		
T	45.936020000	-119.331530000	287.0		
T	45.935930000	-119.331350000	289.1		
T	45.935910000	-119.331250000	291.2		
T	45.936030000	-119.329870000	305.6		
T	45.936300000	-119.330040000	309.0		
T	45.936750000	-119.330220000	308.4		
T	45.936900000	-119.330340000	313.4		
T	45.936940000	-119.330410000	317.0		
T	45.936900000	-119.330430000	319.9		
T	45.936840000	-119.330430000	321.9		
T	45.935310000	-119.329920000	329.6		
T	45.927290000	-119.326060000	271.8		
T	45.927280000	-119.326060000	271.8		
T	45.926360000	-119.325650000	302.1		
T	45.926090000	-119.325450000	308.6		
T	45.924700000	-119.324580000	300.6		
T	45.923860000	-119.323860000	293.2		
T	45.923550000	-119.323680000	287.2		
T	45.923260000	-119.325000000	288.1		
T	45.923120000	-119.325180000	286.4		
T	45.923040000	-119.325320000	285.9		
T	45.923010000	-119.325410000	285.9		
T	45.922980000	-119.325690000	286.6		
T	45.922580000	-119.327560000	288.0		
T	45.922570000	-119.327720000	288.4		
T	45.922500000	-119.327970000	288.5		
T	45.922450000	-119.328270000	288.9		
T	45.922300000	-119.328760000	288.7		
T	45.922300000	-119.328930000	289.1		
T	45.922230000	-119.329470000	289.8		
T	45.922130000	-119.329750000	289.5		
T	45.922120000	-119.330010000	290.1		
T	45.922080000	-119.330200000	290.2		
T	45.922060000	-119.330490000	291.1		
T	45.922190000	-119.330550000	292.8		
T	45.922210000	-119.330460000	292.6		
T	45.923160000	-119.330830000	299.4		
T	45.923350000	-119.329900000	298.4		
T	45.923500000	-119.329950000	298.2		
T	45.923350000	-119.329900000	298.4		
T	45.923160000	-119.330830000	299.4		
T	45.922210000	-119.330460000	292.6		
T	45.922190000	-119.330550000	292.8		
T	45.922060000	-119.330490000	291.1		
T	45.922080000	-119.330200000	290.2		
T	45.922120000	-119.330010000	290.1		
T	45.922130000	-119.329750000	289.5		
T	45.922230000	-119.329470000	289.8		
T	45.922300000	-119.328930000	289.1		
T	45.922300000	-119.328760000	288.7		
T	45.922450000	-119.328270000	288.9		
T	45.922500000	-119.327970000	288.5		
T	45.922570000	-119.327720000	288.4		
T	45.922580000	-119.327560000	288.0		
T	45.922980000	-119.325690000	286.6		
T	45.923010000	-119.325410000	285.9		
T	45.923040000	-119.325320000	285.9		
T	45.923120000	-119.325180000	286.4		
T	45.923260000	-119.325000000	288.1		
T	45.923570000	-119.323620000	286.7		
T	45.924170000	-119.320100000	285.3		
T	45.924230000	-119.319880000	284.9		
T	45.924350000	-119.319610000	284.6		
T	45.924630000	-119.319130000	283.9		
T	45.924920000	-119.318400000	283.3		
T	45.925210000	-119.316750000	284.6		
T	45.925760000	-119.314660000	286.2		
T	45.926400000	-119.310560000	290.1		
T	45.926420000	-119.310160000	291.7		
T	45.926240000	-119.309150000	299.2		
T	45.926250000	-119.308710000	300.3		
T	45.928410000	-119.297300000	302.1		
T	45.926570000	-119.296620000	312.0		
T	45.925420000	-119.296100000	344.7		
T	45.925350000	-119.296010000	347.4		
T	45.925250000	-119.295830000	350.5		
T	45.925190000	-119.295550000	354.1		
T	45.925190000	-119.295400000	355.5		
T	45.925080000	-119.295370000	359.1		
T	45.925010000	-119.295390000	360.4		
T	45.924980000	-119.295360000	361.6		
T	45.924900000	-119.294840000	373.0		
T	45.924890000	-119.294410000	379.1		
T	45.924910000	-119.294150000	381.3		
T	45.925080000	-119.293230000	384.1		
T	45.925070000	-119.293150000	385.5		
T	45.924940000	-119.292790000	394.6		
T	45.924930000	-119.292470000	398.9		
T	45.925000000	-119.291710000	409.6		
T	45.924990000	-119.291510000	415.0		
T	45.924830000	-119.291080000	433.0		
T	45.924780000	-119.291000000	437.1		
T	45.924730000	-119.290990000	440.0		
T	45.924680000	-119.291000000	442.6		
T	45.924620000	-119.291040000	445.1		
T	45.924310000	-119.291450000	458.5		
T	45.924220000	-119.291490000	463.7		
T	45.924120000	-119.291460000	471.0		
T	45.924060000	-119.291410000	475.8		
T	45.924010000	-119.291330000	479.5		
T	45.923920000	-119.291110000	484.6		
T	45.923960000	-119.290350000	489.7		
T	45.923840000	-119.290320000	490.7		
T	45.923730000	-119.290370000	491.4		
T	45.923520000	-119.290340000	492.9		
T	45.920260000	-119.289550000	483.6		
T	45.920420000	-119.288210000	485.9		
T	45.916140000	-119.287150000	479.5		
T	45.916040000	-119.287110000	479.4		
T	45.916020000	-119.287170000	479.3		
T	45.915980000	-119.287190000	479.2		
T	45.915930000	-119.287140000	479.3		
T	45.915910000	-119.286830000	479.6		
T	45.915820000	-119.286520000	479.3		
T	45.914730000	-119.279280000	481.1		
T	45.914750000	-119.279080000	481.2		
T	45.914870000	-119.278630000	481.0		
T	45.915000000	-119.278340000	481.3		
T	45.915110000	-119.278160000	481.2		
T	45.915150000	-119.278120000	481.1		
T	45.915360000	-119.278000000	481.4		
T	45.915890000	-119.277540000	481.2		
T	45.916000000	-119.277480000	481.6		
T	45.916160000	-119.277440000	482.5		
T	45.916220000	-119.277450000	482.9		
T	45.916290000	-119.277480000	483.2		
T	45.916370000	-119.277480000	483.5		
T	45.916450000	-119.277460000	483.8		
T	45.916570000	-119.277390000	484.2		
T	45.916790000	-119.277220000	484.2		
T	45.917240000	-119.276760000	486.2		
T	45.917300000	-119.276740000	486.5		
T	45.917420000	-119.276750000	486.8		
T	45.917600000	-119.276840000	487.1		
T	45.917800000	-119.276860000	486.6		
T	45.917850000	-119.276920000	486.4		
T	45.917870000	-119.277030000	486.3		
T	45.917870000	-119.277340000	486.6		
T	45.918040000	-119.277240000	485.9		
T	45.918100000	-119.277220000	485.6		
T	45.918160000	-119.277220000	485.4		
T	45.918400000	-119.277280000	485.3		
T	45.918750000	-119.277420000	486.1		
T	45.919150000	-119.277520000	486.8		
T	45.919180000	-119.277520000	486.7		
T	45.919210000	-119.277500000	486.7		
T	45.919340000	-119.276380000	489.5		
T	45.919400000	-119.275340000	489.5		
T	45.919380000	-119.275140000	489.7		
T	45.919460000	-119.274660000	489.7		
T	45.919450000	-119.274180000	489.1		
T	45.919460000	-119.274180000	489.1		
T	45.919510000	-119.273970000	489.3		
T	45.919540000	-119.273500000	490.0		
T	45.919510000	-119.273050000	490.4		
T	45.919580000	-119.272740000	491.2		
T	45.919550000	-119.272270000	492.2		
T	45.919580000	-119.271950000	492.6		
T	45.919540000	-119.271370000	493.2		
T	45.919590000	-119.271030000	493.7		
T	45.919590000	-119.270250000	494.2		
T	45.919530000	-119.269780000	494.5		
T	45.919570000	-119.269620000	494.4		
T	45.919580000	-119.269450000	494.6		
T	45.919550000	-119.268930000	495.1		
T	45.919590000	-119.268490000	495.4		
T	45.919570000	-119.267900000	496.1		
T	45.919590000	-119.267620000	496.7		
T	45.919560000	-119.267320000	497.0		
T	45.919600000	-119.267030000	497.4		
T	45.919600000	-119.266870000	497.4		
T	45.919570000	-119.266620000	497.6		
T	45.919560000	-119.266130000	498.1		
T	45.919620000	-119.265750000	499.5		
T	45.925320000	-119.265780000	506.2		
T	45.925530000	-119.265810000	506.2		
T	45.925960000	-119.265950000	506.8		
T	45.926190000	-119.266080000	506.0		
T	45.926560000	-119.266350000	504.7		
T	45.926690000	-119.266470000	504.2		
T	45.926860000	-119.266200000	503.8		
T	45.926920000	-119.266150000	503.7		
T	45.926990000	-119.266120000	503.6		
T	45.927000000	-119.266110000	503.5		
T	45.927070000	-119.266090000	503.4		
T	45.927140000	-119.266090000	503.5		
T	45.927290000	-119.266150000	503.5		
T	45.927370000	-119.266220000	503.3		
T	45.927420000	-119.266290000	503.2		
T	45.927500000	-119.266490000	502.9		
T	45.927520000	-119.267050000	502.5		
T	45.927550000	-119.267200000	502.3		
T	45.927600000	-119.267320000	502.1		
T	45.928710000	-119.268950000	485.6		
T	45.928850000	-119.269290000	474.4		
T	45.928930000	-119.269640000	464.8		
T	45.928950000	-119.270390000	453.4		
T	45.928640000	-119.271650000	442.2		
T	45.928630000	-119.271860000	439.8		
T	45.928670000	-119.272000000	437.3		
T	45.928830000	-119.272340000	430.9		
T	45.928970000	-119.272440000	428.2		
T	45.929160000	-119.272510000	422.9		
T	45.929290000	-119.272500000	418.7		
T	45.929460000	-119.272380000	410.4		
T	45.930620000	-119.270970000	369.0		
T	45.930950000	-119.270480000	358.5		
T	45.931100000	-119.270200000	353.5		
T	45.931150000	-119.269960000	352.0		
T	45.931020000	-119.263510000	353.9		
T	45.930560000	-119.259910000	367.9		
T	45.930540000	-119.258150000	371.2		
T	45.929770000	-119.252280000	381.5		
T	45.929690000	-119.249030000	377.9		
T	45.929320000	-119.244610000	380.0		
T	45.929060000	-119.243660000	390.1		
T	45.928940000	-119.243070000	396.8		
T	45.928830000	-119.242040000	393.1		
T	45.928720000	-119.241540000	394.2		
T	45.928710000	-119.241270000	389.3		
T	45.928730000	-119.241040000	387.8		
T	45.928700000	-119.240850000	385.6		
T	45.927830000	-119.237720000	389.0		
T	45.927690000	-119.237000000	393.1		
T	45.927230000	-119.235330000	398.3		
T	45.927220000	-119.235320000	398.8		
T	45.927040000	-119.234940000	408.4		
T	45.926890000	-119.234430000	413.8		
T	45.926880000	-119.234420000	414.3		
T	45.926830000	-119.233380000	411.3		
T	45.926530000	-119.231940000	416.6		
T	45.926440000	-119.231640000	413.4		
T	45.926300000	-119.231330000	415.1		
T	45.925750000	-119.229560000	408.7		
T	45.925580000	-119.228600000	397.2		
T	45.924900000	-119.227350000	395.1		
T	45.924810000	-119.227110000	401.6		
T	45.923440000	-119.221560000	404.8		
T	45.922220000	-119.219550000	403.2		
T	45.922080000	-119.219120000	398.0		
T	45.922030000	-119.218760000	390.7		
T	45.921990000	-119.218050000	407.2		
T	45.922060000	-119.217620000	418.8		
T	45.922310000	-119.214430000	412.5		
T	45.922310000	-119.213960000	417.2		
T	45.922270000	-119.213580000	418.6		
T	45.922110000	-119.212770000	416.8		
T	45.922050000	-119.212670000	424.0		
T	45.922020000	-119.212640000	426.2		
T	45.921900000	-119.212370000	435.6		
T	45.921860000	-119.212150000	434.6		
T	45.921840000	-119.211720000	430.9		
T	45.921820000	-119.211610000	431.6		
T	45.920800000	-119.208310000	423.0		
T	45.920650000	-119.207500000	417.9		
T	45.920310000	-119.203980000	414.3		
T	45.919540000	-119.200090000	420.6		
T	45.919200000	-119.188090000	422.7		
T	45.919420000	-119.183060000	416.5		
T	45.920330000	-119.177880000	389.4		
T	45.920380000	-119.177410000	386.6		
T	45.920370000	-119.177130000	388.1		
T	45.920340000	-119.176940000	386.8		
T	45.920130000	-119.176330000	404.2		
T	45.919940000	-119.176010000	416.8		
T	45.919940000	-119.176000000	416.7		
T	45.919520000	-119.175540000	430.9		
T	45.919320000	-119.175430000	429.4		
T	45.919100000	-119.175340000	423.3		
T	45.918890000	-119.175290000	416.9		
T	45.918770000	-119.175290000	413.4		
T	45.918560000	-119.175320000	413.3		
T	45.918430000	-119.175360000	414.5		
T	45.918020000	-119.175600000	419.0		
T	45.917700000	-119.175870000	415.5		
T	45.916940000	-119.176750000	413.5		
T	45.916300000	-119.177290000	402.2		
T	45.916100000	-119.177420000	401.1		
T	45.915900000	-119.177500000	398.8		
T	45.915760000	-119.177530000	400.1		
T	45.915490000	-119.177520000	403.8		
T	45.915240000	-119.177450000	405.7		
T	45.914870000	-119.177240000	406.8		
T	45.914640000	-119.177070000	407.1		
T	45.914540000	-119.176950000	407.4		
T	45.914520000	-119.176880000	407.1		
T	45.914570000	-119.176580000	407.6		
T	45.914710000	-119.176430000	404.2		
T	45.914810000	-119.176170000	398.7		
T	45.914780000	-119.176140000	399.2		
T	45.914690000	-119.175930000	400.1		
T	45.914640000	-119.175860000	401.2		
T	45.914560000	-119.175650000	402.2		
T	45.914480000	-119.175320000	399.1		
T	45.914460000	-119.175280000	398.9		
T	45.914340000	-119.175190000	401.2		
T	45.914310000	-119.175150000	401.6		
T	45.914270000	-119.175040000	400.1		
T	45.914240000	-119.175000000	399.8		
T	45.914120000	-119.174910000	400.0		
T	45.913970000	-119.174710000	398.4		
T	45.913930000	-119.174680000	398.8		
T	45.913860000	-119.174650000	399.9		
T	45.913700000	-119.174500000	400.9		
T	45.913630000	-119.174390000	400.4		
T	45.913470000	-119.174030000	397.4		
T	45.913420000	-119.173970000	397.3		
T	45.913300000	-119.173750000	394.8		
T	45.913200000	-119.173640000	394.6		
T	45.913050000	-119.173340000	393.8		
T	45.912970000	-119.173230000	394.2		
T	45.912620000	-119.172590000	397.8		
T	45.912600000	-119.172510000	397.1		
T	45.912610000	-119.172390000	394.8		
T	45.912730000	-119.172130000	392.8		
T	45.912720000	-119.171990000	393.4		
T	45.912470000	-119.171490000	394.9		
T	45.912120000	-119.171120000	396.2		
T	45.911940000	-119.170750000	401.5		
T	45.911840000	-119.170270000	406.3		
T	45.911610000	-119.170040000	407.8		
T	45.911600000	-119.170040000	407.8		
T	45.911480000	-119.169870000	407.6		
T	45.911400000	-119.169720000	405.7		
T	45.911380000	-119.169420000	404.1		
T	45.911400000	-119.169330000	404.0		
T	45.911360000	-119.169220000	402.5		
T	45.911170000	-119.169030000	398.5		
T	45.911150000	-119.169020000	398.3		
T	45.910860000	-119.168700000	394.7		
T	45.910670000	-119.168050000	397.8		
T	45.910560000	-119.167360000	405.8		
T	45.910450000	-119.167020000	410.4		
T	45.910260000	-119.166840000	411.2		
T	45.910060000	-119.166730000	409.2		
T	45.909770000	-119.166260000	408.3		
T	45.909610000	-119.166070000	408.3		
T	45.909370000	-119.165950000	408.0		
T	45.909260000	-119.165870000	407.9		
T	45.909020000	-119.165570000	407.7		
T	45.908500000	-119.164320000	398.4		
T	45.908530000	-119.163940000	399.4		
T	45.908670000	-119.163310000	404.0		
T	45.908820000	-119.162840000	408.4		
T	45.909080000	-119.162250000	406.1		
T	45.909220000	-119.162000000	398.7		
T	45.909610000	-119.161470000	392.7		
T	45.910020000	-119.161060000	390.3		
T	45.914710000	-119.157080000	373.1		
T	45.915240000	-119.156480000	371.8		
T	45.915640000	-119.155900000	373.2		
T	45.915950000	-119.155200000	369.3		
T	45.916140000	-119.154410000	374.9		
T	45.918760000	-119.138660000	359.6		
T	45.918750000	-119.138550000	361.0		
T	45.918860000	-119.137870000	364.4		
T	45.918870000	-119.137650000	362.7		
T	45.918800000	-119.137520000	361.7		
T	45.918560000	-119.137340000	361.7		
T	45.917430000	-119.136800000	363.8		
T	45.916370000	-119.136170000	371.6		
T	45.916190000	-119.136030000	372.4		
T	45.915940000	-119.135710000	374.9		
T	45.915940000	-119.135700000	374.8		
T	45.915710000	-119.135310000	376.8		
T	45.915700000	-119.135310000	376.5		
T	45.915410000	-119.134790000	376.5		
T	45.915400000	-119.134790000	376.6		
T	45.915400000	-119.134780000	376.7		
T	45.914990000	-119.134020000	376.2		
T	45.914870000	-119.133840000	380.4		
T	45.914740000	-119.133740000	382.1		
T	45.914640000	-119.133720000	382.1		
T	45.914510000	-119.133750000	381.5		
T	45.914270000	-119.133940000	379.5		
T	45.914380000	-119.132960000	395.6		
T	45.914500000	-119.132470000	397.3		
T	45.915020000	-119.130880000	409.5		
T	45.915210000	-119.130150000	423.4		
T	45.915310000	-119.129570000	431.0		
T	45.915840000	-119.124460000	501.4		
T	45.915880000	-119.123610000	512.0		
T	45.915870000	-119.123580000	513.4		
T	45.915870000	-119.123310000	518.8		
T	45.915780000	-119.122440000	535.5		
T	45.915630000	-119.121780000	542.8		
T	45.915260000	-119.120770000	546.5		
T	45.914980000	-119.120230000	554.8		
T	45.912820000	-119.116620000	633.5		
T	45.912280000	-119.115620000	649.9		
T	45.911810000	-119.114520000	666.9		
T	45.910600000	-119.111060000	685.2		
T	45.910600000	-119.111030000	685.3		
T	45.905110000	-119.095340000	826.2		
T	45.901540000	-119.086990000	858.1		
T	45.901530000	-119.086980000	858.2		
T	45.899380000	-119.081920000	845.8		
T	45.899380000	-119.081910000	845.8		
T	45.899100000	-119.081260000	855.3		
T	45.899100000	-119.081250000	855.4		
T	45.894120000	-119.069650000	914.0		
T	45.893930000	-119.069300000	917.4		
T	45.893650000	-119.068890000	920.0		
T	45.893370000	-119.068590000	921.1		
T	45.893070000	-119.068340000	922.1		
T	45.892850000	-119.068200000	922.2		
T	45.889980000	-119.066850000	890.2		
T	45.889970000	-119.066850000	890.1		
T	45.887770000	-119.065840000	856.1		
T	45.887230000	-119.065640000	848.8		
T	45.886700000	-119.065490000	843.9		
T	45.882760000	-119.064720000	797.6		
T	45.882450000	-119.064600000	798.8		
T	45.882220000	-119.064460000	798.0		
T	45.881940000	-119.064210000	806.4		
T	45.881810000	-119.064040000	806.8		
T	45.881570000	-119.063590000	808.6		
T	45.881480000	-119.063330000	808.3		
T	45.881370000	-119.062760000	804.8		
T	45.881360000	-119.062290000	799.1		
T	45.881430000	-119.061760000	798.8		
T	45.881590000	-119.061200000	800.9		
T	45.882150000	-119.059660000	797.1		
T	45.882280000	-119.059200000	796.0		
T	45.882350000	-119.058740000	795.1		
T	45.882350000	-119.058220000	791.2		
T	45.882240000	-119.057560000	785.0		
T	45.881280000	-119.054260000	771.8		
T	45.881220000	-119.053650000	783.4		
T	45.881240000	-119.053220000	787.5		
T	45.881360000	-119.052650000	791.4		
T	45.882130000	-119.050550000	803.8		
T	45.882140000	-119.050550000	804.7		
T	45.882490000	-119.049300000	804.2		
T	45.882600000	-119.048670000	796.7		
T	45.882600000	-119.047930000	800.9		
T	45.882550000	-119.047580000	798.5		
T	45.882470000	-119.047260000	789.0		
T	45.881260000	-119.044050000	779.5		
T	45.880840000	-119.043080000	778.2		
T	45.880620000	-119.042310000	777.6		
T	45.880390000	-119.040210000	761.0		
T	45.880420000	-119.039600000	763.4		
T	45.880500000	-119.039270000	764.1		
T	45.880620000	-119.038980000	764.9		
T	45.880820000	-119.038620000	765.6		
T	45.881340000	-119.037830000	767.6		
T	45.881590000	-119.037340000	768.0		
T	45.882340000	-119.035380000	770.3		
T	45.882350000	-119.035370000	769.8		
T	45.882460000	-119.034970000	772.3		
T	45.882560000	-119.034420000	776.2		
T	45.882580000	-119.033930000	781.4		
T	45.882540000	-119.033520000	787.2		
T	45.882430000	-119.033040000	792.0		
T	45.881390000	-119.029720000	802.5		
T	45.881230000	-119.029000000	801.5		
T	45.881190000	-119.028550000	800.6		
T	45.881190000	-119.028240000	800.3		
T	45.881290000	-119.027370000	798.0		
T	45.881480000	-119.026620000	795.3		
T	45.881660000	-119.026160000	792.0		
T	45.881870000	-119.025780000	788.6		
T	45.882020000	-119.025560000	788.3		
T	45.882700000	-119.024810000	787.1		
T	45.883830000	-119.023690000	792.5		
T	45.884230000	-119.023200000	796.0		
T	45.884500000	-119.022790000	798.6		
T	45.884700000	-119.022420000	800.6		
T	45.885500000	-119.021180000	805.5		
T	45.885620000	-119.020920000	806.1		
T	45.886410000	-119.017810000	815.1		
T	45.886590000	-119.016820000	816.1		
T	45.886710000	-119.013900000	818.2		
T	45.886790000	-119.013100000	814.9		
T	45.887410000	-119.010390000	819.6		
T	45.887490000	-119.009050000	825.2		
T	45.887460000	-119.008230000	827.0		
T	45.887130000	-119.006020000	832.6		
T	45.887100000	-119.005170000	832.9		
T	45.887130000	-119.004670000	833.8		
T	45.887210000	-119.004210000	834.4		
T	45.887400000	-119.003550000	831.1		
T	45.887560000	-119.003180000	831.5		
T	45.887780000	-119.002780000	832.5		
T	45.887980000	-119.002510000	832.9		
T	45.888350000	-119.002110000	833.8		
T	45.888590000	-119.001930000	834.5		
T	45.889170000	-119.001590000	836.1		
T	45.890110000	-119.001110000	838.7		
T	45.890370000	-119.000920000	838.9		
T	45.891520000	-118.999820000	848.4		
T	45.891900000	-118.999320000	849.3		
T	45.892110000	-118.998900000	850.9		
T	45.892310000	-118.998300000	852.3		
T	45.892400000	-118.997860000	852.3		
T	45.892470000	-118.997210000	854.9		
T	45.892480000	-118.997180000	854.6		
T	45.892580000	-118.995570000	856.1		
T	45.892690000	-118.994790000	856.0		
T	45.892880000	-118.994210000	856.6		
T	45.893940000	-118.991790000	861.6		
T	45.894380000	-118.990440000	864.6		
T	45.894460000	-118.990020000	865.8		
T	45.894490000	-118.989600000	867.1		
T	45.894470000	-118.989220000	868.5		
T	45.894360000	-118.988750000	870.0		
T	45.893700000	-118.987430000	872.1		
T	45.892520000	-118.984680000	879.4		
T	45.892090000	-118.983890000	883.6		
T	45.890810000	-118.982040000	914.3		
T	45.890310000	-118.981180000	923.2		
T	45.890020000	-118.980540000	928.5		
T	45.889840000	-118.980050000	933.5		
T	45.889670000	-118.979410000	936.7		
T	45.889520000	-118.978550000	934.3		
T	45.889410000	-118.977400000	934.0		
T	45.889380000	-118.976520000	932.2		
T	45.889410000	-118.976150000	930.1		
T	45.889540000	-118.975530000	926.6		
T	45.890040000	-118.973800000	928.0		
T	45.890170000	-118.973200000	921.7		
T	45.890190000	-118.972990000	923.2		
T	45.890190000	-118.972340000	927.4		
T	45.890100000	-118.971740000	926.7		
T	45.889690000	-118.970290000	928.2		
T	45.889610000	-118.970100000	927.9		
T	45.889470000	-118.969900000	931.0		
T	45.889430000	-118.969860000	931.2		
T	45.889280000	-118.969760000	934.4		
T	45.889270000	-118.969760000	934.8		
T	45.889210000	-118.969730000	934.8		
T	45.889030000	-118.969690000	937.2		
T	45.888870000	-118.969690000	937.5		
T	45.888730000	-118.969710000	939.3		
T	45.887220000	-118.970140000	951.2		
T	45.886680000	-118.970140000	958.5		
T	45.886360000	-118.970090000	965.4		
T	45.886110000	-118.970000000	968.3		
T	45.885940000	-118.969900000	966.4		
T	45.885860000	-118.969830000	965.3		
T	45.885850000	-118.969830000	966.3		
T	45.885700000	-118.969690000	964.1		
T	45.885430000	-118.969360000	961.1		
T	45.885310000	-118.969170000	961.0		
T	45.885310000	-118.969160000	960.1		
T	45.885170000	-118.968900000	955.8		
T	45.884990000	-118.968470000	952.3		
T	45.884590000	-118.967150000	945.8		
T	45.884470000	-118.966920000	949.0		
T	45.884330000	-118.966730000	951.5		
T	45.884050000	-118.966520000	957.8		
T	45.883850000	-118.966460000	964.4		
T	45.883650000	-118.966430000	969.8		
T	45.883200000	-118.966410000	977.9		
T	45.881830000	-118.966200000	974.2		
T	45.881530000	-118.966210000	973.7		
T	45.880700000	-118.966370000	966.2		
T	45.880490000	-118.966370000	966.0		
T	45.880250000	-118.966310000	960.8		
T	45.880080000	-118.966240000	956.8		
T	45.879780000	-118.966020000	952.9		
T	45.879240000	-118.965470000	954.0		
T	45.878970000	-118.965070000	955.1		
T	45.878860000	-118.964820000	954.3		
T	45.877270000	-118.959650000	968.1		
T	45.877160000	-118.959100000	966.6		
T	45.877120000	-118.958630000	964.0		
T	45.877150000	-118.957080000	967.2		
T	45.877080000	-118.956190000	966.1		
T	45.876450000	-118.952790000	977.1		
T	45.876180000	-118.951760000	979.3		
T	45.874440000	-118.946110000	990.4		
T	45.874260000	-118.945730000	990.8		
T	45.874260000	-118.945720000	990.6		
T	45.874100000	-118.945430000	992.8		
T	45.873740000	-118.944890000	996.1		
T	45.872890000	-118.943940000	1007.8		
T	45.872860000	-118.943920000	1008.8		
T	45.872350000	-118.943360000	1015.1		
T	45.872160000	-118.943100000	1015.8		
T	45.872050000	-118.942890000	1012.3		
T	45.871920000	-118.942520000	1007.7		
T	45.871850000	-118.942110000	1001.3		
T	45.871890000	-118.939740000	999.7		
T	45.871850000	-118.939010000	1000.5		
T	45.871790000	-118.938630000	1002.4		
T	45.871530000	-118.937670000	1003.2		
T	45.871500000	-118.937430000	1006.2		
T	45.871500000	-118.937260000	1005.9		
T	45.871540000	-118.936930000	1004.4		
T	45.871590000	-118.936760000	1005.6		
T	45.871930000	-118.936020000	1006.6		
T	45.872080000	-118.935610000	1006.6		
T	45.872130000	-118.935400000	1007.1		
T	45.872200000	-118.934810000	1008.7		
T	45.872200000	-118.934580000	1009.6		
T	45.872190000	-118.934540000	1010.0		
T	45.872190000	-118.934460000	1010.8		
T	45.872080000	-118.934020000	1015.6		
T	45.871990000	-118.933840000	1019.6		
T	45.872100000	-118.933760000	1017.0		
T	45.872620000	-118.933540000	1009.9		
T	45.873210000	-118.933340000	1018.9		
T	45.873490000	-118.933200000	1020.3		
T	45.873800000	-118.932930000	1026.8		
T	45.874100000	-118.932520000	1030.1		
T	45.874240000	-118.932230000	1033.2		
T	45.874500000	-118.931550000	1039.6		
T	45.874640000	-118.930980000	1043.6		
T	45.874950000	-118.929190000	1047.1		
T	45.875400000	-118.927660000	1046.7		
T	45.876180000	-118.923310000	1057.3		
T	45.876450000	-118.922590000	1066.7		
T	45.876710000	-118.922060000	1071.8		
T	45.876880000	-118.921630000	1067.0		
T	45.877420000	-118.919170000	1081.2		
T	45.877470000	-118.918430000	1083.6		
T	45.877360000	-118.917550000	1082.0		
T	45.877070000	-118.916230000	1090.9		
T	45.877070000	-118.915930000	1094.4		
T	45.877130000	-118.915550000	1098.3		
T	45.878220000	-118.912160000	1098.6		
T	45.878290000	-118.911670000	1110.3		
T	45.878300000	-118.911390000	1113.8		
T	45.878310000	-118.911350000	1113.6		
T	45.878230000	-118.909470000	1120.7		
T	45.878290000	-118.908590000	1124.1		
T	45.878380000	-118.908050000	1126.1		
T	45.878920000	-118.906050000	1145.1		
T	45.879020000	-118.905550000	1142.6		
T	45.879310000	-118.902490000	1157.5		
T	45.879690000	-118.900120000	1170.4		
T	45.880020000	-118.896190000	1184.0		
T	45.880120000	-118.894090000	1188.4		
T	45.880140000	-118.891810000	1193.9		
T	45.880350000	-118.889820000	1207.2		
T	45.880170000	-118.887390000	1220.9		
T	45.880170000	-118.887070000	1222.8		
T	45.880610000	-118.884160000	1235.0		
T	45.880610000	-118.883800000	1237.0		
T	45.880490000	-118.882260000	1244.1		
T	45.880440000	-118.880100000	1251.9		
T	45.880360000	-118.879580000	1256.7		
T	45.879980000	-118.877960000	1270.9		
T	45.877890000	-118.872990000	1311.4		
T	45.877240000	-118.870740000	1322.1		
T	45.877010000	-118.870200000	1326.5		
T	45.873640000	-118.864380000	1370.2		
T	45.873260000	-118.863880000	1373.5		
T	45.872620000	-118.863210000	1377.9		
T	45.872380000	-118.862850000	1375.9		
T	45.872120000	-118.862240000	1377.3		
T	45.871990000	-118.861820000	1376.4		
T	45.871660000	-118.860310000	1374.4		
T	45.871420000	-118.859450000	1375.6		
T	45.871240000	-118.859050000	1377.8		
T	45.869590000	-118.856200000	1407.1		
T	45.869520000	-118.856020000	1404.7		
T	45.869440000	-118.855680000	1403.8		
T	45.869260000	-118.853320000	1407.3		
T	45.868920000	-118.851320000	1426.8		
T	45.868560000	-118.849800000	1425.4		
T	45.867640000	-118.846700000	1425.7		
T	45.867440000	-118.845780000	1429.0		
T	45.867270000	-118.844520000	1442.7		
T	45.867080000	-118.843950000	1445.7		
T	45.866130000	-118.841780000	1451.9		
T	45.865990000	-118.841340000	1452.9		
T	45.865840000	-118.840690000	1456.7		
T	45.865070000	-118.835090000	1481.3		
T	45.864390000	-118.831800000	1493.1		
T	45.864160000	-118.830270000	1503.5		
T	45.864050000	-118.828960000	1507.8		
T	45.863990000	-118.826960000	1506.7		
T	45.864040000	-118.825460000	1509.1		
T	45.864540000	-118.818740000	1538.2		
T	45.864530000	-118.818010000	1537.2		
T	45.864210000	-118.812870000	1557.5		
T	45.864140000	-118.812300000	1560.2		
T	45.864080000	-118.812090000	1562.1		
T	45.863890000	-118.811660000	1564.1		
T	45.862050000	-118.808610000	1573.7		
T	45.860840000	-118.806940000	1582.5		
T	45.860730000	-118.806730000	1581.1		
T	45.860490000	-118.806030000	1585.2		
T	45.860150000	-118.804580000	1596.3		
T	45.860140000	-118.804570000	1596.6		
T	45.859990000	-118.804120000	1603.1		
T	45.859270000	-118.802620000	1601.1		
T	45.857500000	-118.798040000	1614.0		
T	45.857390000	-118.797390000	1614.8		
T	45.857340000	-118.795890000	1617.5		
T	45.857300000	-118.795650000	1621.0		
T	45.856850000	-118.794070000	1622.9		
T	45.856750000	-118.793460000	1624.6		
T	45.856710000	-118.792760000	1625.2		
T	45.856740000	-118.787560000	1641.7		
T	45.874320000	-118.787210000	1685.6		
T	45.879380000	-118.787270000	1719.7		
T	45.879830000	-118.787380000	1712.8		
T	45.883630000	-118.788670000	1602.3		
T	45.883890000	-118.788450000	1596.4		
T	45.884030000	-118.788240000	1595.0		
T	45.884120000	-118.788010000	1595.3		
T	45.884370000	-118.755040000	1678.0		
T	45.884430000	-118.754640000	1676.8		
T	45.884480000	-118.754540000	1676.9		
T	45.884680000	-118.754300000	1678.2		
T	45.884760000	-118.754230000	1679.2		
T	45.885240000	-118.753960000	1682.7		
T	45.885510000	-118.753750000	1684.1		
T	45.885660000	-118.753540000	1686.1		
T	45.885830000	-118.753110000	1689.2		
T	45.886020000	-118.752350000	1691.4		
T	45.886140000	-118.752000000	1695.3		
T	45.886440000	-118.751490000	1694.6		
T	45.886540000	-118.751210000	1694.7		
T	45.886560000	-118.751110000	1695.7		
T	45.886570000	-118.750830000	1697.6		
T	45.886330000	-118.748010000	1712.1		
T	45.886350000	-118.747380000	1715.6		
T	45.886640000	-118.746410000	1722.0		
T	45.887030000	-118.745680000	1726.1		
T	45.893080000	-118.735480000	1774.0		
T	45.893730000	-118.734620000	1780.0		
T	45.896660000	-118.731350000	1806.6		
T	45.896860000	-118.730950000	1808.2		
T	45.896980000	-118.730600000	1808.6		
T	45.897120000	-118.729650000	1815.8		
T	45.897150000	-118.729240000	1818.3		
T	45.896960000	-118.728470000	1823.1		
T	45.896560000	-118.727590000	1828.6		
T	45.895500000	-118.726420000	1834.9		
T	45.895340000	-118.726110000	1831.2		
T	45.895280000	-118.725840000	1829.9		
T	45.895270000	-118.725210000	1832.4		
T	45.895300000	-118.725100000	1833.5		
T	45.895350000	-118.724450000	1839.2		
T	45.895370000	-118.722450000	1850.1		
T	45.896330000	-118.718820000	1863.1		
T	45.897280000	-118.716940000	1876.1		
T	45.898480000	-118.714340000	1880.0		
T	45.898650000	-118.713570000	1885.9		
T	45.898800000	-118.712090000	1901.0		
T	45.898950000	-118.711290000	1912.4		
T	45.899210000	-118.710520000	1918.5		
T	45.899330000	-118.710290000	1919.7		
T	45.899530000	-118.709990000	1919.2		
T	45.900070000	-118.709570000	1931.5		
T	45.900250000	-118.709480000	1936.2		
T	45.902350000	-118.708120000	1968.1		
T	45.902360000	-118.708120000	1968.2		
T	45.902680000	-118.707940000	1967.6		
T	45.902690000	-118.707940000	1967.6		
T	45.902940000	-118.707840000	1965.6		
T	45.903100000	-118.707820000	1963.4		
T	45.903350000	-118.707830000	1958.7		
T	45.903980000	-118.707950000	1950.5		
T	45.904200000	-118.707970000	1947.5		
T	45.904440000	-118.707960000	1944.2		
T	45.904620000	-118.707910000	1940.8		
T	45.904790000	-118.707820000	1933.9		
T	45.904810000	-118.707800000	1932.6		
T	45.905040000	-118.707660000	1919.4		
T	45.905580000	-118.707190000	1896.3		
T	45.906350000	-118.706140000	1872.5		
T	45.906570000	-118.705890000	1865.0		
T	45.910820000	-118.702570000	1785.0		
T	45.911110000	-118.702420000	1779.9		
T	45.911820000	-118.702190000	1773.4		
T	45.912610000	-118.701860000	1766.0		
T	45.913590000	-118.701230000	1753.9		
T	45.913680000	-118.701190000	1753.3		
T	45.913880000	-118.701060000	1751.2		
T	45.914440000	-118.700780000	1745.4		
T	45.915250000	-118.700510000	1736.9		
T	45.915720000	-118.700260000	1732.9		
T	45.915970000	-118.700030000	1730.6		
T	45.916190000	-118.699870000	1726.9		
T	45.916570000	-118.699500000	1724.6		
T	45.916950000	-118.699040000	1716.4		
T	45.917170000	-118.698710000	1710.7		
T	45.917390000	-118.698450000	1704.8		
T	45.917800000	-118.698220000	1699.5		
T	45.918120000	-118.698080000	1696.0		
T	45.918470000	-118.697970000	1691.0		
T	45.918490000	-118.697970000	1690.7		
T	45.919820000	-118.697490000	1677.5		
T	45.920140000	-118.697310000	1673.0		
T	45.920300000	-118.697150000	1670.3		
T	45.921120000	-118.696560000	1658.2		
T	45.921260000	-118.696510000	1655.9		
T	45.921420000	-118.696420000	1655.3		
T	45.922820000	-118.695940000	1638.9		
T	45.922960000	-118.695860000	1637.6		
T	45.922980000	-118.695830000	1638.0		
T	45.922980000	-118.695820000	1638.2		
T	45.923030000	-118.695740000	1638.7		
T	45.923380000	-118.695950000	1631.1		
T	45.923390000	-118.695950000	1631.1		
T	45.923590000	-118.696160000	1631.8		
T	45.923980000	-118.696480000	1634.6		
T	45.924010000	-118.696490000	1634.3		
T	45.924570000	-118.696850000	1633.4		
T	45.928420000	-118.698720000	1618.0		
T	45.928740000	-118.698960000	1615.9		
T	45.929040000	-118.699230000	1612.3		
T	45.929060000	-118.699240000	1611.5		
T	45.931960000	-118.701980000	1579.2		
T	45.934720000	-118.705880000	1526.1		
T	45.934830000	-118.705710000	1524.3		
T	45.934970000	-118.705430000	1535.1		
T	45.935030000	-118.705210000	1548.4		
T	45.935160000	-118.704120000	1569.8		
T	45.935250000	-118.703850000	1574.8		
T	45.935990000	-118.702420000	1623.6		
T	45.936060000	-118.702220000	1634.0		
T	45.936100000	-118.701970000	1645.8		
T	45.936290000	-118.699390000	1700.5		
T	45.936400000	-118.699050000	1710.5		
T	45.936700000	-118.698450000	1728.3		
T	45.936760000	-118.698200000	1735.9		
T	45.936750000	-118.697990000	1741.7		
T	45.936710000	-118.697820000	1746.3		
T	45.936630000	-118.697660000	1750.9		
T	45.936530000	-118.697360000	1761.9		
T	45.936510000	-118.697100000	1768.5		
T	45.936530000	-118.694870000	1788.3		
T	45.936550000	-118.694760000	1788.2		
T	45.936590000	-118.694660000	1787.9		
T	45.936660000	-118.694560000	1787.2		
T	45.936820000	-118.694490000	1785.8		
T	45.940170000	-118.694490000	1772.8		
T	45.940810000	-118.694440000	1777.9		
T	45.943230000	-118.694390000	1799.6		
T	45.950260000	-118.693610000	1823.4		
T	45.950500000	-118.693400000	1824.7		
T	45.955190000	-118.688520000	1777.8		
T	45.956120000	-118.687690000	1735.9		
T	45.956570000	-118.687340000	1712.2		
T	45.956860000	-118.687020000	1698.1		
T	45.956870000	-118.687000000	1697.6		
T	45.957300000	-118.686600000	1674.3		
T	45.957710000	-118.686390000	1654.7		
T	45.958350000	-118.686170000	1616.1		
T	45.958360000	-118.686160000	1615.3		
T	45.958400000	-118.686150000	1612.9		
T	45.958620000	-118.686030000	1601.6		
T	45.958790000	-118.685910000	1593.9		
T	45.959090000	-118.685610000	1576.7		
T	45.959180000	-118.685440000	1570.2		
T	45.959290000	-118.685010000	1559.3		
T	45.959690000	-118.682830000	1492.3		
T	45.959700000	-118.682810000	1491.3		
T	45.959820000	-118.682240000	1465.5		
T	45.959880000	-118.682170000	1459.4		
T	45.959940000	-118.682130000	1453.7		
T	45.960030000	-118.682130000	1447.4		
T	45.960430000	-118.682440000	1430.4		
T	45.960670000	-118.682670000	1418.3		
T	45.960840000	-118.682920000	1406.2		
T	45.961230000	-118.683990000	1371.7		
T	45.961330000	-118.684190000	1366.5		
T	45.961430000	-118.684270000	1360.6		
T	45.961550000	-118.684280000	1352.7		
T	45.961640000	-118.684240000	1346.9		
T	45.961780000	-118.684040000	1333.9		
T	45.962340000	-118.682910000	1284.8		
T	45.962670000	-118.681610000	1218.9		
T	45.962720000	-118.681480000	1211.5		
T	45.962720000	-118.681460000	1210.9		
T	45.962900000	-118.681040000	1187.4		
T	45.962900000	-118.681020000	1186.8		
T	45.962910000	-118.681020000	1186.2		
T	45.963640000	-118.680390000	1139.2		
T	45.963660000	-118.680360000	1138.0		
T	45.963680000	-118.680350000	1137.2		
T	45.964380000	-118.679680000	1113.9		
T	45.965450000	-118.679000000	1075.2		
T	45.965740000	-118.678780000	1064.4		
T	45.965900000	-118.678600000	1059.8		
T	45.966320000	-118.678220000	1050.3		
T	45.966710000	-118.677920000	1040.4		
T	45.968810000	-118.676630000	995.7		
T	45.971130000	-118.674970000	964.3		
T	45.971510000	-118.674800000	961.8		
T	45.973310000	-118.674370000	960.1		
T	45.973590000	-118.674280000	960.4		
T	45.974020000	-118.674080000	960.5		
T	45.974200000	-118.673960000	958.2		
T	45.974610000	-118.673510000	951.5		
T	45.974620000	-118.673510000	951.2		
T	45.975390000	-118.672630000	946.8		
T	45.976850000	-118.670170000	949.4		
T	45.977290000	-118.669050000	937.2		
T	45.979060000	-118.666080000	912.8		
T	45.983060000	-118.661230000	779.1		
T	45.983280000	-118.660880000	769.0		
T	45.983590000	-118.660250000	749.8		
T	45.983990000	-118.659270000	715.6		
T	45.984260000	-118.658770000	695.2		
T	45.984570000	-118.658360000	675.2		
T	45.984830000	-118.657910000	665.3		
T	45.984930000	-118.657600000	661.6		
T	45.984970000	-118.656610000	659.5		
T	45.985010000	-118.656350000	657.5		
T	45.985080000	-118.656100000	653.1		
T	45.985200000	-118.655820000	649.6		
T	45.985600000	-118.655080000	643.1		
T	45.987160000	-118.653010000	623.8		
T	45.987330000	-118.652850000	624.6		
T	45.988470000	-118.652350000	614.7		
T	45.988820000	-118.652250000	613.6		
T	45.989140000	-118.652270000	611.6		
T	45.989390000	-118.652340000	611.0		
T	45.989740000	-118.652340000	607.1		
T	45.989900000	-118.652270000	604.0		
T	45.990100000	-118.652210000	600.0		
T	45.990470000	-118.652030000	593.3		
T	45.990670000	-118.651900000	589.5		
T	45.991220000	-118.651430000	580.7		
T	45.991340000	-118.651300000	579.6		
T	45.991310000	-118.651080000	580.1		
T	45.990360000	-118.647080000	587.9		
T	45.990330000	-118.646830000	587.0		
T	45.990360000	-118.646700000	586.0		
T	45.990450000	-118.646550000	584.7		
T	45.990500000	-118.646500000	584.0		
T	45.990550000	-118.646470000	583.4		
T	45.990590000	-118.646430000	582.8		
T	45.991620000	-118.645700000	576.6		
T	45.995850000	-118.642960000	557.7		
T	45.996110000	-118.642840000	557.4		
T	45.996210000	-118.642820000	557.4		
T	45.997110000	-118.642760000	557.4		
T	45.997620000	-118.642760000	556.3		
T	45.997940000	-118.642730000	556.2		
T	45.998190000	-118.642660000	556.0		
T	45.998330000	-118.642470000	557.1		
T	45.998380000	-118.642300000	557.7		
T	45.998450000	-118.642160000	558.2		
T	45.999740000	-118.638480000	567.3		
T	45.999740000	-118.638460000	567.3		
T	45.999960000	-118.637980000	568.0		
T	46.000040000	-118.637890000	568.2		
T	46.000230000	-118.637770000	568.8		
T	46.000420000	-118.637740000	569.2		
T	46.001070000	-118.637750000	567.6		
T	46.001050000	-118.637550000	568.2		
T	46.001030000	-118.606810000	520.8		
T	46.008730000	-118.607020000	492.2		
T	46.008810000	-118.607040000	492.3		
T	46.008900000	-118.607130000	492.4		
T	46.009150000	-118.607490000	493.0		
T	46.009250000	-118.607360000	492.5		
T	46.009410000	-118.607220000	491.7		
T	46.009610000	-118.607110000	490.6		
T	46.009640000	-118.607110000	490.4		
T	46.009740000	-118.607080000	489.7		
T	46.014610000	-118.607270000	487.4		
T	46.014850000	-118.607260000	487.7		
T	46.014950000	-118.607240000	488.0		
T	46.015190000	-118.607130000	488.9		
T	46.015300000	-118.607040000	489.3		
T	46.015590000	-118.606730000	489.7		
T	46.016030000	-118.606090000	490.9		
T	46.016130000	-118.605900000	491.7		
T	46.016130000	-118.605880000	491.8		
T	46.016230000	-118.605630000	494.3		
T	46.016320000	-118.605170000	508.5		
T	46.016230000	-118.601270000	507.8		
T	46.016220000	-118.601250000	507.5		
T	46.016040000	-118.594730000	509.0		
T	46.016080000	-118.594500000	509.5		
T	46.016120000	-118.594400000	510.1		
T	46.016250000	-118.594210000	512.1		
T	46.016330000	-118.594130000	512.6		
T	46.017250000	-118.593640000	516.1		
T	46.017260000	-118.593640000	516.2		
T	46.017800000	-118.593360000	520.3		
T	46.018360000	-118.593140000	529.8		
T	46.019080000	-118.592970000	538.4		
T	46.019090000	-118.592960000	538.2		
T	46.021380000	-118.592460000	570.0		
T	46.022110000	-118.592230000	581.6		
T	46.023420000	-118.591570000	605.4		
T	46.023910000	-118.591270000	613.7		
T	46.024130000	-118.591030000	613.7		
T	46.024620000	-118.590190000	624.2		
T	46.024760000	-118.590030000	627.8		
T	46.024760000	-118.590020000	627.8		
T	46.025340000	-118.589660000	626.2		
T	46.025580000	-118.589420000	622.3		
T	46.025700000	-118.589240000	619.7		
T	46.026180000	-118.588240000	610.1		
T	46.026440000	-118.587830000	601.4		
T	46.026590000	-118.587680000	595.4		
T	46.026780000	-118.587530000	587.7		
T	46.028970000	-118.586330000	545.9		
T	46.029240000	-118.586230000	539.7		
T	46.029560000	-118.586160000	533.8		
T	46.039750000	-118.586050000	498.0		
T	46.040070000	-118.586110000	498.3		
T	46.040160000	-118.586150000	498.3		
T	46.040350000	-118.586270000	498.2		
T	46.041160000	-118.587660000	495.1		
T	46.041470000	-118.588100000	494.3		
T	46.041850000	-118.588510000	493.7		
T	46.042420000	-118.588810000	492.6		
T	46.043960000	-118.589330000	491.4		
T	46.043970000	-118.589340000	491.4		
T	46.049060000	-118.591310000	487.7		
T	46.049700000	-118.591390000	481.3		
T	46.051140000	-118.591370000	482.8		
T	46.053700000	-118.591490000	487.4		
T	46.054400000	-118.591430000	486.1		
T	46.055030000	-118.591260000	486.7		
T	46.055540000	-118.591020000	488.3		
T	46.055550000	-118.591020000	488.3		
T	46.056760000	-118.590320000	492.1		
T	46.056560000	-118.588490000	492.3		
T	46.056360000	-118.584510000	493.0		
T	46.056170000	-118.582750000	492.2		
T	46.056140000	-118.582670000	492.1		
T	46.055790000	-118.580710000	492.1		
T	46.057670000	-118.580220000	499.3		
T	46.057990000	-118.580060000	502.6		
T	46.058170000	-118.579930000	506.0		
T	46.059240000	-118.578980000	534.8		
T	46.059620000	-118.578740000	532.3		
T	46.059730000	-118.578700000	532.6		
T	46.060790000	-118.578600000	524.4		
T	46.060930000	-118.578550000	522.4		
T	46.061050000	-118.578470000	520.9		
T	46.061060000	-118.578450000	521.1		
T	46.061160000	-118.578340000	521.8		
T	46.061210000	-118.578250000	522.5		
T	46.061270000	-118.577920000	526.7		
T	46.061270000	-118.577740000	526.1		
T	46.061140000	-118.576430000	528.4		
T	46.060310000	-118.572220000	545.4		
T	46.060180000	-118.571270000	542.4		
T	46.060150000	-118.570830000	541.5		
T	46.060300000	-118.561150000	558.5		
T	46.060480000	-118.557030000	576.1		
T	46.060610000	-118.556470000	578.7		
T	46.060760000	-118.556150000	572.0		
T	46.060910000	-118.555930000	563.5		
T	46.061690000	-118.555060000	563.9		
T	46.062080000	-118.554480000	559.0		
T	46.063680000	-118.551320000	563.3		
T	46.063810000	-118.550980000	557.1		
T	46.063940000	-118.550350000	558.7		
T	46.063970000	-118.549890000	565.8		
T	46.063950000	-118.541970000	566.6		
T	46.063980000	-118.541600000	570.2		
T	46.064040000	-118.541250000	582.1		
T	46.064150000	-118.540870000	594.8		
T	46.064290000	-118.540530000	600.7		
T	46.064440000	-118.540270000	601.2		
T	46.067320000	-118.536570000	570.8		
T	46.067490000	-118.536250000	570.4		
T	46.067630000	-118.535900000	569.1		
T	46.067710000	-118.535620000	568.7		
T	46.069770000	-118.525850000	579.0		
T	46.069930000	-118.525270000	579.3		
T	46.070770000	-118.523050000	588.2		
T	46.071110000	-118.522290000	587.2		
T	46.075550000	-118.514520000	596.5		
T	46.075810000	-118.513900000	606.6		
T	46.076930000	-118.508320000	629.2		
T	46.077100000	-118.507760000	629.5		
T	46.077250000	-118.507450000	618.9		
T	46.077550000	-118.507010000	605.1		
T	46.077790000	-118.506760000	604.4		
T	46.081710000	-118.503970000	606.3		
T	46.082040000	-118.503610000	607.0		
T	46.082280000	-118.503290000	607.9		
T	46.082630000	-118.502640000	609.2		
T	46.082860000	-118.501990000	610.0		
T	46.083540000	-118.499450000	643.7		
T	46.084160000	-118.497950000	622.9		
T	46.084300000	-118.497690000	623.3		
T	46.084320000	-118.497630000	623.5		
T	46.091070000	-118.485390000	667.6		
T	46.091470000	-118.484380000	661.9		
T	46.091670000	-118.483610000	662.1		
T	46.091860000	-118.480680000	674.5		
T	46.091910000	-118.480320000	669.6		
T	46.091970000	-118.480080000	664.1		
T	46.092170000	-118.479590000	652.1		
T	46.092400000	-118.479300000	649.8		
T	46.093580000	-118.478110000	650.5		
T	46.093680000	-118.477970000	650.5		
T	46.093810000	-118.477710000	650.7		
T	46.093890000	-118.477190000	652.0		
T	46.093650000	-118.474160000	652.1		
T	46.093580000	-118.473840000	652.4		
T	46.093360000	-118.473150000	652.8		
T	46.093340000	-118.472840000	653.4		
T	46.093360000	-118.472670000	654.2		
T	46.093540000	-118.472820000	655.0		
T	46.093550000	-118.472820000	655.1		
T	46.093660000	-118.472890000	655.6		
T	46.093890000	-118.472990000	656.4		
T	46.094200000	-118.473030000	658.7		
T	46.094410000	-118.473010000	662.4		
T	46.094730000	-118.472900000	668.9		
T	46.095100000	-118.472630000	672.1		
T	46.095120000	-118.472600000	671.6		
T	46.095700000	-118.472070000	682.9		
T	46.095940000	-118.471890000	694.4		
T	46.096420000	-118.471650000	704.6		
T	46.096940000	-118.471510000	707.3		
T	46.102270000	-118.470940000	660.8		
T	46.103080000	-118.470680000	665.5		
T	46.103340000	-118.470520000	665.5		
T	46.105730000	-118.468800000	671.2		
T	46.106890000	-118.468130000	675.3		
T	46.107570000	-118.467790000	676.7		
T	46.107460000	-118.467210000	676.3		
T	46.107440000	-118.466860000	676.2		
T	46.107500000	-118.466570000	676.2		
T	46.116040000	-118.444620000	710.2		
T	46.118540000	-118.439820000	717.9		
T	46.120920000	-118.434390000	728.6		
T	46.121150000	-118.433720000	729.7		
T	46.121440000	-118.432170000	732.9		
T	46.121640000	-118.431700000	736.6		
T	46.130230000	-118.414210000	761.7		
T	46.130440000	-118.413670000	762.3		
T	46.128390000	-118.412160000	760.0		
T	46.128830000	-118.409500000	774.8		
T	46.128930000	-118.408450000	778.1		
T	46.128870000	-118.405690000	770.8		
T	46.128900000	-118.405060000	771.1		
T	46.129020000	-118.404610000	771.6		
T	46.129160000	-118.404320000	773.5		
T	46.129340000	-118.404030000	776.2		
T	46.137830000	-118.396180000	802.0		
T	46.139280000	-118.395050000	811.5		
T	46.143470000	-118.392110000	829.6		
T	46.143710000	-118.391890000	833.9		
T	46.145780000	-118.389200000	847.1		
T	46.146040000	-118.388570000	860.3		
T	46.146200000	-118.387820000	879.5		
T	46.146220000	-118.387620000	884.6		
T	46.146230000	-118.387600000	884.5		
T	46.146450000	-118.382770000	856.2		
T	46.146730000	-118.381160000	877.7		
T	46.146980000	-118.378890000	877.0		
T	46.147440000	-118.372620000	858.6		
T	46.152230000	-118.372620000	835.0		
T	46.152540000	-118.372670000	835.3		
T	46.153000000	-118.372620000	837.7		
T	46.153390000	-118.372510000	841.3		
T	46.153570000	-118.372340000	842.6		
T	46.153940000	-118.372160000	852.1		
T	46.153990000	-118.372110000	853.9		
T	46.154030000	-118.372010000	856.6		
T	46.154040000	-118.371920000	858.3		
T	46.154030000	-118.371760000	860.6		
T	46.153800000	-118.370610000	865.3		
T	46.153600000	-118.361660000	864.1		
T	46.152950000	-118.352040000	885.2		
T	46.152690000	-118.350460000	887.3		
T	46.152540000	-118.349820000	889.1		
T	46.152540000	-118.349780000	889.2		
T	46.152330000	-118.349100000	888.5		
T	46.151760000	-118.347600000	889.1		
T	46.151550000	-118.347210000	889.7		
T	46.150980000	-118.345950000	887.0		
T	46.150850000	-118.345560000	890.9		
T	46.150730000	-118.344980000	891.4		
T	46.150670000	-118.344320000	892.9		
T	46.150720000	-118.318660000	977.8		
T	46.152460000	-118.315530000	969.6		
T	46.152780000	-118.315210000	966.4		
T	46.153010000	-118.315050000	966.1		
T	46.153160000	-118.314970000	965.7		
T	46.153400000	-118.314890000	964.8		
T	46.153540000	-118.314870000	964.2		
T	46.155320000	-118.314890000	958.4		
T	46.155630000	-118.314860000	959.8		
T	46.155720000	-118.314830000	960.3		
T	46.155740000	-118.314830000	960.4		
T	46.155960000	-118.314750000	961.8		
T	46.156230000	-118.314580000	963.5		
T	46.156240000	-118.314580000	963.6		
T	46.156410000	-118.314440000	967.1		
T	46.156530000	-118.314310000	971.1		
T	46.156540000	-118.314310000	971.2		
T	46.157110000	-118.313510000	989.4		
T	46.157350000	-118.313220000	993.7		
T	46.157640000	-118.312980000	997.7		
T	46.157820000	-118.312880000	999.4		
T	46.157970000	-118.312840000	1000.3		
T	46.157980000	-118.312830000	1000.3		
T	46.162140000	-118.312040000	1020.4		
T	46.163140000	-118.311750000	1026.4		
T	46.163140000	-118.311740000	1026.5		
T	46.165260000	-118.310870000	1009.2		
T	46.167470000	-118.310350000	989.7		
T	46.170000000	-118.310290000	980.1		
T	46.170450000	-118.310220000	979.6		
T	46.170590000	-118.310180000	979.7		
T	46.170690000	-118.310130000	980.0		
T	46.170870000	-118.310070000	980.0		
T	46.170870000	-118.310060000	980.0		
T	46.171870000	-118.309530000	983.7		
T	46.172190000	-118.309270000	987.6		
T	46.172520000	-118.308900000	986.4		
T	46.176100000	-118.304110000	991.4		
T	46.176930000	-118.302800000	1005.7		
T	46.176940000	-118.302760000	1006.1		
T	46.182100000	-118.293420000	1034.3		
T	46.183390000	-118.290920000	1029.2		
T	46.183400000	-118.290920000	1029.0		
T	46.188430000	-118.281220000	1057.9		
T	46.190070000	-118.277200000	1070.1		
T	46.190080000	-118.277190000	1070.1		
T	46.191610000	-118.274080000	1074.4		
T	46.191860000	-118.273490000	1073.4		
T	46.191930000	-118.273270000	1074.6		
T	46.192700000	-118.269340000	1070.2		
T	46.192780000	-118.269120000	1071.0		
T	46.192960000	-118.268800000	1072.1		
T	46.193270000	-118.268450000	1074.0		
T	46.193690000	-118.268140000	1076.2		
T	46.194060000	-118.267960000	1077.0		
T	46.194110000	-118.264070000	1088.8		
T	46.194160000	-118.263570000	1095.9		
T	46.194250000	-118.263290000	1096.1		
T	46.194800000	-118.262080000	1107.7		
T	46.194810000	-118.262070000	1107.5		
T	46.195610000	-118.260050000	1104.2		
T	46.195610000	-118.260040000	1104.3		
T	46.196100000	-118.258980000	1097.8		
T	46.196100000	-118.258970000	1098.0		
T	46.196920000	-118.257230000	1139.9		
T	46.197220000	-118.256410000	1124.8		
T	46.197400000	-118.255600000	1123.7		
T	46.198190000	-118.249710000	1139.3		
T	46.198260000	-118.248680000	1145.6		
T	46.198250000	-118.248140000	1146.2		
T	46.197860000	-118.244420000	1137.9		
T	46.196990000	-118.240280000	1139.4		
T	46.196730000	-118.239550000	1141.9		
T	46.196410000	-118.238900000	1144.5		
T	46.194240000	-118.235040000	1160.0		
T	46.193890000	-118.234520000	1161.4		
T	46.193220000	-118.233650000	1165.8		
T	46.193210000	-118.233650000	1165.9		
T	46.189860000	-118.229330000	1194.1		
T	46.189580000	-118.228890000	1193.8		
T	46.189390000	-118.228530000	1196.4		
T	46.187120000	-118.222940000	1212.9		
T	46.186300000	-118.220230000	1227.1		
T	46.186080000	-118.218990000	1234.4		
T	46.185590000	-118.215190000	1250.7		
T	46.185580000	-118.214320000	1253.1		
T	46.185600000	-118.214040000	1254.2		
T	46.185710000	-118.213390000	1255.9		
T	46.186070000	-118.212030000	1263.6		
T	46.186370000	-118.211150000	1267.2		
T	46.186740000	-118.210270000	1270.9		
T	46.187290000	-118.209370000	1274.6		
T	46.187770000	-118.208810000	1279.2		
T	46.191390000	-118.205620000	1309.9		
T	46.192920000	-118.204840000	1325.4		
T	46.193340000	-118.204730000	1332.3		
T	46.195300000	-118.204530000	1348.2		
T	46.195780000	-118.204390000	1346.3		
T	46.198360000	-118.203260000	1361.6		
T	46.198370000	-118.203260000	1361.7		
T	46.201180000	-118.202030000	1383.4		
T	46.201630000	-118.201720000	1388.8		
T	46.201860000	-118.201510000	1390.9		
T	46.202240000	-118.201020000	1394.9		
T	46.202470000	-118.200570000	1398.1		
T	46.203710000	-118.197230000	1418.9		
T	46.203800000	-118.196840000	1422.4		
T	46.204000000	-118.194150000	1440.8		
T	46.204000000	-118.193860000	1444.1		
T	46.203950000	-118.193300000	1449.9		
T	46.203890000	-118.193000000	1452.3		
T	46.201990000	-118.187580000	1500.3		
T	46.201880000	-118.187120000	1501.3		
T	46.201870000	-118.186930000	1501.7		
T	46.201890000	-118.186710000	1503.1		
T	46.201930000	-118.186560000	1504.7		
T	46.202010000	-118.186370000	1506.4		
T	46.202120000	-118.186210000	1508.0		
T	46.202260000	-118.186090000	1511.1		
T	46.202420000	-118.186000000	1513.9		
T	46.209730000	-118.183300000	1603.5		
T	46.209740000	-118.183290000	1603.5		
T	46.210070000	-118.183170000	1610.0		
T	46.210080000	-118.183160000	1610.0		
T	46.210950000	-118.182790000	1620.9		
T	46.213100000	-118.181640000	1638.3		
T	46.213330000	-118.181540000	1639.6		
T	46.215530000	-118.181120000	1632.3		
T	46.218100000	-118.180960000	1645.1		
T	46.218750000	-118.180820000	1649.3		
T	46.219300000	-118.180580000	1650.5		
T	46.220450000	-118.179980000	1668.3		
T	46.220460000	-118.179980000	1668.6		
T	46.225010000	-118.177480000	1692.8		
T	46.225280000	-118.177230000	1695.3		
T	46.225300000	-118.177220000	1695.3		
T	46.229680000	-118.173140000	1744.8		
T	46.232080000	-118.171340000	1776.2		
T	46.232630000	-118.170980000	1777.1		
T	46.235780000	-118.168610000	1845.2		
T	46.236660000	-118.168020000	1848.4		
T	46.237080000	-118.167790000	1844.9		
T	46.237400000	-118.167650000	1838.6		
T	46.238140000	-118.167500000	1823.9		
T	46.239520000	-118.167400000	1789.0		
T	46.239850000	-118.167320000	1781.4		
T	46.240300000	-118.167140000	1771.6		
T	46.240880000	-118.166830000	1764.6		
T	46.240880000	-118.166820000	1764.0		
T	46.240960000	-118.166760000	1762.1		
T	46.240990000	-118.166750000	1762.0		
T	46.242340000	-118.165690000	1726.5		
T	46.243020000	-118.165300000	1714.3		
T	46.243220000	-118.165210000	1708.8		
T	46.243940000	-118.165030000	1693.1		
T	46.246440000	-118.164680000	1647.7		
T	46.247100000	-118.164660000	1635.7		
T	46.247620000	-118.164690000	1617.5		
T	46.247650000	-118.164700000	1617.2		
T	46.248310000	-118.164720000	1608.3		
T	46.248560000	-118.164640000	1598.0		
T	46.249100000	-118.164310000	1577.0		
T	46.249110000	-118.164290000	1575.8		
T	46.249290000	-118.164110000	1567.7		
T	46.250000000	-118.163010000	1551.6		
T	46.250200000	-118.162570000	1540.2		
T	46.251110000	-118.161210000	1513.9		
T	46.251460000	-118.160790000	1505.9		
T	46.251670000	-118.160580000	1500.6		
T	46.254260000	-118.158500000	1439.4		
T	46.259190000	-118.154100000	1318.6		
T	46.259250000	-118.154030000	1317.2		
T	46.259330000	-118.153900000	1316.1		
T	46.259420000	-118.153680000	1315.0		
T	46.259530000	-118.153190000	1312.8		
T	46.264760000	-118.153220000	1279.4		
T	46.264760000	-118.154880000	1275.5		
T	46.273030000	-118.154980000	1261.5		
T	46.273110000	-118.154930000	1262.4		
T	46.273170000	-118.154850000	1263.0		
T	46.273220000	-118.154600000	1263.3		
T	46.273380000	-118.153200000	1265.2		
T	46.273400000	-118.153140000	1265.5		
T	46.273490000	-118.153030000	1267.7		
T	46.273490000	-118.153020000	1267.7		
T	46.273630000	-118.152790000	1270.3		
T	46.273940000	-118.151620000	1272.0		
T	46.273950000	-118.151610000	1272.2		
T	46.274420000	-118.150420000	1275.5		
T	46.274700000	-118.149850000	1277.0		
T	46.274840000	-118.149620000	1278.4		
T	46.276890000	-118.146800000	1291.5		
T	46.277500000	-118.145820000	1295.3		
T	46.277790000	-118.145440000	1298.4		
T	46.279360000	-118.143750000	1306.7		
T	46.279520000	-118.143520000	1307.5		
T	46.279890000	-118.142830000	1309.8		
T	46.279890000	-118.142820000	1309.7		
T	46.280090000	-118.142360000	1311.2		
T	46.280140000	-118.142150000	1311.9		
T	46.280150000	-118.141790000	1312.5		
T	46.280080000	-118.140600000	1312.3		
T	46.280140000	-118.139890000	1314.6		
T	46.280180000	-118.139730000	1315.3		
T	46.280010000	-118.138910000	1319.2		
T	46.279770000	-118.138550000	1313.5		
T	46.279680000	-118.138290000	1311.6		
T	46.279600000	-118.137630000	1309.2		
T	46.279480000	-118.132390000	1311.6		
T	46.279780000	-118.126750000	1315.4		
T	46.279930000	-118.125330000	1316.0		
T	46.280040000	-118.124650000	1316.9		
T	46.280110000	-118.124430000	1317.3		
T	46.280740000	-118.122900000	1320.6		
T	46.281930000	-118.120690000	1326.2		
T	46.282310000	-118.120320000	1327.2		
T	46.284360000	-118.118590000	1336.1		
T	46.284740000	-118.118230000	1339.8		
T	46.284980000	-118.117960000	1343.1		
T	46.285070000	-118.117830000	1344.0		
T	46.285510000	-118.116370000	1344.3		
T	46.285560000	-118.116130000	1344.6		
T	46.285550000	-118.111330000	1343.4		
T	46.285010000	-118.111360000	1341.1		
T	46.284800000	-118.111350000	1340.4		
T	46.281110000	-118.111490000	1330.3		
T	46.280630000	-118.111450000	1329.1		
T	46.274520000	-118.111470000	1335.1		
T	46.274300000	-118.111420000	1334.3		
T	46.272430000	-118.106980000	1356.9		
T	46.270730000	-118.103970000	1367.9		
T	46.270730000	-118.103960000	1368.0		
T	46.270540000	-118.103550000	1369.0		
T	46.270400000	-118.103130000	1369.0		
T	46.270240000	-118.102290000	1373.1		
T	46.268550000	-118.090440000	1419.2		
T	46.268420000	-118.089790000	1420.8		
T	46.268140000	-118.088900000	1423.7		
T	46.267130000	-118.086630000	1432.4		
T	46.266910000	-118.085900000	1435.0		
T	46.266770000	-118.085240000	1436.8		
T	46.266480000	-118.082660000	1445.6		
T	46.266520000	-118.081940000	1449.4		
T	46.267520000	-118.075850000	1478.6		
T	46.267750000	-118.073580000	1500.8		
T	46.267820000	-118.072050000	1507.1		
T	46.267790000	-118.070520000	1511.4		
T	46.267500000	-118.067010000	1537.5		
T	46.267250000	-118.065000000	1533.4		
T	46.266960000	-118.063950000	1537.2		
T	46.266740000	-118.063350000	1536.6		
T	46.266330000	-118.061600000	1539.0		
T	46.266270000	-118.061180000	1539.3		
T	46.266090000	-118.053810000	1569.3		
T	46.266220000	-118.048220000	1594.3		
T	46.266310000	-118.047750000	1607.7		
T	46.266890000	-118.047330000	1628.3		
T	46.273940000	-118.043640000	1687.4		
T	46.274840000	-118.042850000	1696.4		
T	46.276600000	-118.040970000	1749.0		
T	46.278140000	-118.039470000	1788.4		
T	46.278730000	-118.039040000	1803.1		
T	46.279040000	-118.038890000	1808.1		
T	46.279050000	-118.038880000	1808.3		
T	46.280740000	-118.038060000	1800.4		
T	46.280750000	-118.038060000	1799.9		
T	46.281960000	-118.037480000	1772.5		
T	46.282320000	-118.037240000	1770.7		
T	46.282730000	-118.036840000	1765.0		
T	46.282740000	-118.036820000	1765.4		
T	46.284480000	-118.034850000	1720.4		
T	46.285150000	-118.033540000	1699.2		
T	46.285430000	-118.032720000	1671.9		
T	46.285570000	-118.032070000	1652.0		
T	46.285830000	-118.030230000	1630.9		
T	46.286060000	-118.029010000	1596.4		
T	46.286350000	-118.028020000	1570.3		
T	46.286700000	-118.027130000	1570.5		
T	46.286700000	-118.027110000	1571.6		
T	46.286720000	-118.027080000	1571.2		
T	46.286940000	-118.026510000	1574.4		
T	46.287150000	-118.026140000	1568.6		
T	46.289870000	-118.022020000	1513.6		
T	46.290090000	-118.021780000	1513.7		
T	46.290290000	-118.021650000	1514.0		
T	46.291280000	-118.021320000	1526.2		
T	46.291560000	-118.021190000	1520.1		
T	46.291820000	-118.021110000	1514.2		
T	46.292010000	-118.021130000	1512.2		
T	46.293980000	-118.022680000	1503.8		
T	46.294110000	-118.022840000	1503.7		
T	46.295220000	-118.020940000	1505.1		
T	46.295280000	-118.020880000	1505.2		
T	46.309620000	-117.996410000	1572.9		
T	46.309810000	-117.996560000	1571.6		
T	46.309960000	-117.996630000	1570.8		
T	46.313060000	-117.996600000	1576.8		
T	46.313160000	-117.996540000	1577.0		
T	46.313250000	-117.996460000	1577.5		
T	46.313430000	-117.996230000	1579.6		
T	46.313440000	-117.996230000	1579.7		
T	46.313940000	-117.995440000	1577.8		
T	46.314010000	-117.995240000	1576.3		
T	46.314630000	-117.991860000	1585.1		
T	46.314760000	-117.991530000	1585.5		
T	46.314810000	-117.991320000	1586.1		
T	46.314800000	-117.991000000	1586.5		
T	46.315020000	-117.990750000	1586.8		
T	46.315220000	-117.990430000	1587.1		
T	46.318950000	-117.982250000	1605.6		
T	46.319790000	-117.983050000	1602.7		
T	46.320530000	-117.981380000	1605.0		
T	46.321300000	-117.982100000	1602.3		
T	46.325400000	-117.973040000	1636.1		
T	46.325410000	-117.972950000	1637.3		
T	46.325400000	-117.972790000	1646.2		
T	46.325500000	-117.972430000	1647.4		
T	46.325530000	-117.972010000	1639.9		
T	46.325510000	-117.971810000	1641.6		
T	46.325440000	-117.971600000	1649.8		
T	46.325320000	-117.971360000	1663.1		
T	46.325270000	-117.971120000	1668.0		
T	46.325300000	-117.970470000	1672.3		
T	46.325290000	-117.970440000	1673.2		
T	46.325300000	-117.970290000	1675.9		
T	46.325230000	-117.970130000	1682.3		
T	46.333020000	-117.960060000	1710.2		
T	46.335630000	-117.956470000	1714.9		
T	46.338010000	-117.952870000	1737.2		
T	46.338210000	-117.952620000	1731.1		
T	46.338550000	-117.952310000	1725.2		
T	46.338880000	-117.952110000	1720.8		
T	46.339270000	-117.951980000	1717.2		
T	46.339490000	-117.951950000	1715.4		
T	46.342540000	-117.951820000	1719.3		
T	46.343000000	-117.951650000	1723.5		
T	46.343310000	-117.951410000	1727.3		
T	46.343620000	-117.951120000	1732.3		
T	46.343740000	-117.950980000	1734.7		
T	46.344020000	-117.950530000	1739.9		
T	46.344170000	-117.950220000	1741.6		
T	46.344580000	-117.948940000	1747.2		
T	46.344950000	-117.947360000	1755.9		
T	46.345570000	-117.943780000	1765.6		
T	46.345580000	-117.943760000	1765.9		
T	46.345660000	-117.943240000	1770.4		
T	46.345790000	-117.941680000	1773.3		
T	46.345860000	-117.936450000	1769.5		
T	46.346190000	-117.935710000	1788.7		
T	46.346450000	-117.935330000	1795.3		
T	46.347950000	-117.934160000	1822.7		
T	46.348210000	-117.933810000	1827.8		
T	46.349210000	-117.931920000	1860.9		
T	46.349680000	-117.931260000	1872.5		
T	46.350080000	-117.930880000	1885.8		
T	46.350550000	-117.930620000	1900.4		
T	46.354140000	-117.929240000	1977.2		
T	46.355440000	-117.928530000	2016.7		
T	46.355990000	-117.928270000	2027.5		
T	46.357600000	-117.927620000	2061.3		
T	46.358630000	-117.927040000	2075.9		
T	46.359110000	-117.926690000	2085.2		
T	46.359730000	-117.926100000	2094.4		
T	46.360160000	-117.925750000	2098.0		
T	46.360160000	-117.925740000	2098.3		
T	46.360660000	-117.925440000	2102.2		
T	46.360890000	-117.925270000	2106.8		
T	46.361310000	-117.925030000	2112.4		
T	46.361550000	-117.924820000	2115.9		
T	46.361750000	-117.924550000	2117.3		
T	46.362100000	-117.923670000	2115.1		
T	46.362650000	-117.922910000	2103.5		
T	46.362890000	-117.922420000	2099.6		
T	46.363360000	-117.920900000	2098.3		
T	46.363390000	-117.920550000	2099.0		
T	46.363310000	-117.919480000	2081.3		
T	46.363330000	-117.919100000	2082.6		
T	46.363430000	-117.918570000	2102.3		
T	46.363490000	-117.918380000	2107.1		
T	46.363670000	-117.918190000	2092.1		
T	46.364540000	-117.917670000	2068.7		
T	46.365100000	-117.917200000	2074.4		
T	46.365670000	-117.915610000	2083.8		
T	46.365670000	-117.915590000	2083.8		
T	46.365890000	-117.914880000	2086.5		
T	46.365950000	-117.914390000	2087.8		
T	46.365760000	-117.908180000	2113.8		
T	46.365510000	-117.904860000	2133.3		
T	46.365490000	-117.904030000	2136.7		
T	46.365600000	-117.901940000	2149.2		
T	46.365690000	-117.901180000	2152.0		
T	46.365940000	-117.900150000	2163.3		
T	46.366430000	-117.898600000	2183.9		
T	46.366630000	-117.898090000	2190.0		
T	46.368030000	-117.895480000	2224.4		
T	46.368370000	-117.895010000	2231.2		
T	46.368600000	-117.894750000	2236.0		
T	46.368620000	-117.894740000	2236.6		
T	46.368990000	-117.894380000	2247.4		
T	46.372410000	-117.891880000	2315.7		
T	46.372750000	-117.891580000	2319.9		
T	46.374360000	-117.889960000	2343.3		
T	46.374370000	-117.889940000	2343.1		
T	46.375850000	-117.888460000	2356.9		
T	46.375860000	-117.888460000	2356.9		
T	46.376140000	-117.888140000	2358.4		
T	46.377750000	-117.885510000	2323.3		
T	46.379130000	-117.883600000	2262.6		
T	46.379600000	-117.882870000	2240.1		
T	46.379600000	-117.882860000	2239.8		
T	46.380000000	-117.882280000	2229.1		
T	46.380920000	-117.881110000	2214.2		
T	46.382390000	-117.878790000	2180.8		
T	46.382550000	-117.878330000	2178.0		
T	46.382590000	-117.878100000	2177.8		
T	46.382770000	-117.878110000	2176.4		
T	46.382880000	-117.878140000	2175.2		
T	46.383780000	-117.878680000	2167.6		
T	46.385040000	-117.879660000	2155.9		
T	46.385350000	-117.879780000	2154.3		
T	46.385830000	-117.879900000	2149.7		
T	46.386230000	-117.879930000	2146.4		
T	46.388100000	-117.879890000	2129.9		
T	46.388490000	-117.879920000	2129.1		
T	46.388730000	-117.879980000	2128.0		
T	46.388890000	-117.880140000	2126.6		
T	46.389020000	-117.880310000	2125.5		
T	46.389460000	-117.881040000	2122.1		
T	46.389730000	-117.881420000	2119.6		
T	46.389950000	-117.881670000	2118.2		
T	46.393230000	-117.883900000	2097.4		
T	46.393530000	-117.883980000	2096.8		
T	46.393730000	-117.883980000	2096.5		
T	46.393820000	-117.883950000	2097.1		
T	46.394030000	-117.883790000	2101.4		
T	46.397140000	-117.880690000	2087.3		
T	46.397350000	-117.880850000	2085.6		
T	46.397500000	-117.880910000	2086.0		
T	46.399090000	-117.874890000	2104.1		
T	46.400400000	-117.870600000	2122.9		
T	46.400890000	-117.869500000	2137.7		
T	46.401220000	-117.868880000	2141.2		
T	46.402930000	-117.866210000	2140.3		
T	46.403470000	-117.865500000	2144.1		
T	46.403920000	-117.865060000	2153.3		
T	46.404250000	-117.864870000	2152.2		
T	46.404640000	-117.864700000	2151.8		
T	46.404750000	-117.864670000	2152.3		
T	46.405740000	-117.864240000	2155.3		
T	46.406390000	-117.863790000	2162.5		
T	46.406600000	-117.863560000	2167.5		
T	46.406880000	-117.863170000	2170.7		
T	46.407990000	-117.861260000	2180.2		
T	46.408440000	-117.860640000	2187.0		
T	46.408810000	-117.860220000	2190.8		
T	46.410020000	-117.858510000	2188.0		
T	46.410430000	-117.857800000	2181.9		
T	46.412110000	-117.855300000	2179.2		
T	46.412240000	-117.855020000	2179.5		
T	46.412280000	-117.854870000	2179.6		
T	46.412390000	-117.849400000	2189.5		
T	46.412110000	-117.849300000	2190.5		
T	46.408240000	-117.849320000	2223.5		
T	46.407560000	-117.848740000	2226.1		
T	46.407400000	-117.848510000	2222.7		
T	46.405030000	-117.842690000	2248.3		
T	46.404940000	-117.842320000	2253.1		
T	46.404940000	-117.841980000	2254.4		
T	46.404990000	-117.841590000	2258.0		
T	46.406010000	-117.838660000	2302.7		
T	46.406100000	-117.838280000	2302.4		
T	46.406140000	-117.837880000	2303.1		
T	46.406110000	-117.837360000	2301.8		
T	46.406060000	-117.837110000	2297.5		
T	46.405910000	-117.836640000	2281.7		
T	46.405720000	-117.836270000	2270.9		
T	46.404500000	-117.834560000	2224.9		
T	46.404330000	-117.834270000	2215.0		
T	46.404150000	-117.833840000	2229.3		
T	46.403250000	-117.830860000	2265.1		
T	46.403020000	-117.829890000	2262.4		
T	46.402970000	-117.829570000	2262.3		
T	46.402930000	-117.829020000	2263.3		
T	46.402990000	-117.827710000	2256.9		
T	46.402060000	-117.822520000	2308.2		
T	46.401690000	-117.807350000	2419.2		
T	46.401610000	-117.806310000	2415.4		
T	46.400120000	-117.797150000	2452.3		
T	46.399890000	-117.796040000	2462.8		
T	46.399860000	-117.795480000	2464.6		
T	46.399890000	-117.795280000	2465.4		
T	46.400390000	-117.793810000	2476.6		
T	46.401170000	-117.792040000	2502.4		
T	46.403410000	-117.784010000	2522.9		
T	46.403850000	-117.782700000	2513.1		
T	46.403860000	-117.782690000	2513.1		
T	46.404890000	-117.780430000	2504.2		
T	46.406100000	-117.777090000	2437.5		
T	46.406220000	-117.776570000	2434.4		
T	46.406280000	-117.776050000	2428.0		
T	46.406260000	-117.775790000	2430.5		
T	46.405960000	-117.774290000	2460.5		
T	46.405920000	-117.773920000	2463.0		
T	46.406470000	-117.770240000	2458.1		
T	46.406490000	-117.769650000	2460.9		
T	46.406260000	-117.768890000	2452.8		
T	46.406250000	-117.768720000	2451.4		
T	46.406240000	-117.768690000	2450.6		
T	46.406240000	-117.768510000	2448.5		
T	46.406270000	-117.768310000	2445.1		
T	46.406940000	-117.766930000	2423.8		
T	46.407040000	-117.766780000	2421.2		
T	46.407320000	-117.766530000	2416.6		
T	46.409350000	-117.765040000	2381.7		
T	46.409470000	-117.764900000	2379.9		
T	46.409510000	-117.764700000	2380.5		
T	46.409520000	-117.763140000	2401.6		
T	46.409560000	-117.762850000	2403.9		
T	46.409630000	-117.762580000	2405.4		
T	46.411050000	-117.758790000	2413.7		
T	46.412970000	-117.755720000	2388.6		
T	46.413480000	-117.754240000	2405.6		
T	46.413600000	-117.754000000	2405.4		
T	46.413680000	-117.753920000	2406.7		
T	46.413800000	-117.753880000	2409.3		
T	46.415990000	-117.753760000	2383.0		
T	46.416640000	-117.753800000	2362.3		
T	46.416710000	-117.753840000	2359.1		
T	46.416820000	-117.753960000	2353.4		
T	46.416910000	-117.754130000	2346.5		
T	46.416930000	-117.754220000	2344.1		
T	46.416930000	-117.754400000	2341.0		
T	46.416770000	-117.755590000	2323.5		
T	46.416780000	-117.755630000	2321.2		
T	46.416780000	-117.755710000	2318.6		
T	46.416800000	-117.755820000	2314.3		
T	46.416860000	-117.755930000	2308.0		
T	46.416990000	-117.756050000	2301.4		
T	46.417710000	-117.756420000	2265.4		
T	46.418160000	-117.756590000	2249.6		
T	46.418350000	-117.756700000	2244.3		
T	46.418530000	-117.756840000	2234.2		
T	46.418910000	-117.757230000	2207.1		
T	46.419150000	-117.757390000	2189.4		
T	46.419470000	-117.757520000	2172.8		
T	46.420250000	-117.757720000	2133.5		
T	46.420860000	-117.757800000	2111.8		
T	46.421290000	-117.757700000	2101.2		
T	46.421850000	-117.757390000	2081.9		
T	46.421950000	-117.757310000	2076.4		
T	46.422040000	-117.757210000	2070.4		
T	46.423270000	-117.755510000	2005.5		
T	46.423520000	-117.755260000	1995.4		
T	46.424200000	-117.754870000	1971.2		
T	46.425250000	-117.754480000	1935.2		
T	46.426890000	-117.753450000	1884.6		
T	46.427110000	-117.753370000	1878.0		
T	46.427300000	-117.753360000	1872.1		
T	46.427480000	-117.753400000	1868.4		
T	46.427610000	-117.753390000	1866.5		
T	46.427720000	-117.753360000	1864.1		
T	46.427920000	-117.753230000	1855.8		
T	46.428970000	-117.752350000	1819.6		
T	46.429410000	-117.752030000	1806.7		
T	46.429590000	-117.751960000	1803.1		
T	46.429750000	-117.751920000	1800.1		
T	46.429990000	-117.751940000	1799.6		
T	46.430310000	-117.752010000	1797.7		
T	46.430570000	-117.752010000	1786.3		
T	46.431390000	-117.751740000	1753.3		
T	46.432240000	-117.751640000	1736.7		
T	46.432850000	-117.751480000	1720.6		
T	46.433660000	-117.751380000	1699.6		
T	46.434520000	-117.751390000	1671.2		
T	46.435090000	-117.751350000	1653.1		
T	46.435550000	-117.751360000	1639.2		
T	46.435670000	-117.751390000	1635.3		
T	46.436210000	-117.751300000	1619.0		
T	46.436330000	-117.751300000	1614.6		
T	46.436710000	-117.751360000	1604.5		
T	46.436860000	-117.751360000	1599.7		
T	46.437400000	-117.751240000	1577.7		
T	46.439600000	-117.751090000	1527.3		
T	46.439670000	-117.751060000	1526.1		
T	46.439760000	-117.750990000	1526.5		
T	46.439870000	-117.750720000	1534.4		
T	46.440020000	-117.750220000	1503.0		
T	46.440590000	-117.748940000	1479.3		
T	46.440910000	-117.748500000	1479.8		
T	46.442010000	-117.747250000	1487.0		
T	46.442140000	-117.747020000	1488.2		
T	46.442310000	-117.745930000	1510.6		
T	46.442380000	-117.745750000	1524.7		
T	46.442430000	-117.745700000	1530.0		
T	46.442470000	-117.745690000	1532.9		
T	46.442480000	-117.745680000	1534.3		
T	46.442530000	-117.745700000	1535.8		
T	46.442560000	-117.745760000	1534.7		
T	46.442570000	-117.745820000	1532.5		
T	46.442560000	-117.746070000	1523.4		
T	46.442580000	-117.746170000	1523.2		
T	46.442630000	-117.746300000	1523.7		
T	46.442910000	-117.746700000	1531.3		
T	46.443100000	-117.746890000	1542.8		
T	46.443380000	-117.747070000	1558.9		
T	46.443400000	-117.747070000	1560.5		
T	46.443500000	-117.747100000	1566.0		
T	46.443560000	-117.747100000	1569.1		
T	46.443880000	-117.746900000	1598.5		
T	46.443910000	-117.746900000	1599.5		
T	46.443940000	-117.746930000	1598.1		
T	46.443960000	-117.746970000	1595.5		
T	46.443970000	-117.747130000	1584.5		
T	46.443890000	-117.747720000	1570.2		
T	46.443900000	-117.747870000	1575.2		
T	46.443920000	-117.747940000	1577.9		
T	46.444000000	-117.748080000	1580.4		
T	46.444050000	-117.748120000	1583.7		
T	46.444240000	-117.748150000	1602.9		
T	46.444490000	-117.748130000	1628.0		
T	46.444680000	-117.748010000	1652.2		
T	46.444690000	-117.747990000	1654.8		
T	46.444910000	-117.747820000	1670.7		
T	46.445440000	-117.747570000	1678.9		
T	46.445740000	-117.747310000	1695.2		
T	46.445770000	-117.747260000	1698.0		
T	46.445770000	-117.747180000	1703.1		
T	46.445740000	-117.747120000	1707.4		
T	46.445700000	-117.747100000	1709.2		
T	46.445300000	-117.747190000	1705.2		
T	46.445220000	-117.747190000	1705.1		
T	46.445110000	-117.747120000	1706.1		
T	46.445070000	-117.747040000	1704.5		
T	46.445070000	-117.746970000	1703.1		
T	46.445090000	-117.746910000	1702.9		
T	46.445150000	-117.746860000	1705.3		
T	46.446930000	-117.746070000	1776.3		
T	46.447350000	-117.745830000	1805.2		
T	46.447540000	-117.745680000	1819.2		
T	46.447840000	-117.745270000	1848.1		
T	46.448320000	-117.744330000	1889.2		
T	46.448480000	-117.744090000	1897.3		
T	46.448720000	-117.743820000	1903.2		
T	46.448730000	-117.743820000	1902.4		
T	46.448840000	-117.743710000	1906.3		
T	46.448950000	-117.743630000	1907.3		
T	46.449190000	-117.743520000	1906.5		
T	46.449430000	-117.743490000	1901.2		
T	46.449490000	-117.743460000	1902.0		
T	46.449540000	-117.743410000	1905.6		
T	46.449560000	-117.743350000	1910.6		
T	46.449560000	-117.743290000	1916.2		
T	46.449550000	-117.743250000	1920.4		
T	46.449520000	-117.743210000	1925.7		
T	46.449460000	-117.743210000	1928.8		
T	46.449210000	-117.743270000	1935.0		
T	46.448190000	-117.743620000	1931.9		
T	46.448130000	-117.743610000	1927.2		
T	46.448070000	-117.743560000	1923.9		
T	46.448050000	-117.743520000	1923.7		
T	46.448050000	-117.743400000	1929.6		
T	46.448060000	-117.743350000	1933.0		
T	46.448090000	-117.743300000	1936.9		
T	46.448130000	-117.743270000	1939.5		
T	46.448290000	-117.743280000	1947.0		
T	46.448360000	-117.743270000	1952.1		
T	46.448430000	-117.743230000	1958.9		
T	46.448720000	-117.743000000	1988.2		
T	46.449220000	-117.742510000	2025.0		
T	46.449300000	-117.742450000	2027.9		
T	46.449710000	-117.742310000	2025.7		
T	46.449840000	-117.742240000	2030.2		
T	46.450090000	-117.742060000	2042.7		
T	46.450180000	-117.741970000	2048.4		
T	46.450250000	-117.741870000	2055.1		
T	46.450380000	-117.741550000	2076.8		
T	46.450440000	-117.741470000	2080.3		
T	46.450500000	-117.741440000	2079.4		
T	46.450870000	-117.741480000	2071.3		
T	46.451310000	-117.741490000	2087.9		
T	46.451470000	-117.741460000	2097.2		
T	46.451560000	-117.741470000	2100.6		
T	46.451640000	-117.741500000	2102.5		
T	46.451800000	-117.741760000	2097.5		
T	46.452360000	-117.742280000	2127.5		
T	46.452520000	-117.742480000	2134.4		
T	46.452680000	-117.742560000	2145.1		
T	46.452840000	-117.742550000	2156.3		
T	46.452920000	-117.742510000	2162.9		
T	46.453290000	-117.742180000	2186.3		
T	46.453670000	-117.741780000	2206.8		
T	46.453750000	-117.741260000	2218.4		
T	46.452890000	-117.739530000	2226.9		
T	46.452790000	-117.739400000	2228.3		
T	46.452300000	-117.739050000	2233.2		
T	46.451780000	-117.738760000	2232.3		
T	46.451280000	-117.738610000	2228.6		
T	46.449800000	-117.738380000	2250.8		
T	46.449580000	-117.738270000	2253.6		
T	46.449440000	-117.738080000	2256.2		
T	46.449390000	-117.737960000	2257.7		
T	46.449350000	-117.737750000	2259.8		
T	46.449300000	-117.726620000	2243.1		
T	46.449340000	-117.726590000	2242.1		
T	46.449420000	-117.726500000	2239.7		
T	46.449920000	-117.726260000	2225.7		
T	46.450270000	-117.726190000	2217.9		
T	46.451400000	-117.725760000	2191.1		
T	46.452250000	-117.725560000	2176.6		
T	46.452250000	-117.725550000	2176.9		
T	46.454300000	-117.725170000	2176.1		
T	46.456890000	-117.724090000	2081.2		
T	46.457110000	-117.723950000	2069.8		
T	46.457260000	-117.723790000	2061.8		
T	46.457400000	-117.723570000	2049.4		
T	46.457600000	-117.723170000	2027.7		
T	46.457900000	-117.721910000	1982.7		
T	46.458100000	-117.721270000	1966.9		
T	46.458540000	-117.720210000	1933.3		
T	46.458590000	-117.719860000	1917.1		
T	46.458580000	-117.719810000	1914.5		
T	46.458590000	-117.718990000	1880.6		
T	46.458670000	-117.718540000	1868.5		
T	46.458990000	-117.717320000	1826.3		
T	46.459610000	-117.715560000	1768.1		
T	46.459960000	-117.714100000	1726.9		
T	46.460010000	-117.713790000	1720.1		
T	46.459910000	-117.712390000	1677.1		
T	46.459920000	-117.711690000	1662.5		
T	46.460020000	-117.711020000	1647.2		
T	46.460090000	-117.710790000	1641.7		
T	46.460230000	-117.710480000	1634.4		
T	46.460500000	-117.710170000	1627.7		
T	46.460510000	-117.710170000	1627.7		
T	46.460750000	-117.710000000	1626.0		
T	46.460990000	-117.709790000	1621.8		
T	46.461000000	-117.709770000	1621.9		
T	46.461230000	-117.709520000	1616.9		
T	46.461420000	-117.709230000	1614.5		
T	46.461670000	-117.708950000	1611.2		
T	46.461690000	-117.708940000	1610.8		
T	46.461790000	-117.708840000	1608.3		
T	46.461990000	-117.708700000	1604.3		
T	46.463750000	-117.706450000	1573.1		
T	46.464630000	-117.705420000	1568.5		
T	46.464460000	-117.704740000	1569.0		
T	46.464460000	-117.704690000	1569.4		
T	46.464450000	-117.704680000	1569.3		
T	46.464450000	-117.704660000	1569.4		
T	46.464460000	-117.704640000	1569.8		
T	46.464490000	-117.704480000	1571.7		
T	46.464210000	-117.703390000	1571.1		
T	46.462670000	-117.689400000	1610.2		
T	46.462680000	-117.688560000	1610.9		
T	46.462710000	-117.688310000	1610.6		
T	46.464310000	-117.680630000	1623.0		
T	46.464320000	-117.680630000	1623.3		
T	46.464810000	-117.678370000	1630.5		
T	46.465040000	-117.677690000	1633.2		
T	46.465190000	-117.677340000	1633.1		
T	46.465570000	-117.676630000	1637.3		
T	46.465960000	-117.676090000	1637.1		
T	46.466270000	-117.675760000	1639.3		
T	46.470580000	-117.672230000	1658.4		
T	46.470840000	-117.671940000	1657.6		
T	46.471070000	-117.671610000	1658.2		
T	46.471270000	-117.671250000	1659.8		
T	46.473970000	-117.664550000	1694.0		
T	46.473980000	-117.664500000	1693.9		
T	46.474630000	-117.662810000	1693.4		
T	46.474790000	-117.662140000	1692.2		
T	46.474990000	-117.660920000	1691.5		
T	46.475000000	-117.660900000	1691.8		
T	46.476640000	-117.650190000	1744.4		
T	46.477400000	-117.646870000	1741.7		
T	46.477540000	-117.646000000	1739.9		
T	46.477880000	-117.641900000	1770.4		
T	46.478430000	-117.637210000	1772.9		
T	46.478500000	-117.636270000	1775.5		
T	46.478530000	-117.634830000	1784.2		
T	46.478470000	-117.633290000	1797.6		
T	46.477700000	-117.625840000	1793.1		
T	46.477330000	-117.619850000	1805.8		
T	46.477240000	-117.619060000	1810.4		
T	46.476810000	-117.616570000	1818.2		
T	46.476710000	-117.616510000	1816.4		
T	46.476460000	-117.616450000	1811.3		
T	46.476410000	-117.616420000	1810.7		
T	46.476220000	-117.616160000	1809.5		
T	46.476130000	-117.615830000	1808.8		
T	46.476030000	-117.615030000	1809.4		
T	46.476080000	-117.614660000	1810.6		
T	46.476140000	-117.614410000	1811.4		
T	46.476150000	-117.614250000	1812.1		
T	46.476100000	-117.614010000	1813.6		
T	46.476020000	-117.613800000	1814.9		
T	46.475930000	-117.613350000	1821.1		
T	46.475680000	-117.613420000	1817.1		
T	46.474560000	-117.613510000	1809.3		
T	46.474340000	-117.613660000	1812.2		
T	46.474210000	-117.613920000	1813.3		
T	46.474150000	-117.614210000	1812.6		
T	46.474150000	-117.614440000	1810.6		
T	46.473670000	-117.614550000	1812.3		
T	46.473440000	-117.614560000	1814.5		
T	46.473380000	-117.614530000	1815.9		
T	46.473260000	-117.614440000	1818.9		
T	46.473210000	-117.614380000	1820.4		
T	46.473190000	-117.614330000	1821.1		
T	46.473180000	-117.614320000	1821.5		
T	46.473130000	-117.614210000	1823.1		
T	46.473040000	-117.613850000	1825.5		
T	46.472940000	-117.613200000	1826.4		
T	46.471440000	-117.597650000	1863.2		
T	46.474170000	-117.597060000	1874.7		
T	46.474620000	-117.597010000	1884.9		
T	46.474720000	-117.596950000	1890.7		
T	46.474870000	-117.596790000	1901.0		
T	46.474960000	-117.596630000	1908.5		
T	46.474980000	-117.596220000	1919.3		
T	46.475010000	-117.596080000	1924.5		
T	46.475040000	-117.596010000	1928.1		
T	46.475090000	-117.595950000	1932.5		
T	46.475220000	-117.595590000	1943.6		
T	46.475450000	-117.595210000	1958.8		
T	46.475970000	-117.594820000	1990.4		
T	46.476940000	-117.594190000	2043.0		
T	46.477270000	-117.593900000	2066.8		
T	46.477520000	-117.593620000	2084.6		
T	46.477860000	-117.593330000	2095.6		
T	46.478530000	-117.592870000	2115.4		
T	46.478890000	-117.592460000	2143.8		
T	46.478970000	-117.592400000	2147.8		
T	46.479430000	-117.592170000	2162.2		
T	46.479560000	-117.592070000	2169.6		
T	46.479700000	-117.592000000	2175.3		
T	46.479810000	-117.591970000	2177.7		
T	46.480020000	-117.591880000	2186.5		
T	46.480490000	-117.591480000	2210.6		
T	46.480940000	-117.591220000	2228.0		
T	46.480950000	-117.591220000	2228.1		
T	46.481140000	-117.591120000	2235.2		
T	46.481360000	-117.591060000	2239.8		
T	46.482530000	-117.590960000	2269.3		
T	46.482650000	-117.590930000	2274.7		
T	46.482810000	-117.590850000	2283.7		
T	46.483020000	-117.590710000	2294.8		
T	46.483360000	-117.590430000	2308.8		
T	46.483850000	-117.590100000	2319.4		
T	46.483860000	-117.590100000	2319.6		
T	46.483970000	-117.590050000	2321.9		
T	46.484100000	-117.590030000	2324.2		
T	46.485740000	-117.590060000	2351.0		
T	46.485730000	-117.537430000	2390.3		
T	46.485710000	-117.537180000	2390.3		
T	46.485680000	-117.537110000	2389.9		
T	46.485600000	-117.537040000	2389.1		
T	46.485540000	-117.537020000	2388.5		
T	46.482260000	-117.537080000	2415.8		
T	46.482180000	-117.537020000	2416.6		
T	46.482140000	-117.536960000	2417.0		
T	46.482100000	-117.536780000	2417.5		
T	46.482130000	-117.521360000	2397.5		
T	46.482110000	-117.521260000	2396.7		
T	46.482020000	-117.521030000	2397.8		
T	46.481960000	-117.520960000	2397.6		
T	46.481910000	-117.520930000	2397.0		
T	46.482100000	-117.520200000	2412.5		
T	46.482150000	-117.519820000	2416.6		
T	46.482180000	-117.519160000	2416.5		
T	46.482190000	-117.519140000	2416.6		
T	46.482260000	-117.518660000	2413.0		
T	46.482980000	-117.516260000	2419.0		
T	46.483160000	-117.515360000	2432.1		
T	46.483190000	-117.515030000	2432.3		
T	46.483190000	-117.502720000	2435.5		
T	46.483710000	-117.497480000	2406.4		
T	46.483820000	-117.497080000	2395.7		
T	46.483160000	-117.496350000	2395.0		
T	46.483040000	-117.496140000	2393.4		
T	46.483000000	-117.495950000	2389.9		
T	46.483040000	-117.495760000	2387.6		
T	46.483100000	-117.495620000	2384.2		
T	46.483210000	-117.495530000	2379.2		
T	46.483270000	-117.495510000	2378.6		
T	46.483540000	-117.495540000	2375.2		
T	46.483740000	-117.495590000	2371.3		
T	46.483820000	-117.495590000	2370.6		
T	46.483850000	-117.495580000	2370.8		
T	46.483920000	-117.495580000	2370.3		
T	46.484260000	-117.495460000	2371.5		
T	46.484380000	-117.495400000	2372.3		
T	46.484390000	-117.495400000	2372.1		
T	46.484630000	-117.495290000	2374.4		
T	46.484730000	-117.495210000	2379.0		
T	46.484850000	-117.494900000	2391.5		
T	46.484970000	-117.493450000	2407.5		
T	46.485620000	-117.489300000	2433.2		
T	46.485700000	-117.488490000	2440.6		
T	46.485660000	-117.473430000	2528.1		
T	46.485390000	-117.470600000	2526.0		
T	46.485370000	-117.469630000	2527.5		
T	46.485420000	-117.469270000	2527.8		
T	46.485630000	-117.468750000	2529.5		
T	46.485680000	-117.468410000	2530.8		
T	46.485680000	-117.458860000	2567.7		
T	46.485710000	-117.458500000	2564.3		
T	46.485770000	-117.458200000	2560.0		
T	46.486240000	-117.456990000	2529.3		
T	46.486270000	-117.456780000	2525.5		
T	46.486260000	-117.456600000	2518.9		
T	46.486150000	-117.456330000	2510.8		
T	46.485790000	-117.455850000	2494.7		
T	46.485670000	-117.455630000	2487.6		
T	46.485600000	-117.455310000	2482.8		
T	46.485620000	-117.454940000	2477.8		
T	46.485700000	-117.454680000	2474.9		
T	46.486020000	-117.453900000	2469.5		
T	46.486500000	-117.452960000	2465.6		
T	46.486680000	-117.452710000	2465.2		
T	46.487150000	-117.452270000	2459.6		
T	46.487150000	-117.452260000	2459.5		
T	46.487310000	-117.452000000	2457.5		
T	46.487400000	-117.451660000	2458.0		
T	46.487540000	-117.450870000	2452.0		
T	46.487560000	-117.450480000	2448.3		
T	46.487620000	-117.450140000	2445.7		
T	46.487710000	-117.449820000	2445.5		
T	46.488200000	-117.448630000	2437.7		
T	46.488730000	-117.447690000	2434.4		
T	46.488730000	-117.447680000	2434.2		
T	46.488970000	-117.447330000	2430.4		
T	46.489610000	-117.446580000	2421.3		
T	46.489690000	-117.446380000	2419.7		
T	46.489740000	-117.446100000	2419.3		
T	46.489770000	-117.445590000	2424.7		
T	46.489900000	-117.418270000	2507.1		
T	46.490010000	-117.417310000	2506.3		
T	46.490210000	-117.416190000	2498.9		
T	46.490280000	-117.415230000	2490.4		
T	46.490190000	-117.413810000	2463.6		
T	46.490070000	-117.412890000	2435.2		
T	46.490000000	-117.412760000	2427.8		
T	46.489910000	-117.412660000	2422.7		
T	46.489720000	-117.412530000	2419.1		
T	46.489460000	-117.412700000	2419.8		
T	46.488590000	-117.413450000	2424.0		
T	46.488580000	-117.413450000	2424.0		
T	46.488190000	-117.413750000	2425.5		
T	46.487540000	-117.414020000	2430.6		
T	46.486900000	-117.414220000	2435.0		
T	46.486870000	-117.414220000	2434.7		
T	46.486360000	-117.414370000	2436.1		
T	46.486340000	-117.414370000	2435.9		
T	46.484930000	-117.414790000	2443.6		
T	46.484060000	-117.414910000	2443.1		
T	46.481980000	-117.414940000	2450.7		
T	46.480090000	-117.415160000	2455.8		
T	46.480070000	-117.415170000	2455.8		
T	46.478820000	-117.415170000	2458.8		
T	46.479390000	-117.411800000	2494.1		
T	46.479480000	-117.410940000	2499.7		
T	46.479630000	-117.407250000	2531.2		
T	46.479680000	-117.406990000	2533.9		
T	46.480820000	-117.403250000	2553.7		
T	46.480870000	-117.402720000	2557.5		
T	46.480860000	-117.402410000	2559.9		
T	46.480570000	-117.400540000	2574.5		
T	46.480570000	-117.399970000	2577.5		
T	46.481180000	-117.396320000	2593.5		
T	46.481240000	-117.395470000	2596.4		
T	46.480930000	-117.390000000	2649.7		
T	46.480940000	-117.388890000	2658.1		
T	46.481050000	-117.388350000	2659.9		
T	46.483080000	-117.382530000	2689.0		
T	46.483170000	-117.382350000	2689.7		
T	46.485120000	-117.379220000	2693.3		
T	46.485520000	-117.378320000	2691.6		
T	46.485980000	-117.376070000	2693.6		
T	46.486360000	-117.375240000	2688.7		
T	46.487890000	-117.372540000	2674.4		
T	46.488130000	-117.371880000	2671.1		
T	46.488350000	-117.371060000	2660.6		
T	46.488850000	-117.368270000	2647.7		
T	46.489030000	-117.365630000	2639.3		
T	46.489300000	-117.362970000	2666.6		
T	46.489300000	-117.362420000	2670.5		
T	46.489220000	-117.361810000	2673.3		
T	46.488910000	-117.360290000	2671.5		
T	46.488880000	-117.359800000	2671.0		
T	46.488890000	-117.359320000	2670.8		
T	46.489100000	-117.357650000	2671.0		
T	46.488870000	-117.357620000	2662.1		
T	46.485890000	-117.357600000	2564.5		
T	46.485660000	-117.357640000	2552.2		
T	46.485470000	-117.357720000	2541.3		
T	46.485070000	-117.358000000	2525.6		
T	46.484190000	-117.358890000	2508.4		
T	46.483620000	-117.359610000	2489.8		
T	46.482840000	-117.360140000	2474.8		
T	46.482590000	-117.360200000	2475.5		
T	46.481860000	-117.360180000	2458.7		
T	46.481730000	-117.360230000	2460.0		
T	46.481530000	-117.360400000	2456.7		
T	46.481460000	-117.360490000	2457.1		
T	46.481350000	-117.360770000	2449.6		
T	46.481220000	-117.361380000	2430.8		
T	46.481150000	-117.361460000	2430.8		
T	46.481140000	-117.361460000	2430.3		
T	46.481090000	-117.361500000	2428.7		
T	46.479490000	-117.361920000	2387.2		
T	46.477900000	-117.362510000	2350.7		
T	46.477550000	-117.362600000	2345.6		
T	46.476640000	-117.362540000	2323.5		
T	46.476580000	-117.362520000	2321.6		
T	46.476160000	-117.362270000	2303.0		
T	46.475960000	-117.362110000	2292.8		
T	46.475500000	-117.361870000	2292.3		
T	46.475410000	-117.361790000	2289.3		
T	46.475240000	-117.361510000	2278.6		
T	46.475050000	-117.361290000	2262.5		
T	46.474900000	-117.361070000	2250.9		
T	46.474690000	-117.360560000	2208.4		
T	46.474470000	-117.359840000	2185.1		
T	46.474360000	-117.359630000	2190.1		
T	46.474330000	-117.359600000	2191.6		
T	46.474230000	-117.359600000	2190.5		
T	46.473800000	-117.359770000	2173.2		
T	46.473460000	-117.359870000	2170.5		
T	46.473210000	-117.360060000	2160.2		
T	46.472960000	-117.360180000	2149.6		
T	46.472720000	-117.360240000	2142.1		
T	46.471470000	-117.360430000	2109.6		
T	46.470760000	-117.360710000	2071.1		
T	46.470650000	-117.360730000	2066.2		
T	46.470070000	-117.360720000	2042.8		
T	46.469810000	-117.360620000	2034.0		
T	46.469300000	-117.360290000	2021.9		
T	46.468960000	-117.359910000	2044.0		
T	46.468650000	-117.359470000	2054.0		
T	46.468290000	-117.358600000	2031.1		
T	46.468220000	-117.358500000	2028.7		
T	46.468080000	-117.358400000	2038.7		
T	46.467750000	-117.357940000	2029.7		
T	46.467430000	-117.357390000	1996.0		
T	46.467220000	-117.357230000	1984.1		
T	46.466970000	-117.357140000	1982.3		
T	46.466800000	-117.357050000	1981.1		
T	46.466630000	-117.356920000	1979.5		
T	46.466430000	-117.356710000	1978.4		
T	46.465570000	-117.355380000	1959.6		
T	46.464840000	-117.354450000	1943.8		
T	46.464690000	-117.354080000	1922.1		
T	46.464630000	-117.353850000	1906.0		
T	46.464460000	-117.352670000	1864.2		
T	46.464360000	-117.352480000	1864.9		
T	46.464220000	-117.352320000	1866.0		
T	46.463680000	-117.352020000	1853.7		
T	46.462740000	-117.350870000	1840.9		
T	46.461800000	-117.350190000	1814.4		
T	46.461230000	-117.349600000	1794.9		
T	46.461140000	-117.349470000	1794.9		
T	46.461130000	-117.349470000	1794.6		
T	46.460970000	-117.349100000	1785.5		
T	46.460790000	-117.348480000	1781.4		
T	46.460720000	-117.348330000	1781.5		
T	46.460620000	-117.348190000	1779.7		
T	46.460100000	-117.347650000	1767.9		
T	46.458310000	-117.345190000	1729.5		
T	46.458190000	-117.344990000	1723.1		
T	46.458060000	-117.344700000	1723.2		
T	46.457830000	-117.343800000	1716.3		
T	46.457650000	-117.343350000	1708.8		
T	46.457170000	-117.342500000	1698.5		
T	46.457120000	-117.342330000	1695.2		
T	46.457090000	-117.342050000	1691.6		
T	46.457010000	-117.341760000	1692.0		
T	46.456540000	-117.340930000	1678.5		
T	46.455990000	-117.339690000	1658.1		
T	46.454910000	-117.338210000	1636.9		
T	46.454450000	-117.337680000	1630.6		
T	46.454310000	-117.337480000	1625.7		
T	46.454140000	-117.337040000	1620.9		
T	46.454070000	-117.336710000	1621.0		
T	46.454070000	-117.336480000	1619.9		
T	46.454180000	-117.336050000	1625.4		
T	46.454160000	-117.335840000	1627.1		
T	46.454070000	-117.335640000	1628.3		
T	46.454010000	-117.335570000	1627.8		
T	46.453870000	-117.335460000	1626.2		
T	46.453520000	-117.335280000	1626.9		
T	46.453230000	-117.335200000	1622.5		
T	46.450250000	-117.333550000	1597.2		
T	46.446470000	-117.333310000	1547.5		
T	46.445810000	-117.333320000	1533.5		
T	46.445740000	-117.333300000	1531.4		
T	46.445560000	-117.333210000	1524.9		
T	46.445160000	-117.332830000	1506.4		
T	46.444890000	-117.332510000	1490.9		
T	46.444890000	-117.332490000	1491.4		
T	46.443930000	-117.330880000	1465.6		
T	46.443290000	-117.329990000	1456.4		
T	46.441890000	-117.328470000	1433.8		
T	46.441700000	-117.328320000	1438.5		
T	46.441600000	-117.328270000	1439.1		
T	46.441490000	-117.328240000	1438.0		
T	46.441050000	-117.328190000	1428.7		
T	46.440190000	-117.327860000	1408.3		
T	46.439920000	-117.327710000	1403.2		
T	46.439370000	-117.327340000	1395.9		
T	46.438940000	-117.326960000	1389.8		
T	46.438290000	-117.326210000	1381.3		
T	46.438280000	-117.326180000	1381.2		
T	46.436890000	-117.323830000	1367.6		
T	46.436780000	-117.323680000	1367.4		
T	46.436680000	-117.323590000	1366.1		
T	46.436560000	-117.323560000	1364.2		
T	46.436410000	-117.323560000	1361.6		
T	46.436180000	-117.323030000	1360.5		
T	46.435920000	-117.322550000	1356.3		
T	46.433910000	-117.319570000	1321.1		
T	46.433910000	-117.319560000	1321.2		
T	46.432220000	-117.317070000	1294.2		
T	46.431800000	-117.316360000	1286.3		
T	46.431310000	-117.315260000	1276.3		
T	46.428130000	-117.304170000	1218.5		
T	46.427840000	-117.303390000	1212.2		
T	46.426980000	-117.301740000	1212.6		
T	46.426720000	-117.301110000	1211.6		
T	46.426450000	-117.300070000	1206.9		
T	46.426320000	-117.298920000	1197.2		
T	46.426390000	-117.295060000	1170.0		
T	46.426340000	-117.294420000	1164.6		
T	46.426240000	-117.293750000	1160.9		
T	46.426070000	-117.293030000	1158.4		
T	46.425860000	-117.292400000	1155.4		
T	46.423120000	-117.286580000	1124.9		
T	46.422930000	-117.286290000	1122.6		
T	46.422760000	-117.286080000	1123.4		
T	46.422760000	-117.286070000	1123.7		
T	46.422500000	-117.285790000	1125.2		
T	46.422310000	-117.285630000	1126.3		
T	46.422310000	-117.285620000	1126.5		
T	46.421940000	-117.285370000	1126.2		
T	46.419810000	-117.284340000	1122.2		
T	46.419390000	-117.284030000	1128.4		
T	46.419170000	-117.283810000	1127.8		
T	46.418860000	-117.283420000	1125.2		
T	46.418690000	-117.283150000	1123.5		
T	46.418440000	-117.282660000	1116.2		
T	46.418310000	-117.282330000	1112.0		
T	46.418150000	-117.281800000	1104.2		
T	46.417620000	-117.278870000	1071.6		
T	46.417460000	-117.278230000	1071.3		
T	46.417280000	-117.277690000	1073.7		
T	46.416940000	-117.276900000	1071.2		
T	46.416640000	-117.276350000	1065.5		
T	46.409310000	-117.265760000	1008.9		
T	46.408880000	-117.265070000	1001.5		
T	46.408040000	-117.263450000	991.2		
T	46.407230000	-117.261420000	996.7		
T	46.406820000	-117.260180000	985.7		
T	46.404090000	-117.249910000	957.2		
T	46.403630000	-117.247800000	971.1		
T	46.403330000	-117.245880000	946.7		
T	46.403070000	-117.242370000	899.9		
T	46.403060000	-117.240590000	902.7		
T	46.403110000	-117.239390000	909.0		
T	46.403290000	-117.237270000	905.6		
T	46.403580000	-117.235280000	898.9		
T	46.403790000	-117.234200000	885.3		
T	46.405630000	-117.226540000	882.9		
T	46.406090000	-117.224930000	870.8		
T	46.406500000	-117.223720000	861.1		
T	46.407270000	-117.221860000	823.0		
T	46.407760000	-117.220830000	813.9		
T	46.408430000	-117.219600000	804.8		
T	46.411720000	-117.214270000	769.1		
T	46.413540000	-117.211690000	761.1		
T	46.413930000	-117.211050000	757.8		
T	46.414340000	-117.210170000	753.0		
T	46.414640000	-117.209350000	750.3		
T	46.414830000	-117.208610000	755.2		
T	46.414950000	-117.207980000	749.3		
T	46.415080000	-117.206770000	749.0		
T	46.415090000	-117.205840000	746.8		
T	46.414990000	-117.204660000	750.4		
T	46.414820000	-117.203710000	745.7		
T	46.413090000	-117.196490000	746.5		
T	46.413020000	-117.196060000	744.0		
T	46.412460000	-117.193680000	740.7		
T	46.412300000	-117.192790000	744.2		
T	46.412150000	-117.191560000	744.9		
T	46.412070000	-117.190250000	747.4		
T	46.412070000	-117.189190000	747.3		
T	46.412190000	-117.187410000	742.2		
T	46.412320000	-117.186470000	747.2		
T	46.412660000	-117.184780000	746.1		
T	46.412840000	-117.184120000	744.9		
T	46.413260000	-117.182870000	746.5		
T	46.413660000	-117.181900000	749.3		
T	46.414210000	-117.180800000	746.2		
T	46.414710000	-117.179980000	749.9		
T	46.419160000	-117.173350000	769.1		
T	46.420180000	-117.171680000	773.2		
T	46.420180000	-117.171670000	774.0		
T	46.420980000	-117.170250000	755.6		
T	46.422650000	-117.166870000	749.2		
T	46.423320000	-117.165310000	751.1		
T	46.424180000	-117.163060000	758.3		
T	46.424200000	-117.163030000	757.1		
T	46.424770000	-117.161350000	758.4		
T	46.425760000	-117.157940000	756.9		
T	46.426590000	-117.154320000	758.3		
T	46.427250000	-117.150260000	760.1		
T	46.427560000	-117.147420000	762.7		
T	46.427770000	-117.144120000	752.3		
T	46.427790000	-117.142770000	752.3		
T	46.427710000	-117.140920000	747.8		
T	46.427560000	-117.139350000	755.2		
T	46.427160000	-117.137010000	768.0		
T	46.426830000	-117.135630000	779.3		
T	46.426360000	-117.134070000	764.8		
T	46.422450000	-117.122790000	754.8		
T	46.420470000	-117.117960000	743.4		
T	46.420150000	-117.117010000	741.9		
T	46.420000000	-117.116390000	741.6		
T	46.419830000	-117.115380000	742.5		
T	46.419470000	-117.112140000	783.4		
T	46.419190000	-117.110740000	800.3		
T	46.414960000	-117.095020000	804.5		
T	46.414720000	-117.093400000	762.0		
T	46.414650000	-117.091570000	740.5		
T	46.414740000	-117.090170000	740.7		
T	46.414890000	-117.089100000	740.0		
T	46.415210000	-117.087690000	747.4		
T	46.415280000	-117.087480000	749.6		
T	46.415090000	-117.087290000	764.5		
T	46.414950000	-117.087020000	786.3		
T	46.414920000	-117.086860000	789.9		
T	46.415090000	-117.085010000	758.6		
T	46.415100000	-117.084510000	755.8		
T	46.414910000	-117.083510000	755.4		
T	46.414910000	-117.083460000	755.2		
T	46.414630000	-117.081990000	764.9		
T	46.414470000	-117.080780000	770.7		
T	46.414430000	-117.079690000	772.2		
T	46.414510000	-117.079200000	782.4		
T	46.415090000	-117.076640000	804.2		
T	46.415140000	-117.076300000	807.4		
T	46.415130000	-117.076020000	808.0		
T	46.415060000	-117.075730000	809.3		
T	46.414570000	-117.074520000	820.0		
T	46.414490000	-117.074060000	820.6		
T	46.414490000	-117.048190000	818.4		
T	46.419400000	-117.041070000	793.9		
T	46.419540000	-117.040900000	792.1		
T	46.419580000	-117.040770000	791.3		
T	46.419710000	-117.040580000	789.4		
T	46.419770000	-117.040530000	788.7		
T	46.419760000	-117.040490000	788.6		
T	46.419770000	-117.040340000	787.8		
T	46.419780000	-117.040330000	787.7		
T	46.419810000	-117.040250000	786.9		
T	46.419840000	-117.040220000	786.5		
T	46.419910000	-117.040180000	785.6		
T	46.419930000	-117.040180000	785.4		
T	46.420030000	-117.039990000	783.3		
T	46.420110000	-117.039780000	780.6		
T	46.420180000	-117.039500000	776.4		
T	46.420220000	-117.039430000	775.4		
T	46.420630000	-117.032710000	738.3		
T	46.420610000	-117.032590000	742.7		
T	46.420630000	-117.032230000	758.0		
T	46.420720000	-117.031950000	784.4		
T	46.420760000	-117.031900000	786.9		
T	46.420800000	-117.031820000	792.4		
T	46.421130000	-117.031440000	782.3		
T	46.421270000	-117.031230000	777.8		
T	46.421410000	-117.030920000	772.4		
T	46.421560000	-117.030490000	770.9		
T	46.421620000	-117.030000000	765.5		
T	46.421520000	-117.027250000	740.4		
T	46.421510000	-117.027210000	740.0		
T	46.424010000	-117.027020000	734.2		
T	46.424660000	-117.027020000	732.3		
T	46.424660000	-117.026240000	731.5		
T	46.424620000	-117.025710000	735.8		
T	46.424680000	-117.025480000	730.0		
T	46.424690000	-117.025300000	729.5		
T	46.424610000	-117.025040000	729.2		
T	46.424760000	-117.025050000	730.9		
T	46.424790000	-117.023210000	721.8		
T	46.424730000	-117.022780000	724.4		
T	46.424620000	-117.022400000	727.4		
T	46.424470000	-117.022130000	731.8		
T	46.424240000	-117.021880000	734.1		
T	46.422650000	-117.020760000	730.0		
T	46.422110000	-117.020260000	728.3		
T	46.421530000	-117.019580000	725.9		
T	46.420730000	-117.018320000	726.4		
T	46.420480000	-117.017850000	726.3		
T	46.420000000	-117.016630000	727.4		
T	46.419640000	-117.015380000	728.5		
T	46.419500000	-117.014690000	728.5		
T	46.419270000	-117.012410000	730.7		
T	46.419300000	-117.010980000	732.4		
T	46.419130000	-117.009350000	734.2		
T	46.419130000	-117.009160000	734.3		
T	46.418860000	-117.007800000	735.6		
T	46.418140000	-117.005080000	737.8		
T	46.418100000	-117.004980000	737.6		
T	46.418070000	-117.004760000	737.3		
T	46.417340000	-117.001870000	741.1		
T	46.417330000	-117.001200000	743.1		
T	46.417380000	-117.000500000	747.6		
T	46.417360000	-117.000480000	747.8		
T	46.417360000	-117.000470000	747.9		
T	46.417300000	-117.000470000	751.8		
T	46.417200000	-117.000440000	759.0		
T	46.417230000	-117.000150000	751.1		
T	46.417240000	-117.000130000	750.7		
T	46.417410000	-116.998970000	758.6		
T	46.417350000	-116.998940000	761.4		
T	46.417270000	-116.998830000	763.0		
T	46.417260000	-116.998730000	763.5		
T	46.417300000	-116.998460000	763.3		
T	46.417270000	-116.998170000	764.4		
T	46.417230000	-116.998140000	764.8		
T	46.416940000	-116.998170000	767.2		
T	46.416930000	-116.998180000	767.3		
T	46.415310000	-116.998200000	779.8		
T	46.415500000	-116.996770000	784.8		
T	46.415600000	-116.996420000	788.1		
T	46.417010000	-116.993440000	783.5		
T	46.417330000	-116.992660000	784.3		
T	46.418200000	-116.988470000	762.8		
T	46.418320000	-116.988090000	763.7		
T	46.418470000	-116.987830000	763.5		
T	46.418310000	-116.987570000	765.7		
T	46.418230000	-116.987500000	766.6		
T	46.418100000	-116.987440000	767.9		
T	46.417420000	-116.987340000	774.3		
T	46.417040000	-116.987160000	774.0		
T	46.416900000	-116.987040000	774.9		
T	46.416730000	-116.986850000	775.8		
T	46.416030000	-116.985610000	785.8		
T	46.416030000	-116.985600000	785.9		
T	46.415460000	-116.984600000	798.3		
T	46.415460000	-116.984590000	798.5		
T	46.414670000	-116.983180000	816.9		
T	46.414670000	-116.983170000	817.1		
T	46.413440000	-116.980920000	838.0		
T	46.413240000	-116.980400000	843.0		
T	46.412140000	-116.976980000	861.3		
T	46.411280000	-116.975000000	869.6		
T	46.411120000	-116.974710000	871.3		
T	46.411030000	-116.974490000	871.4		
T	46.410730000	-116.973490000	875.3		
T	46.410590000	-116.972870000	879.1		
T	46.410640000	-116.972620000	881.9		
T	46.410640000	-116.972540000	882.9		
T	46.411430000	-116.968600000	904.6		
T	46.411580000	-116.968060000	907.2		
T	46.411590000	-116.968050000	907.4		
T	46.411700000	-116.967680000	911.2		
T	46.412330000	-116.966020000	924.5		
T	46.412340000	-116.966020000	924.7		
T	46.413530000	-116.962520000	953.0		
T	46.413670000	-116.961990000	957.6		
T	46.413970000	-116.960030000	979.4		
T	46.413980000	-116.960020000	979.6		
T	46.414000000	-116.959890000	979.1		
T	46.414180000	-116.959310000	985.8		
T	46.414810000	-116.957990000	1002.0		
T	46.415110000	-116.957030000	1009.8		
T	46.415220000	-116.956410000	1013.2		
T	46.415280000	-116.955760000	1016.9		
T	46.415280000	-116.954900000	1019.3		
T	46.415210000	-116.954240000	1022.8		
T	46.414880000	-116.952750000	1030.0		
T	46.414290000	-116.951210000	1055.2		
T	46.414190000	-116.950800000	1069.9		
T	46.413990000	-116.948930000	1077.7		
T	46.413860000	-116.948210000	1083.4		
T	46.413320000	-116.945890000	1078.7		
T	46.412950000	-116.943600000	1091.1		
T	46.412810000	-116.943140000	1095.6		
T	46.412810000	-116.943120000	1095.9		
T	46.412770000	-116.943000000	1097.7		
T	46.412220000	-116.941860000	1111.4		
T	46.412150000	-116.941620000	1112.3		
T	46.412100000	-116.941280000	1113.8		
T	46.412080000	-116.939850000	1157.2		
T	46.412070000	-116.939800000	1160.5		
T	46.412090000	-116.938550000	1153.3		
T	46.412150000	-116.937740000	1151.6		
T	46.412280000	-116.937140000	1153.2		
T	46.412660000	-116.936010000	1190.7		
T	46.412800000	-116.935410000	1191.4		
T	46.412800000	-116.935200000	1188.1		
T	46.412730000	-116.934850000	1186.5		
T	46.412720000	-116.934840000	1186.9		
T	46.412680000	-116.934700000	1187.4		
T	46.412360000	-116.933950000	1202.3		
T	46.412360000	-116.933930000	1202.0		
T	46.411530000	-116.932060000	1227.4		
T	46.411250000	-116.931520000	1242.0		
T	46.410320000	-116.930100000	1274.0		
T	46.410090000	-116.929590000	1276.9		
T	46.409220000	-116.926740000	1326.0		
T	46.408800000	-116.925560000	1336.6		
T	46.408290000	-116.923840000	1357.5		
T	46.408220000	-116.923690000	1361.8		
T	46.408080000	-116.923470000	1370.6		
T	46.407930000	-116.923290000	1371.7		
T	46.407530000	-116.923000000	1389.0		
T	46.407420000	-116.922940000	1393.2		
T	46.407120000	-116.922860000	1402.0		
T	46.407110000	-116.922850000	1402.4		
T	46.400790000	-116.922860000	1429.4		
T	46.400740000	-116.922870000	1429.3		
T	46.399380000	-116.922880000	1430.5		
T	46.399220000	-116.922860000	1431.3		
T	46.399100000	-116.922810000	1432.0		
T	46.399090000	-116.922810000	1432.1		
T	46.399070000	-116.922790000	1432.3		
T	46.399020000	-116.922770000	1432.6		
T	46.398880000	-116.922630000	1433.6		
T	46.398770000	-116.922450000	1434.6		
T	46.398690000	-116.922250000	1435.3		
T	46.398630000	-116.921790000	1437.7		
T	46.398600000	-116.887620000	1549.7		
T	46.398590000	-116.887620000	1549.7		
T	46.398640000	-116.843310000	1713.5		
T	46.398560000	-116.842920000	1712.0		
T	46.398420000	-116.842620000	1707.8		
T	46.397730000	-116.841500000	1686.0		
T	46.397570000	-116.841190000	1681.2		
T	46.397530000	-116.841080000	1679.0		
T	46.397450000	-116.840660000	1672.4		
T	46.397450000	-116.840540000	1672.0		
T	46.397660000	-116.839070000	1649.8		
T	46.397720000	-116.838810000	1645.2		
T	46.397810000	-116.838570000	1640.8		
T	46.397870000	-116.838460000	1638.7		
T	46.398090000	-116.838200000	1631.4		
T	46.398250000	-116.838110000	1626.3		
T	46.398510000	-116.838030000	1618.3		
T	46.399280000	-116.837990000	1597.3		
T	46.399830000	-116.837920000	1583.5		
T	46.400090000	-116.837840000	1576.9		
T	46.400330000	-116.837660000	1569.2		
T	46.400530000	-116.837400000	1563.4		
T	46.400790000	-116.836970000	1555.1		
T	46.400820000	-116.836850000	1555.6		
T	46.400920000	-116.836620000	1551.1		
T	46.401130000	-116.835960000	1539.8		
T	46.401210000	-116.835510000	1533.6		
T	46.401110000	-116.835260000	1532.1		
T	46.401010000	-116.835140000	1530.2		
T	46.400940000	-116.835090000	1527.9		
T	46.400280000	-116.834810000	1508.2		
T	46.400110000	-116.834770000	1503.0		
T	46.399930000	-116.834770000	1496.6		
T	46.399760000	-116.834810000	1490.8		
T	46.399450000	-116.834940000	1484.5		
T	46.399300000	-116.834950000	1480.9		
T	46.399230000	-116.834930000	1482.4		
T	46.398850000	-116.834600000	1470.3		
T	46.398300000	-116.834260000	1452.6		
T	46.398210000	-116.834220000	1450.3		
T	46.398040000	-116.834190000	1443.2		
T	46.397950000	-116.834200000	1440.9		
T	46.397790000	-116.834270000	1435.3		
T	46.397370000	-116.834540000	1425.4		
T	46.397110000	-116.834650000	1417.4		
T	46.397020000	-116.834660000	1414.4		
T	46.396840000	-116.834640000	1408.5		
T	46.396210000	-116.834460000	1394.1		
T	46.395810000	-116.834430000	1381.3		
T	46.395620000	-116.834360000	1374.0		
T	46.395560000	-116.834300000	1371.1		
T	46.395490000	-116.834160000	1367.5		
T	46.395470000	-116.834070000	1365.7		
T	46.395470000	-116.833980000	1363.3		
T	46.395520000	-116.833790000	1358.7		
T	46.395620000	-116.833630000	1355.8		
T	46.396160000	-116.833160000	1342.5		
T	46.396720000	-116.832760000	1330.3		
T	46.397040000	-116.832590000	1322.8		
T	46.397110000	-116.832530000	1319.9		
T	46.397170000	-116.832450000	1316.9		
T	46.397500000	-116.831690000	1297.4		
T	46.397630000	-116.831490000	1293.2		
T	46.397700000	-116.831410000	1291.6		
T	46.398050000	-116.831140000	1285.8		
T	46.398200000	-116.831050000	1282.7		
T	46.398450000	-116.830970000	1280.1		
T	46.398630000	-116.830960000	1276.6		
T	46.399030000	-116.831000000	1267.1		
T	46.399130000	-116.831030000	1265.3		
T	46.399400000	-116.831040000	1254.2		
T	46.399550000	-116.831020000	1247.6		
T	46.399760000	-116.830950000	1239.1		
T	46.400730000	-116.830500000	1213.7		
T	46.400920000	-116.830360000	1206.9		
T	46.401000000	-116.830280000	1204.1		
T	46.401140000	-116.830080000	1199.0		
T	46.401190000	-116.829960000	1197.4		
T	46.401260000	-116.829690000	1194.1		
T	46.402160000	-116.824700000	1150.2		
T	46.402640000	-116.820630000	1110.7		
T	46.403430000	-116.817980000	1089.2		
T	46.403510000	-116.817600000	1084.5		
T	46.403700000	-116.817050000	1076.1		
T	46.403810000	-116.816820000	1071.4		
T	46.405150000	-116.814880000	1026.1		
T	46.405280000	-116.814560000	1026.8		
T	46.405630000	-116.812780000	1012.8		
T	46.405690000	-116.812630000	1008.8		
T	46.405910000	-116.812290000	1006.8		
T	46.405910000	-116.812280000	1007.0		
T	46.406160000	-116.811900000	1004.7		
T	46.406160000	-116.811890000	1004.8		
T	46.406250000	-116.811700000	1000.3		
T	46.406320000	-116.811380000	1000.9		
T	46.406340000	-116.809300000	980.1		
T	46.406230000	-116.808770000	971.5		
T	46.406050000	-116.808680000	970.0		
T	46.405880000	-116.808650000	968.9		
T	46.402390000	-116.808660000	979.9		
T	46.402370000	-116.807370000	970.5		
T	46.402280000	-116.807290000	970.6		
T	46.402220000	-116.807200000	970.7		
T	46.402170000	-116.807090000	970.6		
T	46.402090000	-116.806120000	970.3		
T	46.402010000	-116.806110000	970.9		
T	46.402010000	-116.805160000	971.3		
T	46.401110000	-116.805150000	975.6		
T	46.401100000	-116.804890000	974.5		
T	46.400910000	-116.804870000	975.6		
T	46.400790000	-116.804810000	976.3		
T	46.400700000	-116.804730000	976.5		
T	46.400340000	-116.804130000	978.4		
T	46.399880000	-116.803690000	980.9		
T	46.398580000	-116.802770000	984.2		
T	46.398230000	-116.802470000	985.2		
T	46.397180000	-116.801740000	990.5		
T	46.395740000	-116.800900000	996.5		
T	46.396100000	-116.799560000	995.0		
T	46.393840000	-116.798890000	1005.6		
T	46.394180000	-116.796630000	1004.1		
T	46.394310000	-116.796270000	1005.2		
T	46.395340000	-116.794570000	1025.1		
T	46.395720000	-116.793760000	1033.6		
T	46.396130000	-116.792560000	1049.3		
T	46.396240000	-116.791860000	1047.9		
T	46.396250000	-116.791850000	1048.3		
T	46.396490000	-116.789120000	1060.8		
T	46.396650000	-116.787960000	1069.6		
T	46.396900000	-116.787000000	1071.8		
T	46.397200000	-116.786190000	1080.7		
T	46.397520000	-116.785660000	1086.2		
T	46.397640000	-116.785410000	1084.7		
T	46.397830000	-116.784810000	1093.8		
T	46.397830000	-116.784790000	1093.7		
T	46.398380000	-116.783170000	1116.6		
T	46.398380000	-116.783150000	1117.3		
T	46.398950000	-116.781480000	1128.0		
T	46.399240000	-116.780940000	1128.3		
T	46.400580000	-116.779750000	1138.8		
T	46.400970000	-116.779290000	1139.7		
T	46.402010000	-116.777700000	1167.6		
T	46.402540000	-116.777060000	1173.2		
T	46.404540000	-116.775220000	1213.0		
T	46.405750000	-116.774380000	1229.9		
T	46.406150000	-116.774060000	1232.9		
T	46.407200000	-116.773340000	1239.0		
T	46.407870000	-116.772680000	1243.3		
T	46.409870000	-116.770420000	1264.3		
T	46.410230000	-116.769870000	1265.5		
T	46.410240000	-116.769840000	1265.2		
T	46.410350000	-116.769680000	1267.5		
T	46.410350000	-116.769670000	1267.3		
T	46.410370000	-116.769650000	1268.0		
T	46.411030000	-116.768530000	1276.0		
T	46.411230000	-116.768020000	1283.8		
T	46.411330000	-116.767550000	1289.0		
T	46.411460000	-116.766320000	1294.1		
T	46.411420000	-116.765730000	1294.9		
T	46.411240000	-116.764990000	1298.4		
T	46.411230000	-116.764980000	1298.4		
T	46.411230000	-116.764960000	1298.8		
T	46.410690000	-116.763060000	1309.6		
T	46.410690000	-116.763040000	1309.7		
T	46.410680000	-116.763030000	1310.2		
T	46.409760000	-116.759700000	1337.1		
T	46.409760000	-116.759650000	1337.8		
T	46.409750000	-116.759630000	1338.2		
T	46.409610000	-116.758650000	1348.6		
T	46.409470000	-116.757100000	1362.6		
T	46.409130000	-116.755200000	1376.4		
T	46.408920000	-116.754320000	1386.9		
T	46.408890000	-116.754080000	1389.2		
T	46.408880000	-116.754070000	1389.0		
T	46.408830000	-116.752820000	1397.9		
T	46.408700000	-116.751520000	1405.6		
T	46.408690000	-116.749910000	1422.3		
T	46.408810000	-116.749170000	1427.8		
T	46.408940000	-116.747810000	1438.1		
T	46.408980000	-116.747630000	1439.2		
T	46.409160000	-116.747120000	1445.8		
T	46.410020000	-116.745510000	1459.5		
T	46.410020000	-116.745490000	1459.3		
T	46.410220000	-116.745070000	1462.8		
T	46.410220000	-116.745060000	1462.7		
T	46.410580000	-116.744200000	1467.6		
T	46.410580000	-116.744180000	1467.5		
T	46.411200000	-116.742310000	1485.5		
T	46.411480000	-116.740850000	1496.8		
T	46.411760000	-116.739690000	1501.1		
T	46.411770000	-116.739680000	1501.1		
T	46.412170000	-116.737850000	1515.7		
T	46.412290000	-116.736930000	1522.2		
T	46.412260000	-116.736120000	1531.4		
T	46.412170000	-116.735490000	1536.5		
T	46.412120000	-116.734720000	1540.1		
T	46.412150000	-116.734110000	1546.0		
T	46.412260000	-116.733120000	1560.3		
T	46.412250000	-116.732480000	1561.4		
T	46.412010000	-116.730470000	1574.5		
T	46.412040000	-116.729370000	1587.4		
T	46.411940000	-116.728670000	1594.6		
T	46.411530000	-116.727230000	1598.2		
T	46.411510000	-116.726680000	1602.5		
T	46.411670000	-116.725710000	1616.3		
T	46.411790000	-116.725190000	1617.4		
T	46.411820000	-116.724660000	1621.4		
T	46.411560000	-116.723680000	1629.7		
T	46.411470000	-116.722990000	1642.4		
T	46.411450000	-116.722440000	1650.9		
T	46.411480000	-116.721760000	1656.2		
T	46.411550000	-116.721330000	1660.6		
T	46.411660000	-116.720040000	1674.4		
T	46.411660000	-116.719550000	1676.3		
T	46.411510000	-116.718100000	1679.4		
T	46.411450000	-116.714900000	1699.9		
T	46.410910000	-116.712060000	1728.7		
T	46.410840000	-116.711150000	1736.3		
T	46.410540000	-116.710140000	1742.4		
T	46.410540000	-116.710120000	1742.7		
T	46.410530000	-116.710100000	1742.8		
T	46.410320000	-116.708760000	1754.3		
T	46.409920000	-116.707670000	1763.4		
T	46.409760000	-116.707370000	1768.8		
T	46.409730000	-116.707280000	1771.0		
T	46.409710000	-116.707250000	1771.7		
T	46.409550000	-116.706780000	1769.9		
T	46.409480000	-116.706350000	1775.1		
T	46.409360000	-116.705000000	1783.3		
T	46.409190000	-116.703960000	1790.9		
T	46.409170000	-116.703180000	1796.2		
T	46.408970000	-116.701940000	1803.9		
T	46.409000000	-116.699870000	1817.4		
T	46.409110000	-116.699270000	1822.6		
T	46.409120000	-116.699250000	1823.1		
T	46.409200000	-116.698820000	1825.8		
T	46.409210000	-116.698810000	1826.1		
T	46.409200000	-116.698400000	1826.6		
T	46.408500000	-116.695890000	1841.8		
T	46.408420000	-116.695720000	1844.2		
T	46.407980000	-116.694980000	1857.7		
T	46.407640000	-116.693970000	1856.3		
T	46.407470000	-116.693610000	1856.5		
T	46.407330000	-116.693420000	1858.0		
T	46.407220000	-116.693350000	1859.4		
T	46.407000000	-116.693260000	1862.0		
T	46.406610000	-116.693200000	1865.4		
T	46.406300000	-116.693120000	1869.0		
T	46.406210000	-116.693080000	1870.5		
T	46.406200000	-116.693080000	1870.6		
T	46.405880000	-116.692900000	1874.0		
T	46.405460000	-116.692560000	1879.6		
T	46.404750000	-116.691700000	1891.3		
T	46.404460000	-116.691230000	1895.7		
T	46.404120000	-116.690360000	1903.3		
T	46.403900000	-116.689530000	1909.0		
T	46.403790000	-116.688930000	1911.6		
T	46.403790000	-116.688880000	1911.9		
T	46.403740000	-116.688630000	1912.4		
T	46.403690000	-116.688140000	1915.4		
T	46.403690000	-116.687910000	1917.2		
T	46.403850000	-116.686250000	1933.5		
T	46.403860000	-116.685780000	1936.1		
T	46.403710000	-116.684970000	1925.2		
T	46.403460000	-116.684340000	1922.6		
T	46.403460000	-116.684320000	1922.2		
T	46.403310000	-116.684030000	1925.5		
T	46.402580000	-116.682870000	1937.4		
T	46.402410000	-116.682390000	1935.9		
T	46.402370000	-116.682090000	1934.0		
T	46.402370000	-116.677560000	1987.4		
T	46.391400000	-116.677660000	2119.6		
T	46.391420000	-116.667490000	2295.2		
T	46.391440000	-116.667240000	2302.5		
T	46.391480000	-116.667140000	2305.2		
T	46.391530000	-116.667070000	2306.8		
T	46.391590000	-116.667020000	2307.9		
T	46.391650000	-116.666990000	2308.4		
T	46.393230000	-116.666960000	2289.2		
T	46.393420000	-116.666910000	2287.3		
T	46.393600000	-116.666790000	2288.9		
T	46.393750000	-116.666600000	2290.6		
T	46.393810000	-116.666480000	2292.9		
T	46.393900000	-116.666140000	2298.8		
T	46.393940000	-116.665660000	2302.7		
T	46.393930000	-116.664580000	2289.9		
T	46.394080000	-116.662510000	2297.8		
T	46.394150000	-116.662190000	2298.2		
T	46.394340000	-116.661730000	2294.2		
T	46.394410000	-116.661490000	2291.2		
T	46.394420000	-116.661360000	2290.1		
T	46.394370000	-116.661120000	2289.1		
T	46.394320000	-116.661010000	2289.2		
T	46.394250000	-116.660910000	2290.4		
T	46.394000000	-116.660650000	2295.4		
T	46.393550000	-116.660270000	2307.4		
T	46.393250000	-116.659960000	2309.2		
T	46.393190000	-116.659870000	2309.3		
T	46.393180000	-116.659870000	2308.8		
T	46.393080000	-116.659650000	2308.8		
T	46.393080000	-116.659630000	2309.3		
T	46.393000000	-116.659370000	2309.4		
T	46.392960000	-116.658930000	2310.7		
T	46.392970000	-116.657760000	2308.1		
T	46.392930000	-116.657490000	2309.5		
T	46.392820000	-116.657120000	2314.8		
T	46.392740000	-116.656930000	2318.1		
T	46.392580000	-116.656700000	2324.3		
T	46.392310000	-116.656470000	2334.5		
T	46.391410000	-116.655940000	2328.7		
T	46.391310000	-116.655850000	2326.9		
T	46.391290000	-116.655840000	2326.8		
T	46.391110000	-116.655630000	2323.2		
T	46.390950000	-116.655370000	2324.4		
T	46.390630000	-116.654730000	2334.0		
T	46.390110000	-116.653890000	2326.1		
T	46.389830000	-116.653300000	2326.3		
T	46.389660000	-116.652730000	2325.1		
T	46.389640000	-116.652500000	2322.2		
T	46.389650000	-116.652300000	2319.6		
T	46.389760000	-116.651750000	2316.5		
T	46.390100000	-116.650560000	2310.2		
T	46.390130000	-116.650280000	2307.2		
T	46.390100000	-116.650060000	2307.5		
T	46.390030000	-116.649800000	2311.3		
T	46.390020000	-116.649790000	2311.4		
T	46.389740000	-116.648860000	2334.8		
T	46.389580000	-116.648490000	2342.2		
T	46.388860000	-116.647170000	2372.8		
T	46.388640000	-116.646700000	2378.7		
T	46.388440000	-116.646050000	2387.0		
T	46.388250000	-116.645030000	2402.3		
T	46.388130000	-116.643730000	2412.3		
T	46.388120000	-116.643710000	2412.2		
T	46.388090000	-116.643160000	2409.0		
T	46.387750000	-116.640470000	2401.1		
T	46.387350000	-116.638690000	2412.9		
T	46.387120000	-116.637950000	2405.8		
T	46.386890000	-116.637380000	2404.9		
T	46.386610000	-116.636920000	2412.5		
T	46.386600000	-116.636890000	2412.7		
T	46.385720000	-116.635550000	2428.8		
T	46.385630000	-116.635460000	2429.3		
T	46.385480000	-116.635370000	2431.2		
T	46.384950000	-116.635330000	2436.5		
T	46.384640000	-116.630610000	2478.0		
T	46.384510000	-116.630080000	2493.2		
T	46.384350000	-116.629790000	2502.6		
T	46.383960000	-116.629250000	2523.0		
T	46.383810000	-116.628970000	2532.9		
T	46.383660000	-116.628510000	2544.6		
T	46.382970000	-116.625650000	2587.1		
T	46.382870000	-116.625350000	2594.6		
T	46.382870000	-116.625330000	2594.8		
T	46.382760000	-116.625080000	2598.0		
T	46.381880000	-116.623490000	2628.9		
T	46.381880000	-116.623480000	2629.2		
T	46.381770000	-116.623290000	2635.9		
T	46.380930000	-116.622260000	2682.7		
T	46.380740000	-116.621970000	2691.7		
T	46.379970000	-116.620410000	2745.7		
T	46.379970000	-116.620390000	2746.0		
T	46.379630000	-116.619810000	2766.7		
T	46.379430000	-116.619550000	2773.9		
T	46.379320000	-116.619440000	2776.9		
T	46.378890000	-116.619170000	2786.5		
T	46.378200000	-116.618810000	2799.0		
T	46.378020000	-116.618690000	2801.7		
T	46.378020000	-116.618680000	2801.3		
T	46.377850000	-116.618510000	2801.5		
T	46.376650000	-116.616640000	2816.8		
T	46.376560000	-116.616440000	2822.7		
T	46.376320000	-116.614620000	2879.1		
T	46.376320000	-116.613810000	2894.5		
T	46.376280000	-116.613530000	2895.1		
T	46.375760000	-116.611610000	2933.3		
T	46.375660000	-116.611410000	2937.8		
T	46.375060000	-116.610510000	2942.8		
T	46.374920000	-116.610230000	2943.5		
T	46.374310000	-116.609250000	2961.8		
T	46.374130000	-116.609010000	2970.8		
T	46.373950000	-116.608840000	2981.1		
T	46.373850000	-116.608770000	2986.3		
T	46.373260000	-116.608550000	3008.6		
T	46.372730000	-116.608460000	3028.7		
T	46.372310000	-116.608540000	3049.5		
T	46.372150000	-116.608630000	3052.0		
T	46.371930000	-116.608680000	3052.7		
T	46.371620000	-116.608610000	3055.3		
T	46.371390000	-116.608510000	3058.7		
T	46.371190000	-116.608360000	3062.3		
T	46.371000000	-116.608040000	3072.7		
T	46.370650000	-116.607080000	3096.4		
T	46.370550000	-116.606690000	3103.7		
T	46.370500000	-116.606130000	3118.1		
T	46.371020000	-116.603190000	3178.0		
T	46.371120000	-116.602270000	3193.5		
T	46.370900000	-116.599280000	3255.0		
T	46.370730000	-116.598390000	3273.6		
T	46.370180000	-116.596650000	3315.8		
T	46.370110000	-116.596300000	3328.0		
T	46.370080000	-116.596010000	3335.1		
T	46.370090000	-116.595670000	3341.8		
T	46.370230000	-116.594390000	3368.2		
T	46.371300000	-116.590170000	3465.1		
T	46.371200000	-116.587420000	3509.4		
T	46.371130000	-116.587030000	3516.0		
T	46.370840000	-116.586350000	3526.1		
T	46.370840000	-116.586340000	3526.1		
T	46.369570000	-116.584520000	3544.3		
T	46.369560000	-116.584520000	3544.4		
T	46.369470000	-116.584380000	3546.9		
T	46.368590000	-116.583280000	3567.6		
T	46.368270000	-116.582950000	3570.5		
T	46.368040000	-116.582820000	3572.3		
T	46.367690000	-116.582750000	3574.2		
T	46.366580000	-116.582730000	3578.0		
T	46.366330000	-116.582760000	3579.6		
T	46.365060000	-116.582800000	3583.9		
T	46.364050000	-116.582710000	3577.7		
T	46.362600000	-116.582430000	3598.0		
T	46.361660000	-116.582380000	3603.6		
T	46.359570000	-116.582510000	3583.7		
T	46.359560000	-116.582520000	3583.7		
T	46.359210000	-116.582510000	3585.9		
T	46.356470000	-116.582640000	3613.7		
T	46.348070000	-116.582750000	3586.4		
T	46.347830000	-116.582550000	3583.8		
T	46.347570000	-116.582240000	3577.6		
T	46.347540000	-116.581830000	3573.7		
T	46.347450000	-116.571740000	3500.1		
T	46.347520000	-116.571070000	3498.2		
T	46.347650000	-116.570620000	3499.0		
T	46.347750000	-116.570400000	3499.4		
T	46.347980000	-116.570000000	3499.8		
T	46.347990000	-116.570000000	3499.9		
T	46.348160000	-116.569770000	3500.5		
T	46.348390000	-116.569560000	3502.2		
T	46.348860000	-116.569220000	3506.5		
T	46.349400000	-116.568900000	3509.1		
T	46.350350000	-116.568240000	3504.0		
T	46.350670000	-116.567980000	3500.6		
T	46.350830000	-116.567810000	3498.8		
T	46.351370000	-116.567100000	3490.0		
T	46.353470000	-116.563360000	3488.2		
T	46.353470000	-116.563350000	3488.2		
T	46.353920000	-116.562550000	3490.1		
T	46.354230000	-116.561910000	3484.0		
T	46.354510000	-116.561150000	3477.7		
T	46.354680000	-116.560450000	3473.3		
T	46.354780000	-116.559860000	3472.1		
T	46.354820000	-116.559250000	3473.7		
T	46.354820000	-116.556630000	3486.0		
T	46.354830000	-116.556600000	3486.1		
T	46.354860000	-116.535390000	3496.8		
T	46.352530000	-116.535410000	3470.4		
T	46.352490000	-116.535420000	3470.5		
T	46.325680000	-116.535690000	3500.3		
T	46.325500000	-116.535670000	3496.3		
T	46.309530000	-116.535330000	3606.1		
T	46.308100000	-116.535360000	3582.6		
T	46.305180000	-116.535300000	3600.7		
T	46.304410000	-116.535180000	3609.1		
T	46.301650000	-116.534540000	3621.6		
T	46.301480000	-116.534530000	3622.1		
T	46.301380000	-116.534580000	3622.3		
T	46.301090000	-116.534790000	3623.1		
T	46.300990000	-116.534940000	3623.9		
T	46.300910000	-116.535100000	3623.1		
T	46.300810000	-116.535220000	3621.8		
T	46.300710000	-116.535300000	3620.8		
T	46.300630000	-116.535330000	3620.3		
T	46.300440000	-116.535360000	3618.9		
T	46.297830000	-116.535310000	3642.2		
T	46.297640000	-116.535270000	3641.8		
T	46.297140000	-116.535090000	3642.2		
T	46.296440000	-116.534530000	3647.2		
T	46.296120000	-116.534360000	3650.3		
T	46.292560000	-116.533740000	3666.2		
T	46.292160000	-116.533720000	3666.8		
T	46.291500000	-116.533840000	3669.3		
T	46.290980000	-116.534070000	3671.4		
T	46.288790000	-116.535190000	3659.7		
T	46.287990000	-116.535550000	3655.7		
T	46.287700000	-116.535620000	3659.8		
T	46.287170000	-116.535670000	3670.4		
T	46.286860000	-116.535660000	3675.1		
T	46.281150000	-116.534400000	3678.1		
T	46.281100000	-116.534380000	3679.3		
T	46.275370000	-116.533190000	3698.4		
T	46.274980000	-116.533220000	3701.2		
T	46.274470000	-116.533360000	3707.2		
T	46.273320000	-116.533990000	3731.5		
T	46.265550000	-116.535580000	3768.4		
T	46.265020000	-116.535600000	3773.0		
T	46.264070000	-116.535530000	3779.5		
T	46.263100000	-116.535370000	3786.1		
T	46.256230000	-116.535370000	3773.0		
T	46.256310000	-116.533700000	3747.1		
T	46.256270000	-116.532820000	3728.3		
T	46.256430000	-116.532000000	3711.0		
T	46.256460000	-116.530700000	3681.4		
T	46.256530000	-116.530230000	3667.3		
T	46.256620000	-116.530000000	3661.6		
T	46.256740000	-116.529800000	3658.0		
T	46.256740000	-116.529790000	3657.9		
T	46.257430000	-116.528840000	3651.1		
T	46.257810000	-116.528500000	3643.1		
T	46.257980000	-116.528230000	3636.3		
T	46.258050000	-116.527950000	3629.4		
T	46.258080000	-116.527730000	3628.6		
T	46.258060000	-116.527560000	3630.5		
T	46.257880000	-116.527200000	3632.5		
T	46.257130000	-116.526280000	3632.4		
T	46.257040000	-116.526240000	3632.0		
T	46.256600000	-116.526190000	3634.3		
T	46.255840000	-116.526000000	3636.9		
T	46.255480000	-116.525790000	3641.4		
T	46.255100000	-116.525470000	3643.6		
T	46.254890000	-116.525200000	3644.2		
T	46.254550000	-116.524520000	3641.0		
T	46.254550000	-116.524500000	3641.2		
T	46.254080000	-116.523580000	3644.4		
T	46.253960000	-116.523250000	3645.3		
T	46.253780000	-116.522490000	3644.8		
T	46.253590000	-116.521940000	3646.2		
T	46.253450000	-116.521400000	3647.6		
T	46.253340000	-116.520150000	3651.8		
T	46.253050000	-116.518440000	3675.9		
T	46.253090000	-116.518180000	3679.7		
T	46.253150000	-116.517960000	3684.4		
T	46.253160000	-116.517720000	3691.6		
T	46.253100000	-116.516840000	3712.3		
T	46.253140000	-116.516440000	3718.1		
T	46.253110000	-116.516060000	3726.4		
T	46.252970000	-116.515590000	3739.2		
T	46.252360000	-116.514180000	3775.3		
T	46.252250000	-116.513810000	3778.9		
T	46.252270000	-116.513670000	3778.8		
T	46.252340000	-116.513510000	3779.6		
T	46.252570000	-116.513280000	3784.1		
T	46.252690000	-116.513080000	3787.7		
T	46.252740000	-116.512860000	3791.1		
T	46.252720000	-116.473270000	3749.7		
T	46.242800000	-116.473260000	3757.0		
T	46.242790000	-116.472940000	3756.5		
T	46.242830000	-116.472840000	3757.7		
T	46.242840000	-116.470940000	3758.7		
T	46.242980000	-116.470620000	3762.0		
T	46.240160000	-116.465400000	3738.3		
T	46.239810000	-116.464940000	3737.3		
T	46.239520000	-116.464630000	3734.9		
T	46.239270000	-116.464410000	3733.9		
T	46.239010000	-116.464230000	3731.2		
T	46.238510000	-116.464000000	3725.9		
T	46.238300000	-116.463950000	3724.7		
T	46.237980000	-116.463920000	3723.3		
T	46.237550000	-116.463950000	3722.0		
T	46.234660000	-116.464570000	3719.0		
T	46.234550000	-116.464250000	3719.9		
T	46.234440000	-116.464060000	3721.3		
T	46.231860000	-116.462010000	3688.6		
T	46.230850000	-116.461110000	3699.0		
T	46.230690000	-116.460540000	3696.4		
T	46.230590000	-116.460050000	3693.1		
T	46.229320000	-116.447900000	3656.0		
T	46.229120000	-116.446760000	3653.1		
T	46.228650000	-116.445010000	3647.2		
T	46.228030000	-116.443430000	3642.8		
T	46.227620000	-116.442610000	3642.0		
T	46.227150000	-116.441810000	3642.9		
T	46.226420000	-116.440780000	3634.8		
T	46.225900000	-116.440180000	3631.5		
T	46.225320000	-116.439620000	3627.2		
T	46.222150000	-116.436990000	3599.6		
T	46.222140000	-116.436990000	3599.6		
T	46.221410000	-116.436370000	3602.9		
T	46.221140000	-116.436100000	3597.2		
T	46.220690000	-116.435570000	3581.6		
T	46.220370000	-116.435110000	3580.2		
T	46.219990000	-116.434410000	3576.1		
T	46.219600000	-116.433530000	3577.1		
T	46.219300000	-116.432530000	3578.4		
T	46.218760000	-116.430140000	3560.1		
T	46.218420000	-116.429270000	3558.6		
T	46.218210000	-116.428860000	3556.5		
T	46.217940000	-116.428450000	3552.6		
T	46.217660000	-116.428090000	3545.7		
T	46.217320000	-116.427760000	3542.5		
T	46.216840000	-116.427430000	3553.3		
T	46.216330000	-116.427200000	3551.6		
T	46.216050000	-116.427120000	3551.0		
T	46.214230000	-116.426790000	3579.4		
T	46.213590000	-116.426520000	3580.5		
T	46.213090000	-116.426200000	3585.0		
T	46.212710000	-116.425880000	3588.7		
T	46.210570000	-116.423770000	3561.4		
T	46.208880000	-116.422210000	3594.1		
T	46.208870000	-116.422190000	3594.3		
T	46.205960000	-116.419390000	3559.9		
T	46.205740000	-116.419230000	3526.4		
T	46.205520000	-116.419130000	3474.1		
T	46.205380000	-116.419090000	3449.0		
T	46.205320000	-116.419060000	3450.7		
T	46.205220000	-116.418970000	3459.0		
T	46.205220000	-116.418960000	3459.3		
T	46.205090000	-116.418830000	3482.7		
T	46.205080000	-116.418810000	3485.7		
T	46.204830000	-116.418590000	3535.9		
T	46.204410000	-116.418310000	3583.0		
T	46.203100000	-116.417590000	3605.6		
T	46.202620000	-116.417210000	3593.3		
T	46.202210000	-116.416750000	3579.9		
T	46.197640000	-116.410950000	3570.9		
T	46.197430000	-116.410640000	3570.5		
T	46.197140000	-116.410080000	3555.0		
T	46.196730000	-116.408890000	3523.8		
T	46.196600000	-116.408400000	3553.6		
T	46.196530000	-116.408000000	3564.6		
T	46.196150000	-116.403920000	3571.2		
T	46.196050000	-116.403440000	3567.6		
T	46.195900000	-116.402940000	3557.4		
T	46.195670000	-116.402440000	3511.9		
T	46.195670000	-116.402430000	3511.0		
T	46.195050000	-116.401310000	3553.2		
T	46.194660000	-116.400840000	3576.0		
T	46.194410000	-116.400610000	3582.8		
T	46.193940000	-116.400310000	3580.4		
T	46.193610000	-116.400180000	3570.2		
T	46.193160000	-116.400090000	3550.4		
T	46.192350000	-116.400080000	3492.0		
T	46.190920000	-116.399860000	3293.5		
T	46.190920000	-116.399850000	3293.8		
T	46.189210000	-116.399590000	3531.0		
T	46.187900000	-116.399590000	3443.8		
T	46.187890000	-116.399870000	3484.1		
T	46.187850000	-116.399970000	3492.2		
T	46.187840000	-116.399980000	3492.3		
T	46.187820000	-116.400030000	3496.6		
T	46.187730000	-116.400170000	3505.2		
T	46.187530000	-116.400400000	3507.6		
T	46.187190000	-116.400700000	3513.6		
T	46.186930000	-116.400870000	3512.0		
T	46.186630000	-116.400970000	3509.1		
T	46.186470000	-116.400960000	3497.6		
T	46.186330000	-116.400900000	3474.3		
T	46.186210000	-116.400820000	3445.9		
T	46.186090000	-116.400700000	3414.5		
T	46.185880000	-116.400590000	3421.8		
T	46.185860000	-116.400590000	3425.9		
T	46.185710000	-116.400520000	3448.0		
T	46.185520000	-116.400310000	3452.1		
T	46.185430000	-116.400180000	3447.2		
T	46.184860000	-116.399520000	3456.6		
T	46.183620000	-116.398800000	3454.3		
T	46.183240000	-116.398470000	3456.5		
T	46.182920000	-116.398070000	3455.1		
T	46.182510000	-116.397470000	3470.5		
T	46.182160000	-116.397140000	3474.6		
T	46.181980000	-116.397050000	3474.8		
T	46.181560000	-116.396950000	3474.7		
T	46.181030000	-116.396880000	3483.3		
T	46.180790000	-116.396880000	3487.8		
T	46.180510000	-116.396940000	3491.5		
T	46.180310000	-116.397020000	3496.8		
T	46.179990000	-116.397250000	3506.2		
T	46.179690000	-116.397550000	3506.2		
T	46.179530000	-116.397760000	3507.0		
T	46.179110000	-116.398460000	3521.1		
T	46.178890000	-116.398720000	3527.5		
T	46.178490000	-116.399120000	3532.6		
T	46.178190000	-116.399340000	3545.1		
T	46.178010000	-116.399400000	3546.3		
T	46.178000000	-116.399410000	3546.1		
T	46.177650000	-116.399530000	3545.1		
T	46.177190000	-116.399630000	3556.0		
T	46.177020000	-116.399640000	3561.1		
T	46.176750000	-116.399610000	3565.7		
T	46.176200000	-116.399450000	3567.4		
T	46.175880000	-116.399460000	3567.8		
T	46.175870000	-116.399470000	3567.5		
T	46.175370000	-116.399540000	3573.1		
T	46.174820000	-116.399720000	3573.9		
T	46.174800000	-116.399720000	3574.0		
T	46.174700000	-116.399750000	3574.3		
T	46.173980000	-116.400180000	3584.9		
T	46.173600000	-116.400460000	3589.2		
T	46.173280000	-116.400790000	3596.7		
T	46.172460000	-116.401970000	3615.1		
T	46.172300000	-116.402130000	3621.7		
T	46.172140000	-116.402240000	3624.3		
T	46.171780000	-116.402360000	3625.8		
T	46.171480000	-116.402360000	3630.4		
T	46.168920000	-116.401800000	3666.3		
T	46.168310000	-116.401790000	3668.9		
T	46.167940000	-116.401840000	3670.4		
T	46.167430000	-116.401970000	3685.2		
T	46.167030000	-116.402140000	3688.2		
T	46.166340000	-116.402330000	3703.7		
T	46.165990000	-116.402370000	3710.8		
T	46.165510000	-116.402370000	3718.2		
T	46.154940000	-116.399530000	3789.0		
T	46.154270000	-116.399270000	3792.7		
T	46.153990000	-116.399080000	3794.7		
T	46.153630000	-116.398690000	3793.2		
T	46.153280000	-116.398170000	3783.9		
T	46.152860000	-116.397290000	3774.6		
T	46.152430000	-116.395970000	3761.5		
T	46.152430000	-116.389240000	3722.4		
T	46.152360000	-116.388750000	3720.8		
T	46.152170000	-116.388270000	3719.0		
T	46.152070000	-116.388090000	3717.9		
T	46.152050000	-116.388070000	3717.7		
T	46.150930000	-116.386210000	3701.9		
T	46.150930000	-116.386200000	3701.9		
T	46.150870000	-116.386060000	3701.1		
T	46.150750000	-116.385580000	3698.5		
T	46.150930000	-116.383540000	3692.2		
T	46.150940000	-116.354230000	3548.1		
T	46.150890000	-116.353860000	3552.1		
T	46.150780000	-116.353600000	3556.0		
T	46.150580000	-116.353350000	3559.9		
T	46.150410000	-116.353250000	3561.7		
T	46.150410000	-116.353240000	3561.8		
T	46.149950000	-116.353210000	3562.0		
T	46.146960000	-116.353250000	3541.2		
T	46.146620000	-116.353180000	3539.9		
T	46.146240000	-116.353030000	3536.0		
T	46.145940000	-116.352870000	3529.0		
T	46.143100000	-116.350900000	3473.6		
T	46.142810000	-116.350590000	3468.0		
T	46.142610000	-116.350210000	3458.9		
T	46.142420000	-116.349640000	3452.2		
T	46.142190000	-116.348620000	3437.4		
T	46.142090000	-116.348310000	3432.0		
T	46.142000000	-116.347690000	3417.2		
T	46.141950000	-116.345790000	3389.4		
T	46.141990000	-116.345480000	3384.4		
T	46.142680000	-116.342190000	3389.4		
T	46.142770000	-116.341510000	3403.6		
T	46.142810000	-116.340630000	3422.2		
T	46.142670000	-116.339120000	3446.6		
T	46.142670000	-116.338630000	3451.9		
T	46.142730000	-116.338260000	3452.2		
T	46.143160000	-116.336640000	3461.8		
T	46.143240000	-116.336060000	3470.4		
T	46.143340000	-116.316770000	3392.0		
T	46.143410000	-116.316620000	3390.9		
T	46.143570000	-116.316420000	3389.2		
T	46.143720000	-116.316380000	3388.3		
T	46.146550000	-116.316400000	3372.2		
T	46.146770000	-116.316380000	3370.9		
T	46.146940000	-116.316270000	3369.5		
T	46.147030000	-116.316010000	3368.4		
T	46.147160000	-116.295950000	3397.3		
T	46.147240000	-116.295810000	3397.1		
T	46.147240000	-116.295800000	3397.2		
T	46.147310000	-116.295720000	3396.7		
T	46.147430000	-116.295650000	3395.0		
T	46.150550000	-116.295730000	3394.5		
T	46.150700000	-116.295590000	3396.2		
T	46.150820000	-116.295430000	3397.6		
T	46.150860000	-116.295250000	3399.2		
T	46.150760000	-116.264830000	3271.9		
T	46.150670000	-116.264620000	3270.7		
T	46.150600000	-116.264520000	3269.7		
T	46.150430000	-116.264370000	3266.6		
T	46.139830000	-116.264370000	3292.0		
T	46.139820000	-116.261710000	3276.1		
T	46.139830000	-116.261670000	3275.5		
T	46.139770000	-116.243300000	3161.8		
T	46.139560000	-116.243280000	3161.0		
T	46.136530000	-116.243280000	3198.8		
T	46.136350000	-116.243230000	3202.3		
T	46.136250000	-116.243110000	3203.5		
T	46.136170000	-116.242950000	3202.2		
T	46.136140000	-116.242650000	3196.0		
T	46.136010000	-116.199880000	3081.0		
T	46.136040000	-116.199160000	3099.1		
T	46.136090000	-116.198810000	3106.8		
T	46.136240000	-116.198200000	3114.7		
T	46.136550000	-116.197210000	3134.1		
T	46.136710000	-116.196470000	3145.8		
T	46.136770000	-116.195650000	3155.8		
T	46.136750000	-116.194610000	3172.4		
T	46.135900000	-116.187480000	3150.1		
T	46.135840000	-116.186070000	3130.0		
T	46.135750000	-116.158410000	3048.9		
T	46.135710000	-116.157930000	3053.2		
T	46.135630000	-116.157530000	3055.1		
T	46.135460000	-116.157090000	3054.9		
T	46.135290000	-116.156800000	3053.1		
T	46.132580000	-116.153360000	3007.5		
T	46.132370000	-116.152980000	3008.3		
T	46.132130000	-116.152260000	3010.7		
T	46.132050000	-116.151630000	3017.7		
T	46.132060000	-116.130620000	3096.5		
T	46.132090000	-116.130350000	3096.8		
T	46.132160000	-116.130070000	3097.7		
T	46.132300000	-116.129690000	3099.9		
T	46.132550000	-116.129250000	3104.9		
T	46.133350000	-116.128110000	3122.6		
T	46.133510000	-116.127790000	3127.9		
T	46.133580000	-116.127540000	3128.9		
T	46.133630000	-116.127240000	3130.8		
T	46.133620000	-116.126880000	3134.4		
T	46.133550000	-116.126540000	3138.5		
T	46.133420000	-116.126220000	3141.6		
T	46.131820000	-116.124120000	3181.4		
T	46.131590000	-116.123690000	3186.8		
T	46.131410000	-116.123070000	3193.6		
T	46.131360000	-116.122550000	3198.4		
T	46.131490000	-116.117410000	3120.7		
T	46.131420000	-116.116830000	3114.0		
T	46.130210000	-116.111160000	3033.9		
T	46.130020000	-116.110560000	3027.9		
T	46.128670000	-116.107310000	2993.3		
T	46.128510000	-116.106830000	2985.4		
T	46.128410000	-116.106220000	2971.1		
T	46.128330000	-116.102440000	2922.1		
T	46.128320000	-116.102420000	2921.7		
T	46.128190000	-116.100980000	2909.8		
T	46.127820000	-116.098930000	2881.2		
T	46.127800000	-116.098410000	2875.0		
T	46.127830000	-116.098000000	2870.5		
T	46.127920000	-116.097530000	2863.8		
T	46.128050000	-116.097110000	2856.7		
T	46.128250000	-116.096700000	2852.8		
T	46.128440000	-116.096420000	2849.5		
T	46.128380000	-116.096130000	2845.6		
T	46.128400000	-116.094980000	2831.5		
T	46.128340000	-116.093950000	2832.5		
T	46.128330000	-116.092730000	2839.7		
T	46.128370000	-116.092420000	2840.2		
T	46.128470000	-116.091990000	2840.1		
T	46.128620000	-116.091570000	2847.2		
T	46.129410000	-116.090140000	2881.7		
T	46.129570000	-116.089610000	2881.1		
T	46.129700000	-116.088800000	2883.2		
T	46.129710000	-116.087130000	2896.7		
T	46.129630000	-116.086310000	2897.4		
T	46.129610000	-116.085590000	2896.8		
T	46.129650000	-116.085130000	2896.7		
T	46.129730000	-116.084740000	2896.8		
T	46.129870000	-116.084280000	2897.0		
T	46.131560000	-116.079700000	2891.2		
T	46.131820000	-116.079100000	2896.1		
T	46.132140000	-116.078550000	2899.1		
T	46.136700000	-116.071760000	2863.6		
T	46.136880000	-116.071380000	2858.9		
T	46.137030000	-116.070730000	2853.7		
T	46.137430000	-116.066840000	2857.0		
T	46.137490000	-116.066530000	2858.3		
T	46.137680000	-116.065960000	2862.5		
T	46.137900000	-116.065460000	2865.0		
T	46.138220000	-116.064960000	2870.3		
T	46.139600000	-116.062510000	2843.9		
T	46.140210000	-116.061190000	2832.4		
T	46.141570000	-116.057760000	2754.9		
T	46.141730000	-116.057190000	2751.9		
T	46.141810000	-116.056750000	2751.3		
T	46.141830000	-116.056510000	2751.3		
T	46.141810000	-116.055120000	2756.0		
T	46.141840000	-116.054880000	2756.5		
T	46.141990000	-116.054310000	2755.7		
T	46.142110000	-116.054060000	2755.0		
T	46.142340000	-116.053720000	2755.5		
T	46.142700000	-116.053400000	2756.8		
T	46.142700000	-116.053390000	2756.7		
T	46.143010000	-116.053150000	2757.5		
T	46.143260000	-116.052910000	2760.1		
T	46.143530000	-116.052440000	2770.7		
T	46.143910000	-116.051480000	2779.9		
T	46.144020000	-116.051010000	2782.9		
T	46.144670000	-116.046750000	2811.6		
T	46.145750000	-116.042920000	2820.9		
T	46.145920000	-116.041340000	2834.0		
T	46.145900000	-116.040530000	2835.3		
T	46.145630000	-116.039760000	2832.9		
T	46.145060000	-116.038380000	2828.5		
T	46.144740000	-116.037870000	2828.4		
T	46.144020000	-116.036910000	2828.1		
T	46.143630000	-116.036510000	2827.6		
T	46.142480000	-116.035630000	2829.9		
T	46.142150000	-116.035320000	2832.4		
T	46.141820000	-116.034720000	2836.1		
T	46.141790000	-116.034500000	2837.5		
T	46.141830000	-116.033670000	2838.9		
T	46.141820000	-116.033010000	2839.9		
T	46.141670000	-116.031840000	2843.7		
T	46.141340000	-116.030420000	2870.1		
T	46.141030000	-116.029650000	2872.1		
T	46.140760000	-116.029400000	2870.0		
T	46.140310000	-116.029200000	2863.0		
T	46.139640000	-116.028810000	2846.4		
T	46.139470000	-116.028640000	2840.2		
T	46.139290000	-116.028410000	2833.5		
T	46.139020000	-116.027910000	2823.4		
T	46.138740000	-116.026590000	2815.4		
T	46.138590000	-116.025580000	2795.1		
T	46.138430000	-116.025050000	2785.6		
T	46.138410000	-116.024050000	2781.4		
T	46.138440000	-116.023300000	2767.5		
T	46.138390000	-116.022990000	2761.6		
T	46.138220000	-116.022600000	2757.1		
T	46.138130000	-116.022490000	2754.3		
T	46.138000000	-116.022250000	2752.5		
T	46.137420000	-116.020900000	2757.3		
T	46.137420000	-116.020890000	2757.6		
T	46.137180000	-116.020480000	2747.2		
T	46.137040000	-116.019830000	2745.9		
T	46.137010000	-116.019560000	2745.1		
T	46.137020000	-116.019260000	2741.5		
T	46.137060000	-116.019040000	2732.9		
T	46.137200000	-116.018630000	2733.7		
T	46.137180000	-116.018230000	2714.5		
T	46.137210000	-116.018100000	2713.3		
T	46.137410000	-116.017770000	2719.1		
T	46.137480000	-116.017510000	2716.7		
T	46.137480000	-116.017360000	2714.0		
T	46.137350000	-116.016680000	2694.2		
T	46.137250000	-116.016430000	2683.2		
T	46.137040000	-116.016070000	2671.0		
T	46.136940000	-116.015960000	2666.3		
T	46.136800000	-116.015650000	2662.1		
T	46.136560000	-116.014600000	2647.6		
T	46.136270000	-116.013760000	2633.7		
T	46.136140000	-116.013480000	2630.7		
T	46.136120000	-116.013460000	2630.2		
T	46.136020000	-116.013410000	2626.1		
T	46.135760000	-116.013380000	2612.6		
T	46.135400000	-116.013290000	2593.1		
T	46.135100000	-116.013050000	2581.1		
T	46.134700000	-116.012570000	2573.3		
T	46.134470000	-116.012380000	2566.2		
T	46.134220000	-116.012240000	2555.4		
T	46.133680000	-116.012140000	2541.4		
T	46.133240000	-116.012210000	2526.1		
T	46.133020000	-116.012190000	2519.1		
T	46.132770000	-116.012100000	2513.2		
T	46.132740000	-116.012100000	2511.4		
T	46.132100000	-116.011710000	2495.3		
T	46.131560000	-116.011320000	2473.9		
T	46.131160000	-116.010950000	2459.0		
T	46.130450000	-116.010170000	2434.2		
T	46.130330000	-116.009980000	2428.9		
T	46.129980000	-116.009270000	2413.8		
T	46.129780000	-116.009020000	2403.1		
T	46.129640000	-116.008890000	2395.5		
T	46.129400000	-116.008590000	2382.9		
T	46.129320000	-116.008360000	2384.4		
T	46.128940000	-116.007530000	2370.5		
T	46.128770000	-116.007270000	2363.4		
T	46.128200000	-116.006790000	2339.4		
T	46.127960000	-116.006650000	2329.7		
T	46.127750000	-116.006430000	2325.3		
T	46.127580000	-116.006150000	2322.9		
T	46.127390000	-116.005910000	2315.9		
T	46.127220000	-116.005800000	2305.3		
T	46.126930000	-116.005660000	2285.3		
T	46.126800000	-116.005530000	2283.7		
T	46.126640000	-116.005300000	2284.7		
T	46.126500000	-116.005020000	2283.2		
T	46.126340000	-116.004010000	2267.1		
T	46.126220000	-116.003750000	2252.6		
T	46.125830000	-116.003190000	2232.2		
T	46.125740000	-116.003020000	2232.7		
T	46.125620000	-116.002850000	2232.1		
T	46.125170000	-116.002550000	2209.7		
T	46.125020000	-116.002360000	2210.4		
T	46.124920000	-116.002300000	2199.8		
T	46.124830000	-116.002020000	2205.5		
T	46.124710000	-116.000720000	2186.1		
T	46.124540000	-116.000140000	2169.2		
T	46.124410000	-115.999880000	2164.3		
T	46.124320000	-115.999640000	2161.4		
T	46.124180000	-115.998380000	2139.8		
T	46.124180000	-115.997590000	2126.1		
T	46.124360000	-115.996650000	2108.1		
T	46.124560000	-115.996100000	2089.3		
T	46.124920000	-115.995580000	2072.3		
T	46.124930000	-115.995580000	2073.2		
T	46.125200000	-115.995220000	2061.7		
T	46.125620000	-115.995000000	2050.1		
T	46.126540000	-115.994660000	2022.4		
T	46.126740000	-115.994670000	2012.9		
T	46.126900000	-115.994560000	2007.1		
T	46.126880000	-115.994250000	1999.4		
T	46.126720000	-115.993310000	1981.4		
T	46.126660000	-115.992740000	1969.7		
T	46.126640000	-115.991900000	1952.0		
T	46.126670000	-115.991610000	1944.1		
T	46.126880000	-115.991320000	1935.2		
T	46.128220000	-115.990940000	1899.5		
T	46.128400000	-115.990920000	1893.4		
T	46.128930000	-115.990960000	1875.0		
T	46.129150000	-115.990900000	1868.5		
T	46.129480000	-115.990700000	1853.7		
T	46.129590000	-115.990680000	1850.3		
T	46.129690000	-115.990680000	1846.6		
T	46.129880000	-115.990720000	1841.0		
T	46.130530000	-115.990760000	1816.2		
T	46.130680000	-115.990810000	1810.2		
T	46.130880000	-115.990970000	1799.8		
T	46.131060000	-115.991170000	1791.1		
T	46.131540000	-115.992070000	1762.9		
T	46.131590000	-115.992400000	1756.3		
T	46.131640000	-115.992590000	1751.6		
T	46.131680000	-115.992670000	1749.3		
T	46.131730000	-115.992720000	1745.7		
T	46.131770000	-115.992740000	1744.8		
T	46.131820000	-115.992740000	1744.5		
T	46.131880000	-115.992680000	1745.4		
T	46.132430000	-115.991280000	1725.3		
T	46.133040000	-115.990330000	1703.5		
T	46.134560000	-115.988640000	1647.6		
T	46.134620000	-115.988510000	1645.1		
T	46.134750000	-115.987930000	1631.6		
T	46.134760000	-115.987730000	1627.7		
T	46.134690000	-115.987320000	1621.4		
T	46.134710000	-115.987100000	1616.0		
T	46.134840000	-115.986780000	1607.2		
T	46.134950000	-115.986640000	1604.4		
T	46.135000000	-115.986500000	1601.9		
T	46.135010000	-115.986230000	1596.1		
T	46.134950000	-115.985680000	1584.3		
T	46.134960000	-115.985400000	1578.7		
T	46.135020000	-115.985090000	1570.5		
T	46.135160000	-115.984650000	1560.6		
T	46.135420000	-115.984060000	1547.0		
T	46.135510000	-115.983910000	1543.0		
T	46.135590000	-115.983820000	1539.9		
T	46.135680000	-115.983750000	1537.4		
T	46.135810000	-115.983710000	1534.9		
T	46.135920000	-115.983700000	1532.0		
T	46.136020000	-115.983710000	1527.9		
T	46.136270000	-115.983830000	1519.9		
T	46.136510000	-115.983990000	1512.7		
T	46.136910000	-115.984340000	1500.4		
T	46.137240000	-115.984780000	1486.1		
T	46.137640000	-115.985020000	1471.7		
T	46.137720000	-115.985110000	1468.3		
T	46.137820000	-115.985260000	1461.9		
T	46.137920000	-115.985500000	1456.6		
T	46.138100000	-115.986620000	1428.3		
T	46.138150000	-115.986700000	1425.7		
T	46.138180000	-115.986710000	1424.7		
T	46.138180000	-115.986720000	1424.8		
T	46.138260000	-115.986750000	1423.1		
T	46.138390000	-115.986670000	1419.0		
T	46.138500000	-115.986550000	1415.3		
T	46.138610000	-115.986360000	1411.4		
T	46.138610000	-115.986350000	1410.9		
T	46.138740000	-115.986120000	1406.1		
T	46.138860000	-115.985980000	1400.1		
T	46.139090000	-115.985980000	1403.4		
T	46.139400000	-115.985820000	1393.1		
T	46.139680000	-115.985470000	1377.5		
T	46.139730000	-115.985380000	1373.0		
T	46.139980000	-115.985260000	1360.3		
T	46.140210000	-115.985210000	1352.9		
T	46.140350000	-115.985110000	1347.3		
T	46.140370000	-115.985070000	1345.6		
T	46.140360000	-115.985010000	1343.0		
T	46.140330000	-115.984940000	1339.7		
T	46.140140000	-115.984830000	1330.8		
T	46.139960000	-115.984790000	1323.6		
T	46.139650000	-115.984800000	1318.1		
T	46.139600000	-115.984790000	1316.4		
T	46.139430000	-115.984720000	1312.0		
T	46.138760000	-115.984100000	1287.0		
T	46.138140000	-115.983010000	1258.3		
T	46.138190000	-115.982640000	1256.2		
T	46.138170000	-115.982530000	1255.9		
T	46.138200000	-115.981940000	1253.1		
T	46.138310000	-115.981660000	1252.6		
T	46.138340000	-115.981630000	1252.5		
T	46.138380000	-115.981610000	1252.3		
T	46.138500000	-115.981590000	1252.4		
T	46.141080000	-115.981720000	1248.6		
T	46.141160000	-115.981710000	1249.0		
T	46.141190000	-115.981690000	1249.3		
T	46.141230000	-115.981620000	1250.1		
T	46.141260000	-115.981460000	1252.2		
T	46.141410000	-115.979520000	1247.9		
T	46.142660000	-115.979610000	1250.4		
T	46.142690000	-115.979050000	1256.7		
T	46.143090000	-115.979040000	1260.8		
T	46.143560000	-115.978940000	1266.2		
T	46.143740000	-115.978870000	1268.2		
T	46.144460000	-115.978430000	1277.0		
T	46.144620000	-115.978390000	1277.9		
T	46.145070000	-115.978410000	1275.9		
T	46.145530000	-115.978550000	1267.3		
T	46.145640000	-115.978600000	1265.3		
T	46.145790000	-115.978700000	1263.7		
T	46.145930000	-115.978850000	1256.7		
T	46.148450000	-115.982060000	1254.9		
T	46.150180000	-115.977480000	1257.7		
T	46.149930000	-115.977210000	1251.3		
T	46.149390000	-115.976710000	1248.4		
T	46.149280000	-115.976560000	1248.2		
T	46.149300000	-115.976420000	1248.0		
T	46.149310000	-115.976410000	1248.0		
T	46.149470000	-115.976070000	1248.7		
T	46.149720000	-115.975200000	1249.0		
T	46.149470000	-115.976070000	1248.7		
T	46.149310000	-115.976410000	1248.0		
T	46.149300000	-115.976420000	1248.0		
T	46.149280000	-115.976560000	1248.2		
T	46.149390000	-115.976710000	1248.4		
T	46.149930000	-115.977210000	1251.3		
T	46.150180000	-115.977480000	1257.7		
T	46.150410000	-115.976670000	1258.9		
T	46.150490000	-115.976200000	1259.3		
T	46.150540000	-115.975600000	1260.9		
T	46.150540000	-115.975070000	1261.3		
T	46.150490000	-115.974460000	1263.0		
T	46.150310000	-115.973550000	1263.6		
T	46.150020000	-115.972530000	1263.2		
T	46.150000000	-115.972490000	1263.1		
T	46.149610000	-115.971040000	1260.9		
T	46.149290000	-115.969280000	1259.1		
T	46.149000000	-115.968000000	1258.4		
T	46.148660000	-115.967150000	1259.1		
T	46.148660000	-115.967140000	1259.2		
T	46.148390000	-115.966620000	1260.6		
T	46.147920000	-115.965950000	1262.5		
T	46.147590000	-115.965570000	1263.8		
T	46.146910000	-115.964970000	1266.6		
T	46.146900000	-115.964970000	1266.6		
T	46.146560000	-115.964730000	1267.3		
T	46.146210000	-115.964560000	1267.8		
T	46.145540000	-115.964350000	1268.0		
T	46.145180000	-115.964280000	1268.5		
T	46.144460000	-115.964220000	1268.9		
T	46.140380000	-115.964300000	1265.3		
T	46.140070000	-115.964250000	1264.1		
T	46.139850000	-115.964190000	1262.7		
T	46.139380000	-115.963990000	1260.2		
T	46.138960000	-115.963750000	1260.2		
T	46.138490000	-115.963350000	1260.9		
T	46.137590000	-115.962350000	1265.6		
T	46.136960000	-115.961420000	1265.4		
T	46.136550000	-115.960690000	1266.1		
T	46.136300000	-115.960110000	1266.9		
T	46.136190000	-115.959750000	1268.2		
T	46.136000000	-115.958750000	1270.1		
T	46.135730000	-115.953050000	1278.3		
T	46.135480000	-115.949720000	1271.7		
T	46.135490000	-115.949360000	1270.6		
T	46.135500000	-115.949340000	1271.0		
T	46.135540000	-115.948990000	1270.2		
T	46.135760000	-115.948330000	1270.3		
T	46.136230000	-115.947310000	1272.6		
T	46.137190000	-115.944520000	1281.6		
T	46.137190000	-115.944500000	1281.0		
T	46.137560000	-115.943630000	1278.5		
T	46.138040000	-115.942860000	1273.8		
T	46.138310000	-115.942530000	1273.9		
T	46.138320000	-115.942530000	1274.2		
T	46.138460000	-115.942370000	1273.8		
T	46.138730000	-115.942120000	1274.3		
T	46.139420000	-115.941660000	1279.6		
T	46.139640000	-115.941560000	1279.2		
T	46.140110000	-115.941420000	1282.0		
T	46.140650000	-115.941400000	1280.7		
T	46.141020000	-115.941440000	1284.1		
T	46.141860000	-115.941660000	1281.9		
T	46.142020000	-115.941680000	1281.1		
T	46.142480000	-115.941680000	1278.8		
T	46.144730000	-115.941530000	1302.1		
T	46.145330000	-115.941430000	1305.0		
T	46.145690000	-115.941320000	1307.6		
T	46.145830000	-115.941250000	1309.1		
T	46.145830000	-115.941240000	1308.3		
T	46.146470000	-115.940870000	1312.5		
T	46.147070000	-115.940400000	1309.0		
T	46.147260000	-115.940210000	1307.0		
T	46.147810000	-115.939540000	1299.4		
T	46.147830000	-115.939530000	1300.5		
T	46.147940000	-115.939370000	1299.4		
T	46.148650000	-115.938570000	1294.6		
T	46.149190000	-115.938130000	1292.0		
T	46.149390000	-115.938000000	1291.0		
T	46.149810000	-115.937820000	1289.1		
T	46.150540000	-115.937600000	1288.2		
T	46.150910000	-115.937430000	1290.2		
T	46.151260000	-115.937200000	1291.7		
T	46.151590000	-115.936930000	1292.0		
T	46.151740000	-115.936760000	1291.9		
T	46.151840000	-115.936610000	1292.7		
T	46.152000000	-115.936300000	1293.7		
T	46.152280000	-115.935570000	1295.1		
T	46.152390000	-115.935120000	1296.8		
T	46.152450000	-115.934450000	1296.9		
T	46.152440000	-115.933850000	1295.9		
T	46.152380000	-115.933330000	1298.1		
T	46.152220000	-115.932550000	1300.2		
T	46.151950000	-115.931640000	1301.3		
T	46.151170000	-115.930000000	1309.9		
T	46.150170000	-115.927610000	1306.0		
T	46.149910000	-115.926860000	1299.6		
T	46.149680000	-115.925910000	1294.1		
T	46.149580000	-115.925210000	1291.7		
T	46.149550000	-115.923770000	1290.2		
T	46.149590000	-115.922970000	1294.3		
T	46.149690000	-115.922340000	1294.4		
T	46.150140000	-115.920310000	1302.9		
T	46.150370000	-115.919480000	1304.8		
T	46.151020000	-115.917520000	1300.5		
T	46.151830000	-115.914360000	1293.4		
T	46.151840000	-115.914360000	1293.8		
T	46.152960000	-115.909890000	1295.0		
T	46.153080000	-115.909210000	1295.3		
T	46.153140000	-115.908510000	1296.4		
T	46.153110000	-115.906630000	1297.8		
T	46.153040000	-115.905830000	1300.6		
T	46.152900000	-115.905130000	1301.7		
T	46.152750000	-115.904660000	1301.3		
T	46.152480000	-115.904080000	1301.5		
T	46.152170000	-115.903600000	1302.1		
T	46.150490000	-115.901700000	1299.0		
T	46.147060000	-115.898430000	1303.3		
T	46.146520000	-115.897820000	1305.4		
T	46.144750000	-115.895360000	1305.9		
T	46.144490000	-115.894890000	1307.6		
T	46.143550000	-115.892010000	1304.2		
T	46.142880000	-115.888230000	1306.5		
T	46.142540000	-115.885810000	1309.0		
T	46.142460000	-115.884840000	1310.3		
T	46.142520000	-115.883150000	1308.1		
T	46.142500000	-115.881480000	1312.3		
T	46.142440000	-115.880640000	1319.0		
T	46.142320000	-115.879870000	1319.7		
T	46.140670000	-115.871920000	1312.2		
T	46.140470000	-115.870430000	1311.4		
T	46.140450000	-115.869450000	1311.9		
T	46.140900000	-115.864510000	1319.6		
T	46.141020000	-115.863830000	1317.8		
T	46.141940000	-115.860560000	1312.2		
T	46.142130000	-115.859580000	1313.8		
T	46.142260000	-115.858400000	1313.6		
T	46.142280000	-115.857620000	1314.6		
T	46.142190000	-115.855220000	1320.8		
T	46.141650000	-115.851050000	1321.8		
T	46.141600000	-115.850270000	1319.6		
T	46.141660000	-115.849530000	1317.3		
T	46.141790000	-115.848910000	1317.1		
T	46.142090000	-115.847940000	1317.5		
T	46.142820000	-115.846250000	1317.7		
T	46.143740000	-115.844390000	1315.1		
T	46.144400000	-115.843400000	1314.4		
T	46.144440000	-115.843360000	1315.7		
T	46.144450000	-115.843330000	1314.9		
T	46.146560000	-115.840300000	1317.5		
T	46.147050000	-115.839730000	1322.9		
T	46.147670000	-115.839130000	1325.4		
T	46.148010000	-115.838600000	1326.6		
T	46.148160000	-115.838220000	1325.1		
T	46.148230000	-115.837960000	1324.9		
T	46.148700000	-115.835440000	1323.2		
T	46.148960000	-115.834520000	1331.5		
T	46.149030000	-115.834140000	1333.4		
T	46.149070000	-115.833720000	1332.8		
T	46.149060000	-115.833230000	1332.7		
T	46.148990000	-115.832580000	1332.2		
T	46.148860000	-115.831860000	1331.0		
T	46.148850000	-115.831850000	1330.5		
T	46.147000000	-115.825530000	1334.2		
T	46.146760000	-115.824550000	1333.4		
T	46.146240000	-115.821620000	1335.4		
T	46.145710000	-115.816210000	1336.4		
T	46.145520000	-115.815350000	1340.8		
T	46.145140000	-115.814270000	1345.0		
T	46.144650000	-115.813300000	1347.0		
T	46.144140000	-115.812510000	1348.8		
T	46.143610000	-115.811850000	1345.9		
T	46.142640000	-115.810810000	1347.3		
T	46.142350000	-115.810440000	1347.7		
T	46.141760000	-115.809420000	1350.8		
T	46.137100000	-115.798270000	1356.6		
T	46.136700000	-115.797060000	1355.9		
T	46.136090000	-115.794810000	1356.4		
T	46.135730000	-115.793960000	1367.9		
T	46.135040000	-115.792720000	1385.3		
T	46.135040000	-115.792710000	1385.6		
T	46.134120000	-115.791310000	1402.0		
T	46.133050000	-115.790020000	1384.9		
T	46.133040000	-115.790020000	1384.7		
T	46.132770000	-115.789710000	1385.2		
T	46.132140000	-115.789110000	1395.2		
T	46.131330000	-115.788460000	1391.0		
T	46.130320000	-115.787830000	1366.2		
T	46.129600000	-115.787490000	1359.4		
T	46.126750000	-115.786440000	1361.4		
T	46.125590000	-115.785930000	1362.3		
T	46.124840000	-115.785480000	1362.7		
T	46.123470000	-115.784470000	1367.1		
T	46.121730000	-115.782800000	1372.7		
T	46.121370000	-115.782410000	1372.7		
T	46.121030000	-115.781970000	1371.3		
T	46.120820000	-115.781600000	1369.9		
T	46.120620000	-115.781130000	1368.6		
T	46.120440000	-115.780540000	1366.6		
T	46.120340000	-115.779860000	1368.2		
T	46.120170000	-115.776600000	1366.8		
T	46.120180000	-115.776060000	1362.4		
T	46.120230000	-115.775560000	1362.8		
T	46.120560000	-115.773970000	1365.0		
T	46.120780000	-115.773230000	1362.9		
T	46.121650000	-115.770900000	1362.9		
T	46.122330000	-115.769270000	1371.5		
T	46.122670000	-115.768670000	1364.7		
T	46.123030000	-115.768180000	1365.8		
T	46.130220000	-115.760660000	1375.6		
T	46.131190000	-115.759510000	1376.1		
T	46.133990000	-115.755400000	1395.0		
T	46.134020000	-115.755370000	1395.7		
T	46.134410000	-115.754790000	1386.2		
T	46.135690000	-115.753340000	1389.7		
T	46.135980000	-115.752960000	1388.3		
T	46.136240000	-115.752440000	1383.8		
T	46.136540000	-115.751500000	1385.7		
T	46.136680000	-115.750710000	1392.4		
T	46.136780000	-115.748810000	1394.3		
T	46.136910000	-115.747930000	1393.5		
T	46.137040000	-115.747450000	1392.8		
T	46.137540000	-115.746030000	1390.9		
T	46.137990000	-115.744360000	1395.2		
T	46.138170000	-115.743850000	1395.7		
T	46.138350000	-115.743540000	1395.9		
T	46.138350000	-115.743530000	1395.8		
T	46.138650000	-115.743160000	1399.4		
T	46.139290000	-115.742480000	1420.8		
T	46.139510000	-115.742200000	1422.1		
T	46.139980000	-115.741500000	1417.9		
T	46.139980000	-115.741490000	1417.2		
T	46.140390000	-115.740980000	1417.1		
T	46.141250000	-115.740060000	1418.9		
T	46.141610000	-115.739560000	1418.8		
T	46.142190000	-115.738490000	1416.6		
T	46.142410000	-115.738170000	1417.5		
T	46.142720000	-115.737790000	1416.5		
T	46.143110000	-115.737420000	1416.2		
T	46.143650000	-115.737010000	1414.7		
T	46.146790000	-115.735080000	1418.1		
T	46.146800000	-115.735080000	1418.4		
T	46.147140000	-115.734850000	1417.2		
T	46.147360000	-115.734650000	1412.6		
T	46.147480000	-115.734500000	1403.0		
T	46.148830000	-115.732320000	1407.3		
T	46.149000000	-115.731960000	1409.2		
T	46.149240000	-115.731270000	1406.7		
T	46.150610000	-115.725460000	1404.4		
T	46.150660000	-115.725000000	1406.5		
T	46.150600000	-115.723660000	1409.7		
T	46.150390000	-115.722820000	1412.6		
T	46.150090000	-115.722120000	1410.3		
T	46.149080000	-115.720330000	1417.0		
T	46.147550000	-115.717140000	1425.0		
T	46.147550000	-115.717130000	1425.7		
T	46.145300000	-115.712740000	1414.3		
T	46.144760000	-115.711340000	1413.3		
T	46.144410000	-115.710090000	1415.8		
T	46.143330000	-115.705080000	1421.3		
T	46.143320000	-115.705070000	1420.4		
T	46.142960000	-115.703830000	1417.2		
T	46.142590000	-115.702790000	1413.5		
T	46.141390000	-115.699860000	1418.8		
T	46.140820000	-115.697990000	1420.7		
T	46.140680000	-115.697360000	1419.7		
T	46.140510000	-115.696170000	1418.3		
T	46.140020000	-115.690250000	1425.6		
T	46.139890000	-115.689610000	1426.0		
T	46.139660000	-115.688810000	1426.8		
T	46.139400000	-115.688150000	1423.0		
T	46.138440000	-115.686280000	1426.0		
T	46.138210000	-115.685600000	1422.0		
T	46.138020000	-115.684870000	1421.3		
T	46.138020000	-115.684840000	1422.1		
T	46.137440000	-115.682430000	1426.7		
T	46.137410000	-115.682150000	1427.6		
T	46.137400000	-115.682130000	1426.9		
T	46.137250000	-115.678240000	1432.5		
T	46.137270000	-115.677730000	1434.3		
T	46.137280000	-115.677700000	1435.7		
T	46.138010000	-115.671100000	1435.7		
T	46.138190000	-115.670370000	1435.4		
T	46.138290000	-115.670110000	1433.0		
T	46.138290000	-115.670090000	1432.6		
T	46.138380000	-115.669890000	1434.7		
T	46.138380000	-115.669880000	1434.5		
T	46.138900000	-115.668820000	1437.7		
T	46.139060000	-115.668330000	1441.8		
T	46.139640000	-115.665070000	1471.9		
T	46.139690000	-115.664600000	1474.3		
T	46.139690000	-115.663520000	1468.3		
T	46.139570000	-115.662440000	1467.5		
T	46.139460000	-115.661970000	1462.5		
T	46.139270000	-115.661390000	1458.7		
T	46.139140000	-115.661100000	1455.5		
T	46.139140000	-115.661080000	1456.1		
T	46.138910000	-115.660600000	1453.9		
T	46.138580000	-115.660060000	1451.8		
T	46.138010000	-115.659300000	1449.1		
T	46.137740000	-115.658840000	1450.7		
T	46.137530000	-115.658320000	1453.8		
T	46.137520000	-115.658260000	1454.5		
T	46.137500000	-115.658220000	1453.9		
T	46.137410000	-115.657810000	1452.3		
T	46.137160000	-115.655860000	1462.1		
T	46.137140000	-115.655810000	1461.1		
T	46.137140000	-115.655780000	1461.6		
T	46.136420000	-115.653670000	1452.9		
T	46.136420000	-115.653640000	1453.6		
T	46.136380000	-115.653520000	1453.6		
T	46.135590000	-115.649090000	1468.5		
T	46.135540000	-115.648660000	1467.8		
T	46.135530000	-115.648250000	1469.4		
T	46.135580000	-115.647610000	1469.8		
T	46.136690000	-115.641340000	1476.3		
T	46.136920000	-115.638800000	1471.0		
T	46.137130000	-115.638000000	1478.9		
T	46.138010000	-115.635840000	1477.6		
T	46.138130000	-115.635440000	1475.7		
T	46.138220000	-115.634830000	1483.2		
T	46.138240000	-115.634400000	1481.8		
T	46.138220000	-115.633940000	1480.4		
T	46.137830000	-115.631750000	1478.2		
T	46.137480000	-115.630460000	1475.7		
T	46.137440000	-115.630370000	1472.6		
T	46.137440000	-115.630350000	1473.5		
T	46.136510000	-115.627610000	1469.4		
T	46.136180000	-115.626290000	1475.7		
T	46.135520000	-115.622570000	1461.4		
T	46.134150000	-115.613360000	1464.4		
T	46.134150000	-115.612690000	1466.0		
T	46.134170000	-115.612480000	1466.5		
T	46.134260000	-115.612060000	1470.3		
T	46.134570000	-115.611250000	1465.3		
T	46.137320000	-115.605470000	1469.8		
T	46.138800000	-115.602850000	1488.5		
T	46.139540000	-115.601790000	1490.0		
T	46.139740000	-115.601560000	1491.6		
T	46.139740000	-115.601550000	1489.4		
T	46.140100000	-115.601130000	1488.3		
T	46.140100000	-115.601120000	1486.7		
T	46.141880000	-115.599180000	1467.6		
T	46.142200000	-115.598900000	1467.0		
T	46.142200000	-115.598890000	1466.5		
T	46.142280000	-115.598840000	1467.1		
T	46.142290000	-115.598840000	1467.5		
T	46.142320000	-115.598810000	1466.8		
T	46.142600000	-115.598670000	1466.0		
T	46.142980000	-115.598540000	1468.2		
T	46.144440000	-115.598250000	1474.6		
T	46.144890000	-115.598090000	1476.7		
T	46.145520000	-115.597700000	1477.3		
T	46.145970000	-115.597290000	1475.0		
T	46.146320000	-115.596840000	1474.5		
T	46.146560000	-115.596460000	1470.6		
T	46.147540000	-115.594500000	1470.4		
T	46.147800000	-115.593820000	1469.5		
T	46.147910000	-115.593290000	1473.1		
T	46.148090000	-115.591940000	1474.3		
T	46.148170000	-115.591580000	1473.2		
T	46.148390000	-115.590930000	1474.6		
T	46.148570000	-115.590550000	1475.5		
T	46.150840000	-115.587430000	1473.6		
T	46.151210000	-115.587030000	1475.6		
T	46.151780000	-115.586560000	1478.9		
T	46.154010000	-115.584470000	1502.1		
T	46.154550000	-115.584080000	1497.8		
T	46.154910000	-115.583870000	1495.2		
T	46.155260000	-115.583740000	1492.2		
T	46.155500000	-115.583710000	1490.5		
T	46.155860000	-115.583750000	1491.0		
T	46.156080000	-115.583820000	1490.6		
T	46.156280000	-115.583930000	1491.5		
T	46.156510000	-115.584100000	1493.6		
T	46.156820000	-115.584490000	1492.1		
T	46.157070000	-115.584890000	1492.6		
T	46.157070000	-115.584900000	1492.9		
T	46.157100000	-115.584940000	1492.7		
T	46.157350000	-115.585470000	1493.3		
T	46.158930000	-115.590160000	1491.8		
T	46.159100000	-115.590490000	1488.8		
T	46.159370000	-115.590880000	1488.4		
T	46.159590000	-115.591100000	1491.1		
T	46.159990000	-115.591350000	1495.6		
T	46.160340000	-115.591470000	1495.9		
T	46.160680000	-115.591530000	1494.6		
T	46.161250000	-115.591560000	1494.6		
T	46.161900000	-115.591500000	1495.9		
T	46.162480000	-115.591350000	1494.6		
T	46.162910000	-115.591190000	1491.8		
T	46.163200000	-115.591040000	1489.7		
T	46.163440000	-115.590880000	1487.7		
T	46.164310000	-115.590160000	1490.7		
T	46.164910000	-115.589550000	1491.7		
T	46.165680000	-115.588560000	1497.2		
T	46.166400000	-115.587360000	1500.7		
T	46.166920000	-115.586220000	1501.1		
T	46.167260000	-115.585260000	1492.0		
T	46.167510000	-115.584360000	1501.6		
T	46.167520000	-115.584350000	1502.5		
T	46.167540000	-115.584250000	1500.8		
T	46.168330000	-115.582190000	1503.9		
T	46.168470000	-115.581580000	1501.9		
T	46.168550000	-115.580780000	1502.4		
T	46.168520000	-115.579570000	1505.6		
T	46.168370000	-115.578270000	1504.2		
T	46.168100000	-115.576730000	1513.8		
T	46.167810000	-115.575420000	1532.4		
T	46.167800000	-115.575410000	1531.6		
T	46.167730000	-115.574820000	1535.1		
T	46.167720000	-115.573920000	1539.6		
T	46.167880000	-115.572890000	1540.7		
T	46.168220000	-115.571860000	1532.8		
T	46.168440000	-115.571430000	1535.5		
T	46.168780000	-115.570930000	1538.1		
T	46.169050000	-115.570630000	1541.0		
T	46.169060000	-115.570610000	1540.1		
T	46.169240000	-115.570430000	1538.7		
T	46.169630000	-115.570150000	1541.2		
T	46.169960000	-115.569980000	1542.0		
T	46.170580000	-115.569770000	1532.3		
T	46.170810000	-115.569730000	1531.7		
T	46.171160000	-115.569720000	1530.8		
T	46.171400000	-115.569750000	1532.0		
T	46.171900000	-115.569870000	1531.1		
T	46.172180000	-115.569970000	1533.5		
T	46.172620000	-115.570190000	1535.4		
T	46.173930000	-115.570720000	1536.0		
T	46.174330000	-115.570820000	1536.4		
T	46.175390000	-115.570990000	1536.3		
T	46.176190000	-115.571050000	1538.2		
T	46.177470000	-115.571020000	1534.8		
T	46.177960000	-115.571090000	1535.5		
T	46.178470000	-115.571240000	1538.3		
T	46.179210000	-115.571610000	1540.4		
T	46.181690000	-115.573110000	1536.6		
T	46.181700000	-115.573110000	1535.9		
T	46.182000000	-115.573270000	1535.8		
T	46.182280000	-115.573360000	1536.6		
T	46.182740000	-115.573380000	1534.2		
T	46.182750000	-115.573370000	1533.4		
T	46.182810000	-115.573370000	1533.5		
T	46.182930000	-115.573340000	1531.8		
T	46.182960000	-115.573340000	1532.3		
T	46.183160000	-115.573260000	1530.9		
T	46.183200000	-115.573230000	1530.1		
T	46.183250000	-115.573210000	1530.6		
T	46.183710000	-115.572840000	1531.6		
T	46.183850000	-115.572700000	1531.4		
T	46.184120000	-115.572340000	1527.4		
T	46.184380000	-115.571920000	1528.9		
T	46.184380000	-115.571910000	1528.5		
T	46.184670000	-115.571330000	1529.4		
T	46.184900000	-115.570710000	1528.0		
T	46.185030000	-115.570260000	1529.8		
T	46.185760000	-115.566210000	1527.3		
T	46.186980000	-115.561160000	1534.7		
T	46.187130000	-115.560710000	1536.0		
T	46.187140000	-115.560700000	1536.7		
T	46.187280000	-115.560340000	1537.6		
T	46.187540000	-115.559840000	1537.3		
T	46.187540000	-115.559830000	1536.7		
T	46.187740000	-115.559520000	1535.4		
T	46.187990000	-115.559210000	1536.5		
T	46.191500000	-115.555700000	1546.6		
T	46.192010000	-115.555070000	1549.7		
T	46.192260000	-115.554680000	1544.3		
T	46.192440000	-115.554300000	1548.4		
T	46.192650000	-115.553670000	1554.7		
T	46.192780000	-115.552920000	1553.1		
T	46.192800000	-115.552190000	1549.3		
T	46.192730000	-115.551610000	1547.3		
T	46.192590000	-115.551070000	1547.2		
T	46.192150000	-115.549810000	1554.4		
T	46.192050000	-115.549390000	1555.5		
T	46.191970000	-115.548730000	1552.4		
T	46.191970000	-115.548310000	1552.4		
T	46.192070000	-115.547640000	1555.4		
T	46.192180000	-115.547230000	1553.8		
T	46.192300000	-115.546910000	1551.2		
T	46.192610000	-115.546360000	1549.3		
T	46.192900000	-115.545970000	1548.1		
T	46.192970000	-115.545910000	1549.4		
T	46.193040000	-115.545820000	1548.7		
T	46.193630000	-115.545310000	1548.6		
T	46.194090000	-115.545050000	1548.9		
T	46.194470000	-115.544920000	1550.7		
T	46.194730000	-115.544880000	1550.9		
T	46.195180000	-115.544870000	1550.8		
T	46.195450000	-115.544930000	1551.8		
T	46.195490000	-115.544950000	1552.3		
T	46.195540000	-115.544960000	1552.1		
T	46.195780000	-115.545070000	1552.6		
T	46.195950000	-115.545180000	1552.9		
T	46.196360000	-115.545510000	1551.8		
T	46.196750000	-115.545950000	1551.6		
T	46.197450000	-115.546860000	1554.6		
T	46.197740000	-115.547120000	1554.9		
T	46.198190000	-115.547420000	1552.9		
T	46.198710000	-115.547680000	1554.8		
T	46.199110000	-115.547810000	1556.7		
T	46.199630000	-115.547900000	1557.5		
T	46.200180000	-115.547900000	1569.8		
T	46.200820000	-115.547780000	1581.6		
T	46.201450000	-115.547590000	1575.7		
T	46.202730000	-115.546900000	1574.9		
T	46.202740000	-115.546900000	1575.1		
T	46.203520000	-115.546550000	1572.7		
T	46.204990000	-115.546120000	1581.8		
T	46.205000000	-115.546110000	1581.1		
T	46.205800000	-115.545790000	1576.3		
T	46.206650000	-115.545310000	1579.2		
T	46.207010000	-115.545070000	1579.3		
T	46.207420000	-115.544730000	1576.9		
T	46.207470000	-115.544670000	1575.8		
T	46.207490000	-115.544660000	1576.4		
T	46.207680000	-115.544470000	1576.4		
T	46.208570000	-115.543230000	1575.1		
T	46.208880000	-115.542890000	1580.5		
T	46.209170000	-115.542650000	1587.7		
T	46.209500000	-115.542480000	1591.0		
T	46.209790000	-115.542410000	1590.3		
T	46.210050000	-115.542380000	1587.8		
T	46.210370000	-115.542380000	1579.5		
T	46.210790000	-115.542420000	1568.9		
T	46.211180000	-115.542410000	1575.7		
T	46.211380000	-115.542350000	1578.1		
T	46.211950000	-115.542080000	1581.1		
T	46.211950000	-115.542070000	1580.5		
T	46.212010000	-115.542040000	1581.4		
T	46.212280000	-115.541840000	1585.1		
T	46.212570000	-115.541540000	1585.2		
T	46.212720000	-115.541340000	1586.9		
T	46.212970000	-115.540910000	1586.3		
T	46.212990000	-115.540840000	1585.3		
T	46.213040000	-115.540750000	1586.3		
T	46.213270000	-115.540070000	1590.6		
T	46.213410000	-115.539350000	1589.5		
T	46.213430000	-115.539310000	1590.1		
T	46.213440000	-115.539230000	1589.3		
T	46.213550000	-115.538840000	1589.4		
T	46.213820000	-115.538190000	1591.1		
T	46.213950000	-115.537970000	1591.8		
T	46.214220000	-115.537600000	1592.3		
T	46.214440000	-115.537370000	1591.7		
T	46.214830000	-115.537040000	1590.8		
T	46.214920000	-115.536990000	1591.5		
T	46.214940000	-115.536970000	1591.4		
T	46.215040000	-115.536920000	1592.5		
T	46.215520000	-115.536790000	1589.9		
T	46.215550000	-115.536790000	1590.0		
T	46.215880000	-115.536710000	1588.7		
T	46.216400000	-115.536520000	1588.1		
T	46.216720000	-115.536370000	1591.0		
T	46.217250000	-115.535980000	1592.6		
T	46.217520000	-115.535710000	1592.5		
T	46.217800000	-115.535360000	1589.8		
T	46.218260000	-115.534490000	1592.9		
T	46.218260000	-115.534480000	1592.6		
T	46.219680000	-115.530890000	1595.0		
T	46.219680000	-115.530870000	1594.8		
T	46.219720000	-115.530760000	1597.7		
T	46.219880000	-115.529900000	1592.2		
T	46.219890000	-115.529880000	1592.4		
T	46.220040000	-115.528100000	1619.0		
T	46.220050000	-115.528080000	1620.1		
T	46.220060000	-115.527990000	1620.6		
T	46.220160000	-115.527660000	1620.2		
T	46.220370000	-115.527230000	1615.8		
T	46.220880000	-115.526420000	1626.1		
T	46.222180000	-115.524870000	1626.6		
T	46.222210000	-115.524850000	1628.0		
T	46.222360000	-115.524690000	1629.0		
T	46.222690000	-115.524420000	1632.1		
T	46.222940000	-115.524270000	1632.8		
T	46.223260000	-115.524130000	1634.7		
T	46.223670000	-115.524020000	1630.0		
T	46.223980000	-115.524020000	1639.1		
T	46.224680000	-115.524110000	1628.6		
T	46.225060000	-115.524120000	1622.3		
T	46.225460000	-115.524030000	1617.2		
T	46.225890000	-115.523830000	1614.1		
T	46.225910000	-115.523810000	1613.6		
T	46.225940000	-115.523800000	1613.9		
T	46.227200000	-115.522790000	1614.1		
T	46.227520000	-115.522470000	1615.4		
T	46.227850000	-115.522080000	1615.7		
T	46.228140000	-115.521660000	1613.9		
T	46.228140000	-115.521650000	1613.5		
T	46.228330000	-115.521320000	1611.7		
T	46.228660000	-115.520560000	1610.9		
T	46.228960000	-115.519500000	1610.4		
T	46.229360000	-115.517330000	1614.2		
T	46.229710000	-115.513100000	1620.7		
T	46.229710000	-115.512560000	1624.9		
T	46.229560000	-115.511490000	1632.6		
T	46.229310000	-115.510700000	1633.6		
T	46.228940000	-115.509910000	1632.0		
T	46.228930000	-115.509870000	1632.5		
T	46.228520000	-115.509020000	1630.7		
T	46.228270000	-115.508320000	1633.0		
T	46.227920000	-115.507030000	1628.3		
T	46.226940000	-115.502150000	1627.8		
T	46.226760000	-115.501530000	1620.2		
T	46.226500000	-115.500810000	1626.6		
T	46.226490000	-115.500800000	1626.2		
T	46.226300000	-115.500380000	1636.1		
T	46.226290000	-115.500370000	1637.4		
T	46.226040000	-115.499870000	1655.5		
T	46.225740000	-115.499120000	1660.7		
T	46.225610000	-115.498540000	1661.3		
T	46.225610000	-115.498470000	1662.1		
T	46.225600000	-115.498450000	1661.4		
T	46.225590000	-115.497580000	1658.5		
T	46.225600000	-115.497550000	1659.0		
T	46.225600000	-115.497510000	1658.4		
T	46.225670000	-115.497160000	1658.5		
T	46.225670000	-115.497120000	1657.4		
T	46.225840000	-115.496560000	1653.8		
T	46.226020000	-115.496220000	1657.8		
T	46.226320000	-115.495780000	1659.5		
T	46.226330000	-115.495780000	1660.5		
T	46.226550000	-115.495500000	1657.5		
T	46.226850000	-115.495210000	1657.3		
T	46.227150000	-115.494980000	1661.4		
T	46.228210000	-115.494300000	1668.1		
T	46.228880000	-115.493680000	1662.9		
T	46.231210000	-115.491260000	1671.9		
T	46.231880000	-115.490320000	1671.8		
T	46.232040000	-115.490040000	1666.6		
T	46.232170000	-115.489740000	1663.5		
T	46.232210000	-115.489580000	1661.6		
T	46.232270000	-115.489010000	1654.2		
T	46.232220000	-115.487730000	1654.6		
T	46.232170000	-115.487310000	1654.4		
T	46.232000000	-115.486620000	1653.4		
T	46.231830000	-115.486200000	1655.3		
T	46.231830000	-115.486190000	1655.7		
T	46.231390000	-115.485350000	1662.4		
T	46.231180000	-115.485060000	1663.9		
T	46.230700000	-115.484540000	1667.1		
T	46.230690000	-115.484520000	1667.7		
T	46.230220000	-115.484120000	1664.6		
T	46.229110000	-115.483340000	1658.9		
T	46.229110000	-115.483330000	1659.5		
T	46.228910000	-115.483170000	1658.6		
T	46.228700000	-115.482960000	1658.4		
T	46.228500000	-115.482660000	1661.3		
T	46.228310000	-115.482260000	1665.3		
T	46.227530000	-115.479740000	1687.6		
T	46.227460000	-115.479200000	1689.3		
T	46.227480000	-115.478650000	1688.0		
T	46.227550000	-115.478160000	1688.3		
T	46.227560000	-115.478140000	1688.8		
T	46.227660000	-115.477510000	1694.8		
T	46.227580000	-115.473610000	1670.2		
T	46.227610000	-115.473310000	1671.3		
T	46.227850000	-115.472080000	1666.6		
T	46.227900000	-115.471630000	1672.8		
T	46.227900000	-115.471010000	1670.7		
T	46.227830000	-115.470490000	1664.0		
T	46.227520000	-115.468950000	1662.5		
T	46.227230000	-115.467870000	1665.5		
T	46.225970000	-115.464230000	1681.9		
T	46.225810000	-115.463470000	1686.6		
T	46.225740000	-115.461910000	1689.9		
T	46.225750000	-115.461870000	1690.5		
T	46.225750000	-115.461750000	1689.9		
T	46.225790000	-115.461500000	1690.6		
T	46.225890000	-115.461140000	1694.3		
T	46.226190000	-115.460520000	1700.3		
T	46.226690000	-115.459800000	1702.3		
T	46.227010000	-115.459440000	1701.7		
T	46.227260000	-115.459220000	1703.4		
T	46.228490000	-115.458440000	1707.2		
T	46.228690000	-115.458270000	1706.4		
T	46.228720000	-115.458230000	1705.6		
T	46.228800000	-115.458160000	1707.8		
T	46.228950000	-115.457950000	1707.7		
T	46.229270000	-115.457310000	1700.7		
T	46.229750000	-115.455830000	1703.8		
T	46.229820000	-115.455430000	1704.2		
T	46.229850000	-115.454470000	1703.4		
T	46.229820000	-115.454130000	1699.6		
T	46.229810000	-115.454110000	1698.5		
T	46.229810000	-115.454060000	1698.9		
T	46.229560000	-115.452670000	1694.5		
T	46.229540000	-115.452620000	1693.1		
T	46.229220000	-115.451130000	1702.3		
T	46.229040000	-115.450700000	1704.8		
T	46.228750000	-115.450270000	1708.7		
T	46.228360000	-115.449860000	1709.2		
T	46.228030000	-115.449410000	1708.2		
T	46.227880000	-115.449100000	1709.1		
T	46.227760000	-115.448690000	1711.1		
T	46.227760000	-115.448650000	1711.5		
T	46.227710000	-115.448420000	1712.0		
T	46.227690000	-115.448220000	1712.5		
T	46.227700000	-115.447580000	1712.5		
T	46.227710000	-115.447550000	1712.5		
T	46.227710000	-115.447490000	1711.9		
T	46.227880000	-115.446840000	1707.7		
T	46.227890000	-115.446830000	1707.7		
T	46.228940000	-115.443830000	1707.6		
T	46.229030000	-115.443420000	1709.1		
T	46.229040000	-115.443180000	1708.6		
T	46.229050000	-115.443140000	1708.8		
T	46.229020000	-115.442660000	1707.0		
T	46.228660000	-115.441060000	1704.8		
T	46.228370000	-115.440100000	1706.1		
T	46.227600000	-115.438380000	1725.7		
T	46.227360000	-115.437660000	1733.4		
T	46.227010000	-115.436010000	1732.9		
T	46.226940000	-115.435200000	1732.8		
T	46.226970000	-115.433450000	1738.4		
T	46.226870000	-115.431900000	1730.9		
T	46.226890000	-115.430060000	1731.0		
T	46.226820000	-115.428440000	1726.6		
T	46.226910000	-115.427590000	1729.5		
T	46.227100000	-115.426780000	1732.3		
T	46.227230000	-115.426390000	1734.8		
T	46.227740000	-115.425350000	1734.3		
T	46.228360000	-115.424390000	1733.8		
T	46.228550000	-115.424020000	1744.9		
T	46.229310000	-115.421910000	1739.5		
T	46.229330000	-115.421810000	1738.4		
T	46.229360000	-115.421740000	1739.5		
T	46.229970000	-115.418890000	1737.3		
T	46.233270000	-115.408960000	1776.4		
T	46.233310000	-115.408760000	1774.3		
T	46.233320000	-115.408740000	1774.6		
T	46.233750000	-115.406720000	1776.5		
T	46.233820000	-115.406510000	1778.7		
T	46.233820000	-115.406490000	1778.0		
T	46.233880000	-115.406310000	1778.4		
T	46.233900000	-115.406280000	1779.3		
T	46.234050000	-115.405890000	1782.7		
T	46.234080000	-115.405840000	1785.1		
T	46.234080000	-115.405830000	1784.8		
T	46.234320000	-115.405410000	1784.1		
T	46.234480000	-115.405210000	1784.0		
T	46.234700000	-115.405010000	1785.0		
T	46.235100000	-115.404760000	1786.3		
T	46.235140000	-115.404750000	1787.2		
T	46.235170000	-115.404730000	1786.7		
T	46.237370000	-115.404150000	1792.1		
T	46.237440000	-115.404120000	1789.8		
T	46.237770000	-115.404050000	1786.8		
T	46.240480000	-115.403830000	1787.5		
T	46.240940000	-115.403750000	1784.0		
T	46.241510000	-115.403560000	1784.5		
T	46.241790000	-115.403430000	1783.8		
T	46.241800000	-115.403430000	1784.2		
T	46.242050000	-115.403300000	1786.6		
T	46.242420000	-115.403060000	1789.9		
T	46.242870000	-115.402690000	1786.3		
T	46.243300000	-115.402250000	1780.4		
T	46.244100000	-115.401250000	1771.4		
T	46.244280000	-115.401080000	1779.1		
T	46.244650000	-115.400810000	1788.2		
T	46.244650000	-115.400800000	1787.5		
T	46.244930000	-115.400640000	1776.9		
T	46.245160000	-115.400560000	1782.1		
T	46.245500000	-115.400490000	1790.7		
T	46.245790000	-115.400500000	1780.2		
T	46.246050000	-115.400560000	1783.3		
T	46.246350000	-115.400680000	1778.2		
T	46.246860000	-115.401050000	1781.3		
T	46.247020000	-115.401210000	1777.5		
T	46.247030000	-115.401210000	1777.2		
T	46.247300000	-115.401500000	1779.2		
T	46.247320000	-115.401510000	1779.5		
T	46.247340000	-115.401540000	1780.6		
T	46.247710000	-115.401830000	1779.9		
T	46.247790000	-115.401870000	1779.8		
T	46.247800000	-115.401870000	1779.6		
T	46.247870000	-115.401910000	1779.5		
T	46.248020000	-115.401960000	1781.3		
T	46.248050000	-115.401980000	1781.0		
T	46.248300000	-115.402030000	1787.6		
T	46.248550000	-115.402030000	1799.0		
T	46.248790000	-115.402000000	1787.7		
T	46.248830000	-115.401980000	1784.5		
T	46.248880000	-115.401970000	1788.1		
T	46.249140000	-115.401860000	1794.1		
T	46.250790000	-115.400890000	1794.6		
T	46.250950000	-115.400830000	1797.9		
T	46.250960000	-115.400820000	1797.5		
T	46.252720000	-115.400430000	1789.8		
T	46.253130000	-115.400420000	1788.1		
T	46.253390000	-115.400460000	1781.6		
T	46.253430000	-115.400480000	1782.6		
T	46.253460000	-115.400480000	1782.5		
T	46.253600000	-115.400530000	1786.9		
T	46.253810000	-115.400570000	1790.6		
T	46.254150000	-115.400540000	1787.3		
T	46.254170000	-115.400530000	1787.0		
T	46.254190000	-115.400530000	1787.4		
T	46.254350000	-115.400480000	1789.2		
T	46.255240000	-115.399950000	1781.9		
T	46.255490000	-115.399850000	1783.8		
T	46.255500000	-115.399840000	1783.4		
T	46.255820000	-115.399790000	1788.7		
T	46.256000000	-115.399790000	1788.1		
T	46.256560000	-115.399870000	1784.8		
T	46.256660000	-115.399870000	1785.1		
T	46.256700000	-115.399880000	1785.9		
T	46.256790000	-115.399880000	1784.5		
T	46.256820000	-115.399870000	1782.9		
T	46.256910000	-115.399870000	1779.4		
T	46.257130000	-115.399820000	1779.5		
T	46.257380000	-115.399720000	1780.5		
T	46.257640000	-115.399550000	1786.2		
T	46.257640000	-115.399540000	1785.7		
T	46.257770000	-115.399410000	1785.7		
T	46.257790000	-115.399400000	1786.1		
T	46.257890000	-115.399250000	1783.7		
T	46.257940000	-115.399200000	1785.9		
T	46.258240000	-115.398650000	1796.7		
T	46.258240000	-115.398640000	1796.4		
T	46.258350000	-115.398400000	1793.2		
T	46.258360000	-115.398390000	1793.3		
T	46.258540000	-115.397970000	1798.4		
T	46.258540000	-115.397960000	1798.0		
T	46.258740000	-115.397550000	1820.8		
T	46.258740000	-115.397540000	1820.7		
T	46.258950000	-115.397150000	1826.5		
T	46.259080000	-115.396960000	1825.3		
T	46.259080000	-115.396950000	1824.5		
T	46.259270000	-115.396700000	1821.3		
T	46.259340000	-115.396630000	1821.8		
T	46.259350000	-115.396610000	1821.1		
T	46.259800000	-115.396180000	1817.1		
T	46.260110000	-115.395960000	1815.4		
T	46.260160000	-115.395940000	1816.2		
T	46.260200000	-115.395910000	1815.3		
T	46.260590000	-115.395740000	1815.2		
T	46.262590000	-115.395200000	1827.3		
T	46.262600000	-115.395190000	1826.8		
T	46.263110000	-115.395030000	1825.1		
T	46.263130000	-115.395030000	1825.4		
T	46.263630000	-115.394870000	1824.5		
T	46.263640000	-115.394860000	1824.1		
T	46.263790000	-115.394820000	1825.5		
T	46.263820000	-115.394800000	1825.1		
T	46.264510000	-115.394560000	1825.4		
T	46.264830000	-115.394500000	1825.7		
T	46.264920000	-115.394500000	1826.6		
T	46.264950000	-115.394490000	1826.4		
T	46.265130000	-115.394480000	1828.9		
T	46.265160000	-115.394470000	1828.7		
T	46.265770000	-115.394470000	1832.3		
T	46.265790000	-115.394480000	1832.8		
T	46.266690000	-115.394500000	1830.3		
T	46.267110000	-115.394440000	1828.8		
T	46.267130000	-115.394430000	1828.7		
T	46.267150000	-115.394430000	1829.2		
T	46.267170000	-115.394420000	1829.1		
T	46.267200000	-115.394420000	1829.8		
T	46.267650000	-115.394260000	1831.8		
T	46.267670000	-115.394260000	1832.4		
T	46.268010000	-115.394090000	1834.9		
T	46.268090000	-115.394030000	1834.1		
T	46.268160000	-115.394000000	1834.9		
T	46.268510000	-115.393740000	1832.6		
T	46.269600000	-115.392780000	1834.6		
T	46.269890000	-115.392570000	1835.9		
T	46.270270000	-115.392350000	1834.7		
T	46.270730000	-115.392160000	1834.6		
T	46.270960000	-115.392100000	1834.2		
T	46.270990000	-115.392100000	1834.4		
T	46.271020000	-115.392090000	1834.4		
T	46.271080000	-115.392090000	1835.0		
T	46.271170000	-115.392070000	1834.9		
T	46.272000000	-115.392050000	1838.8		
T	46.272180000	-115.392070000	1838.1		
T	46.272200000	-115.392080000	1838.1		
T	46.272350000	-115.392100000	1837.3		
T	46.272360000	-115.392110000	1837.6		
T	46.272390000	-115.392110000	1837.4		
T	46.272410000	-115.392120000	1837.6		
T	46.272440000	-115.392120000	1837.4		
T	46.272480000	-115.392140000	1837.7		
T	46.272630000	-115.392180000	1837.5		
T	46.272660000	-115.392200000	1837.8		
T	46.272750000	-115.392220000	1837.3		
T	46.272780000	-115.392240000	1837.7		
T	46.272820000	-115.392250000	1837.6		
T	46.273050000	-115.392360000	1837.3		
T	46.273060000	-115.392360000	1837.2		
T	46.274030000	-115.393030000	1872.6		
T	46.274330000	-115.393190000	1874.6		
T	46.274540000	-115.393270000	1873.7		
T	46.274550000	-115.393280000	1874.3		
T	46.275790000	-115.393480000	1864.5		
T	46.276050000	-115.393480000	1864.2		
T	46.276330000	-115.393450000	1863.5		
T	46.276340000	-115.393440000	1862.6		
T	46.276470000	-115.393430000	1864.7		
T	46.277230000	-115.393270000	1870.5		
T	46.277570000	-115.393150000	1872.2		
T	46.277580000	-115.393140000	1871.4		
T	46.277670000	-115.393100000	1870.0		
T	46.277760000	-115.393040000	1867.8		
T	46.277770000	-115.393040000	1868.1		
T	46.277890000	-115.392940000	1864.1		
T	46.277900000	-115.392940000	1864.4		
T	46.277920000	-115.392910000	1862.8		
T	46.278040000	-115.392810000	1858.6		
T	46.278310000	-115.392510000	1865.9		
T	46.278490000	-115.392250000	1865.0		
T	46.278510000	-115.392200000	1863.3		
T	46.278810000	-115.391750000	1858.2		
T	46.278920000	-115.391620000	1860.1		
T	46.278940000	-115.391580000	1859.0		
T	46.279230000	-115.391280000	1861.2		
T	46.279490000	-115.391090000	1864.0		
T	46.279590000	-115.391040000	1866.0		
T	46.279600000	-115.391040000	1866.6		
T	46.279760000	-115.390970000	1867.5		
T	46.280000000	-115.390910000	1869.3		
T	46.281150000	-115.390750000	1866.5		
T	46.281410000	-115.390680000	1863.4		
T	46.281440000	-115.390680000	1863.7		
T	46.282430000	-115.390380000	1852.8		
T	46.282780000	-115.390170000	1852.5		
T	46.282990000	-115.390000000	1860.4		
T	46.283180000	-115.389800000	1864.2		
T	46.283180000	-115.389790000	1863.6		
T	46.283430000	-115.389470000	1863.8		
T	46.283450000	-115.389460000	1864.9		
T	46.283850000	-115.388760000	1871.5		
T	46.284750000	-115.386660000	1874.4		
T	46.284750000	-115.386650000	1874.0		
T	46.284850000	-115.386450000	1875.5		
T	46.284850000	-115.386440000	1875.4		
T	46.285060000	-115.386060000	1876.5		
T	46.285380000	-115.385600000	1875.8		
T	46.285560000	-115.385390000	1876.7		
T	46.285760000	-115.385210000	1877.2		
T	46.285760000	-115.385200000	1876.6		
T	46.286110000	-115.384920000	1873.0		
T	46.286380000	-115.384760000	1873.1		
T	46.286600000	-115.384660000	1872.9		
T	46.287270000	-115.384470000	1890.1		
T	46.287280000	-115.384460000	1890.9		
T	46.287310000	-115.384460000	1893.5		
T	46.287350000	-115.384440000	1896.2		
T	46.287370000	-115.384440000	1897.6		
T	46.287440000	-115.384410000	1899.2		
T	46.287460000	-115.384410000	1900.1		
T	46.287460000	-115.384400000	1899.4		
T	46.287610000	-115.384340000	1901.7		
T	46.287630000	-115.384320000	1901.0		
T	46.287640000	-115.384320000	1901.5		
T	46.288000000	-115.384070000	1905.8		
T	46.288390000	-115.383680000	1906.7		
T	46.288790000	-115.383120000	1907.1		
T	46.288790000	-115.383110000	1906.7		
T	46.289280000	-115.382370000	1904.1		
T	46.289280000	-115.382360000	1903.5		
T	46.289810000	-115.381650000	1906.8		
T	46.289810000	-115.381640000	1906.3		
T	46.289940000	-115.381480000	1905.4		
T	46.289960000	-115.381470000	1906.1		
T	46.290090000	-115.381320000	1904.3		
T	46.290090000	-115.381310000	1903.6		
T	46.291190000	-115.380210000	1904.6		
T	46.291320000	-115.380050000	1905.2		
T	46.291340000	-115.380010000	1904.4		
T	46.291370000	-115.379980000	1904.8		
T	46.291600000	-115.379630000	1900.2		
T	46.292890000	-115.377370000	1915.5		
T	46.292890000	-115.377350000	1914.3		
T	46.293160000	-115.376860000	1912.3		
T	46.293390000	-115.376550000	1911.4		
T	46.293650000	-115.376310000	1913.2		
T	46.293680000	-115.376300000	1914.7		
T	46.293680000	-115.376290000	1913.9		
T	46.293820000	-115.376190000	1914.8		
T	46.294230000	-115.376000000	1919.8		
T	46.295200000	-115.375740000	1928.3		
T	46.295240000	-115.375720000	1926.8		
T	46.295260000	-115.375720000	1927.5		
T	46.295780000	-115.375500000	1924.9		
T	46.296450000	-115.374970000	1895.2		
T	46.297670000	-115.373550000	1912.0		
T	46.298440000	-115.372930000	1907.6		
T	46.298450000	-115.372930000	1908.0		
T	46.299270000	-115.372410000	1912.9		
T	46.299870000	-115.372100000	1912.8		
T	46.300820000	-115.371730000	1909.8		
T	46.301340000	-115.371420000	1912.5		
T	46.302290000	-115.370660000	1907.9		
T	46.302350000	-115.370630000	1907.5		
T	46.302380000	-115.370600000	1907.1		
T	46.302480000	-115.370550000	1907.7		
T	46.302860000	-115.370450000	1915.1		
T	46.303350000	-115.370450000	1916.0		
T	46.303380000	-115.370460000	1916.1		
T	46.303420000	-115.370460000	1915.7		
T	46.303580000	-115.370500000	1915.5		
T	46.303740000	-115.370570000	1915.3		
T	46.305430000	-115.371780000	1918.2		
T	46.305450000	-115.371780000	1917.9		
T	46.305920000	-115.372070000	1940.5		
T	46.306380000	-115.372280000	1951.0		
T	46.307150000	-115.372510000	1953.9		
T	46.307480000	-115.372520000	1944.9		
T	46.307710000	-115.372480000	1938.1		
T	46.308050000	-115.372360000	1934.6		
T	46.308440000	-115.372060000	1932.5		
T	46.308730000	-115.371730000	1936.9		
T	46.308900000	-115.371420000	1937.6		
T	46.308920000	-115.371360000	1937.4		
T	46.308940000	-115.371330000	1937.6		
T	46.308940000	-115.371310000	1937.3		
T	46.309030000	-115.371100000	1937.2		
T	46.309130000	-115.370720000	1934.0		
T	46.309190000	-115.370290000	1930.7		
T	46.309190000	-115.369580000	1930.8		
T	46.309050000	-115.368030000	1927.9		
T	46.309070000	-115.367190000	1929.1		
T	46.309220000	-115.366240000	1936.1		
T	46.309420000	-115.365550000	1939.6		
T	46.309720000	-115.364860000	1935.0		
T	46.309720000	-115.364850000	1934.7		
T	46.310070000	-115.364250000	1939.6		
T	46.310070000	-115.364240000	1939.5		
T	46.311040000	-115.362880000	1956.1		
T	46.311510000	-115.362350000	1953.9		
T	46.312000000	-115.362030000	1955.1		
T	46.312200000	-115.361940000	1954.5		
T	46.312450000	-115.361860000	1955.8		
T	46.313010000	-115.361760000	1957.1		
T	46.313420000	-115.361760000	1958.7		
T	46.313620000	-115.361800000	1958.3		
T	46.313630000	-115.361810000	1958.8		
T	46.313770000	-115.361850000	1956.7		
T	46.313800000	-115.361870000	1957.3		
T	46.313960000	-115.361930000	1958.8		
T	46.314800000	-115.362460000	1958.5		
T	46.315080000	-115.362600000	1958.6		
T	46.315100000	-115.362600000	1958.5		
T	46.315160000	-115.362620000	1959.1		
T	46.315200000	-115.362620000	1958.3		
T	46.315270000	-115.362640000	1957.8		
T	46.315320000	-115.362640000	1957.1		
T	46.315320000	-115.362650000	1957.5		
T	46.315410000	-115.362650000	1957.8		
T	46.315430000	-115.362640000	1957.6		
T	46.315550000	-115.362640000	1959.0		
T	46.315560000	-115.362630000	1958.7		
T	46.315590000	-115.362630000	1958.9		
T	46.315760000	-115.362570000	1958.4		
T	46.315980000	-115.362450000	1959.6		
T	46.316240000	-115.362230000	1958.7		
T	46.316860000	-115.361470000	1958.4		
T	46.316860000	-115.361460000	1958.2		
T	46.318550000	-115.358760000	1959.3		
T	46.318750000	-115.358350000	1960.5		
T	46.318750000	-115.358330000	1960.3		
T	46.318840000	-115.358120000	1960.9		
T	46.319290000	-115.356760000	1967.9		
T	46.319520000	-115.356310000	1986.6		
T	46.319540000	-115.356290000	1987.2		
T	46.319540000	-115.356280000	1986.7		
T	46.319590000	-115.356230000	1987.9		
T	46.319610000	-115.356190000	1987.1		
T	46.319820000	-115.355980000	1989.5		
T	46.320130000	-115.355760000	1992.3		
T	46.320560000	-115.355550000	1997.0		
T	46.321170000	-115.355320000	1976.8		
T	46.322650000	-115.354440000	2003.4		
T	46.323130000	-115.354080000	1996.5		
T	46.323140000	-115.354060000	1995.2		
T	46.324270000	-115.352890000	1989.0		
T	46.325710000	-115.351260000	1990.6		
T	46.325720000	-115.351240000	1990.3		
T	46.328650000	-115.347900000	2030.0		
T	46.329320000	-115.347240000	2041.3		
T	46.329570000	-115.347030000	2069.4		
T	46.329900000	-115.346830000	2082.0		
T	46.330160000	-115.346720000	2082.9		
T	46.330360000	-115.346670000	2074.7		
T	46.331030000	-115.346590000	2065.9		
T	46.333320000	-115.346480000	1994.7		
T	46.333740000	-115.346290000	2016.1		
T	46.333950000	-115.346150000	2021.8		
T	46.334190000	-115.345950000	2023.1		
T	46.334320000	-115.345810000	2022.3		
T	46.334340000	-115.345800000	2022.9		
T	46.334360000	-115.345760000	2021.7		
T	46.334600000	-115.345450000	2021.0		
T	46.336030000	-115.342990000	2021.0		
T	46.336190000	-115.342620000	2028.5		
T	46.336320000	-115.342190000	2029.2		
T	46.336430000	-115.341600000	2022.5		
T	46.336450000	-115.340970000	2021.5		
T	46.336410000	-115.340610000	2020.3		
T	46.336300000	-115.340110000	2018.3		
T	46.335940000	-115.339080000	2026.1		
T	46.335190000	-115.337230000	2019.3		
T	46.334980000	-115.336890000	2017.6		
T	46.334610000	-115.336470000	2016.0		
T	46.333450000	-115.335450000	2026.6		
T	46.333200000	-115.335140000	2027.7		
T	46.332870000	-115.334580000	2027.9		
T	46.332740000	-115.334230000	2028.1		
T	46.332600000	-115.333610000	2030.7		
T	46.332550000	-115.333110000	2033.3		
T	46.332550000	-115.332730000	2035.0		
T	46.332590000	-115.332380000	2035.8		
T	46.332710000	-115.331890000	2036.3		
T	46.332720000	-115.331880000	2036.6		
T	46.332790000	-115.331660000	2036.3		
T	46.333000000	-115.331240000	2037.6		
T	46.333130000	-115.331060000	2038.4		
T	46.333150000	-115.331050000	2039.1		
T	46.333230000	-115.330950000	2039.0		
T	46.333580000	-115.330670000	2039.3		
T	46.333970000	-115.330500000	2035.1		
T	46.334260000	-115.330460000	2036.5		
T	46.334530000	-115.330480000	2038.8		
T	46.334760000	-115.330530000	2041.3		
T	46.335700000	-115.330920000	2038.4		
T	46.335710000	-115.330930000	2039.0		
T	46.336050000	-115.331030000	2045.5		
T	46.336340000	-115.331040000	2042.2		
T	46.336400000	-115.331030000	2042.9		
T	46.336410000	-115.331020000	2042.0		
T	46.336570000	-115.330980000	2041.6		
T	46.336770000	-115.330870000	2040.9		
T	46.336900000	-115.330770000	2042.4		
T	46.336910000	-115.330750000	2043.0		
T	46.336930000	-115.330740000	2044.2		
T	46.337050000	-115.330600000	2052.0		
T	46.337050000	-115.330590000	2052.0		
T	46.337190000	-115.330390000	2057.4		
T	46.337280000	-115.330210000	2058.1		
T	46.337280000	-115.330200000	2057.9		
T	46.337370000	-115.329990000	2059.0		
T	46.337370000	-115.329970000	2058.7		
T	46.337400000	-115.329900000	2058.6		
T	46.338820000	-115.324500000	2058.9		
T	46.338990000	-115.323510000	2066.7		
T	46.339580000	-115.317390000	2074.0		
T	46.339540000	-115.316570000	2073.4		
T	46.339340000	-115.315120000	2089.1		
T	46.339320000	-115.314590000	2109.6		
T	46.339340000	-115.314240000	2113.2		
T	46.339430000	-115.313790000	2113.1		
T	46.339500000	-115.313590000	2111.5		
T	46.339510000	-115.313580000	2111.7		
T	46.339560000	-115.313460000	2109.8		
T	46.339710000	-115.313230000	2105.7		
T	46.339860000	-115.313060000	2102.3		
T	46.340060000	-115.312910000	2101.6		
T	46.340900000	-115.312470000	2109.3		
T	46.341200000	-115.312260000	2105.8		
T	46.341980000	-115.311450000	2104.1		
T	46.342470000	-115.311090000	2104.8		
T	46.343350000	-115.310560000	2108.7		
T	46.343490000	-115.310450000	2107.3		
T	46.343740000	-115.310180000	2108.5		
T	46.344450000	-115.309070000	2111.5		
T	46.344810000	-115.308670000	2105.9		
T	46.344930000	-115.308580000	2101.7		
T	46.344960000	-115.308570000	2101.3		
T	46.345000000	-115.308540000	2100.5		
T	46.345140000	-115.308480000	2099.3		
T	46.346250000	-115.308240000	2091.5		
T	46.346550000	-115.308130000	2091.8		
T	46.346820000	-115.307970000	2091.6		
T	46.346880000	-115.307910000	2091.0		
T	46.346890000	-115.307910000	2091.3		
T	46.347140000	-115.307630000	2092.1		
T	46.347160000	-115.307590000	2092.0		
T	46.347180000	-115.307570000	2092.4		
T	46.347390000	-115.307130000	2094.0		
T	46.347510000	-115.306690000	2094.8		
T	46.347780000	-115.304770000	2096.8		
T	46.347860000	-115.304450000	2098.0		
T	46.347960000	-115.304170000	2099.1		
T	46.348180000	-115.303770000	2101.3		
T	46.348400000	-115.303520000	2103.6		
T	46.348580000	-115.303390000	2105.5		
T	46.348630000	-115.303370000	2106.6		
T	46.348640000	-115.303360000	2106.5		
T	46.348770000	-115.303310000	2108.4		
T	46.348980000	-115.303270000	2110.8		
T	46.349150000	-115.303270000	2111.8		
T	46.349170000	-115.303280000	2112.4		
T	46.349290000	-115.303300000	2112.9		
T	46.349520000	-115.303400000	2114.3		
T	46.349720000	-115.303540000	2116.1		
T	46.349960000	-115.303790000	2116.2		
T	46.350890000	-115.305060000	2119.5		
T	46.351030000	-115.305220000	2118.0		
T	46.351040000	-115.305220000	2117.8		
T	46.351300000	-115.305440000	2120.9		
T	46.351550000	-115.305580000	2121.3		
T	46.351780000	-115.305670000	2129.3		
T	46.352060000	-115.305730000	2139.8		
T	46.352210000	-115.305740000	2137.9		
T	46.352450000	-115.305710000	2133.9		
T	46.352710000	-115.305580000	2135.4		
T	46.352740000	-115.305550000	2134.9		
T	46.352750000	-115.305550000	2135.2		
T	46.352910000	-115.305420000	2134.1		
T	46.353040000	-115.305280000	2136.2		
T	46.353260000	-115.304970000	2144.1		
T	46.353290000	-115.304900000	2144.0		
T	46.353300000	-115.304900000	2145.2		
T	46.353450000	-115.304570000	2143.7		
T	46.353990000	-115.302900000	2149.1		
T	46.354210000	-115.302030000	2149.4		
T	46.354380000	-115.300840000	2149.5		
T	46.354420000	-115.300020000	2139.2		
T	46.354410000	-115.299520000	2150.1		
T	46.354320000	-115.298680000	2148.1		
T	46.354180000	-115.297930000	2143.2		
T	46.353960000	-115.297130000	2141.2		
T	46.353580000	-115.296090000	2138.5		
T	46.353200000	-115.295200000	2140.2		
T	46.353190000	-115.295200000	2139.1		
T	46.353090000	-115.294940000	2137.6		
T	46.352960000	-115.294470000	2135.8		
T	46.352900000	-115.294130000	2135.9		
T	46.352890000	-115.293790000	2140.6		
T	46.352920000	-115.293440000	2141.7		
T	46.352980000	-115.293120000	2142.2		
T	46.353120000	-115.292760000	2141.7		
T	46.353130000	-115.292760000	2142.6		
T	46.353170000	-115.292670000	2142.1		
T	46.353380000	-115.292390000	2144.6		
T	46.353640000	-115.292150000	2148.0		
T	46.353690000	-115.292120000	2148.6		
T	46.353720000	-115.292090000	2148.2		
T	46.354060000	-115.291880000	2148.4		
T	46.354180000	-115.291830000	2148.7		
T	46.354190000	-115.291820000	2148.5		
T	46.356170000	-115.291050000	2148.5		
T	46.356450000	-115.290910000	2150.8		
T	46.356730000	-115.290730000	2153.1		
T	46.357070000	-115.290460000	2157.2		
T	46.357370000	-115.290130000	2162.0		
T	46.357380000	-115.290130000	2163.1		
T	46.357800000	-115.289530000	2161.6		
T	46.357980000	-115.289210000	2169.4		
T	46.358000000	-115.289190000	2170.6		
T	46.358260000	-115.288620000	2173.0		
T	46.358560000	-115.287570000	2160.3		
T	46.358690000	-115.286480000	2160.5		
T	46.358710000	-115.284980000	2162.5		
T	46.358720000	-115.284930000	2163.1		
T	46.358730000	-115.284140000	2163.0		
T	46.358880000	-115.281910000	2170.1		
T	46.359020000	-115.281020000	2193.2		
T	46.359180000	-115.280420000	2195.9		
T	46.359550000	-115.279390000	2189.7		
T	46.360970000	-115.276150000	2200.5		
T	46.362340000	-115.272280000	2197.5		
T	46.362730000	-115.271480000	2198.4		
T	46.363720000	-115.269970000	2197.7		
T	46.363830000	-115.269750000	2199.0		
T	46.364470000	-115.268080000	2200.6		
T	46.364650000	-115.267700000	2199.6		
T	46.364690000	-115.267650000	2200.1		
T	46.364710000	-115.267600000	2199.8		
T	46.365110000	-115.267050000	2200.4		
T	46.366310000	-115.265740000	2215.2		
T	46.367220000	-115.264500000	2221.2		
T	46.367220000	-115.264490000	2220.6		
T	46.367930000	-115.263310000	2225.0		
T	46.368440000	-115.262360000	2225.1		
T	46.369270000	-115.260590000	2233.9		
T	46.369510000	-115.260260000	2234.1		
T	46.369710000	-115.260080000	2234.6		
T	46.369720000	-115.260080000	2234.8		
T	46.369870000	-115.259970000	2234.4		
T	46.370140000	-115.259890000	2235.2		
T	46.370340000	-115.259890000	2235.6		
T	46.370620000	-115.259950000	2236.3		
T	46.370840000	-115.260080000	2236.6		
T	46.370900000	-115.260140000	2237.0		
T	46.370920000	-115.260150000	2236.9		
T	46.372960000	-115.262290000	2239.6		
T	46.372970000	-115.262290000	2239.6		
T	46.373050000	-115.262360000	2239.8		
T	46.373190000	-115.262450000	2240.8		
T	46.373400000	-115.262540000	2241.4		
T	46.373600000	-115.262570000	2242.5		
T	46.373840000	-115.262550000	2246.0		
T	46.373960000	-115.262520000	2250.9		
T	46.374160000	-115.262440000	2256.8		
T	46.374340000	-115.262330000	2260.4		
T	46.374700000	-115.262040000	2272.4		
T	46.375280000	-115.261420000	2278.0		
T	46.375590000	-115.260990000	2278.5		
T	46.375780000	-115.260670000	2278.7		
T	46.375940000	-115.260290000	2278.6		
T	46.375950000	-115.260280000	2278.8		
T	46.376040000	-115.259950000	2279.2		
T	46.376090000	-115.259470000	2279.4		
T	46.376090000	-115.259240000	2278.3		
T	46.376050000	-115.258870000	2279.6		
T	46.375850000	-115.258190000	2277.2		
T	46.375810000	-115.258120000	2276.9		
T	46.375800000	-115.258070000	2277.3		
T	46.375790000	-115.258070000	2276.9		
T	46.375770000	-115.258000000	2277.6		
T	46.375660000	-115.257790000	2276.9		
T	46.375660000	-115.257780000	2277.1		
T	46.375390000	-115.257310000	2276.1		
T	46.375080000	-115.256900000	2274.4		
T	46.373740000	-115.255360000	2281.4		
T	46.373570000	-115.255070000	2280.7		
T	46.373550000	-115.255050000	2280.2		
T	46.373400000	-115.254700000	2278.6		
T	46.373280000	-115.254220000	2277.2		
T	46.373240000	-115.253870000	2276.3		
T	46.373230000	-115.253480000	2276.2		
T	46.373270000	-115.253080000	2275.0		
T	46.373370000	-115.252700000	2275.2		
T	46.373490000	-115.252390000	2275.4		
T	46.373510000	-115.252370000	2275.9		
T	46.373560000	-115.252250000	2275.8		
T	46.373840000	-115.251850000	2275.9		
T	46.374060000	-115.251640000	2276.6		
T	46.374220000	-115.251530000	2276.3		
T	46.374400000	-115.251450000	2279.0		
T	46.374610000	-115.251400000	2287.5		
T	46.376460000	-115.251200000	2302.4		
T	46.376540000	-115.251180000	2302.2		
T	46.376580000	-115.251180000	2303.2		
T	46.376990000	-115.251090000	2306.0		
T	46.378120000	-115.250680000	2320.1		
T	46.378420000	-115.250520000	2317.2		
T	46.379730000	-115.249640000	2319.7		
T	46.379770000	-115.249630000	2320.1		
T	46.379840000	-115.249590000	2319.7		
T	46.380320000	-115.249450000	2314.1		
T	46.381150000	-115.249340000	2315.3		
T	46.381390000	-115.249280000	2318.1		
T	46.381710000	-115.249130000	2322.1		
T	46.381950000	-115.248950000	2336.8		
T	46.382130000	-115.248770000	2337.2		
T	46.382470000	-115.248270000	2335.3		
T	46.382620000	-115.247920000	2323.1		
T	46.382720000	-115.247610000	2313.7		
T	46.382820000	-115.247170000	2315.3		
T	46.382870000	-115.246470000	2304.6		
T	46.382710000	-115.244210000	2314.4		
T	46.382730000	-115.242770000	2317.8		
T	46.383200000	-115.238290000	2339.6		
T	46.383170000	-115.237110000	2339.5		
T	46.382950000	-115.235750000	2337.7		
T	46.382910000	-115.235320000	2342.4		
T	46.382920000	-115.234950000	2349.8		
T	46.382930000	-115.234930000	2351.0		
T	46.382970000	-115.234660000	2356.1		
T	46.383030000	-115.234450000	2360.5		
T	46.383030000	-115.234430000	2360.4		
T	46.383190000	-115.234030000	2363.7		
T	46.383220000	-115.233990000	2363.7		
T	46.383220000	-115.233980000	2363.5		
T	46.383290000	-115.233870000	2363.2		
T	46.383500000	-115.233640000	2354.8		
T	46.383650000	-115.233520000	2347.6		
T	46.383800000	-115.233430000	2350.1		
T	46.384060000	-115.233340000	2357.7		
T	46.385330000	-115.233180000	2373.1		
T	46.385810000	-115.233080000	2373.0		
T	46.385850000	-115.233080000	2375.8		
T	46.385990000	-115.233030000	2373.9		
T	46.386020000	-115.233030000	2376.1		
T	46.387020000	-115.232620000	2365.2		
T	46.387360000	-115.232420000	2353.3		
T	46.387370000	-115.232420000	2353.9		
T	46.387430000	-115.232390000	2355.1		
T	46.388030000	-115.231900000	2355.8		
T	46.388270000	-115.231650000	2355.1		
T	46.388380000	-115.231500000	2355.7		
T	46.388410000	-115.231440000	2357.5		
T	46.388430000	-115.231420000	2358.8		
T	46.388660000	-115.230960000	2358.5		
T	46.388790000	-115.230550000	2363.2		
T	46.388790000	-115.230510000	2362.5		
T	46.388830000	-115.230340000	2362.7		
T	46.388870000	-115.229950000	2359.4		
T	46.388870000	-115.229530000	2356.7		
T	46.388780000	-115.228810000	2372.5		
T	46.388180000	-115.226110000	2369.9		
T	46.388180000	-115.225310000	2372.1		
T	46.388290000	-115.224670000	2374.4		
T	46.388400000	-115.224310000	2376.1		
T	46.388610000	-115.223810000	2377.1		
T	46.389710000	-115.221760000	2383.1		
T	46.389710000	-115.221750000	2382.9		
T	46.390700000	-115.219900000	2399.7		
T	46.391090000	-115.219040000	2394.7		
T	46.391630000	-115.217670000	2382.5		
T	46.391840000	-115.217220000	2381.5		
T	46.392190000	-115.216650000	2387.9		
T	46.392610000	-115.216160000	2395.9		
T	46.393960000	-115.214860000	2396.5		
T	46.394580000	-115.214130000	2388.3		
T	46.395310000	-115.213100000	2392.1		
T	46.395670000	-115.212480000	2400.6		
T	46.396610000	-115.210550000	2400.4		
T	46.396840000	-115.210220000	2397.7		
T	46.397130000	-115.209940000	2393.3		
T	46.397400000	-115.209780000	2396.9		
T	46.398490000	-115.209380000	2398.0		
T	46.398860000	-115.209170000	2401.7		
T	46.399250000	-115.208850000	2408.2		
T	46.401060000	-115.206700000	2438.9		
T	46.401090000	-115.206650000	2439.6		
T	46.401140000	-115.206600000	2441.5		
T	46.401340000	-115.206270000	2433.1		
T	46.401630000	-115.205600000	2430.4		
T	46.401740000	-115.205260000	2430.0		
T	46.401900000	-115.204440000	2434.4		
T	46.401940000	-115.203940000	2431.8		
T	46.401940000	-115.203510000	2429.6		
T	46.401860000	-115.202750000	2425.6		
T	46.401150000	-115.199700000	2415.2		
T	46.401050000	-115.198580000	2419.3		
T	46.401050000	-115.198250000	2422.8		
T	46.401100000	-115.197680000	2433.9		
T	46.401130000	-115.197530000	2438.3		
T	46.401130000	-115.197470000	2438.3		
T	46.401310000	-115.196730000	2444.6		
T	46.401660000	-115.195830000	2439.2		
T	46.402390000	-115.194450000	2490.9		
T	46.402520000	-115.194050000	2501.9		
T	46.402710000	-115.193240000	2476.8		
T	46.402850000	-115.192800000	2487.9		
T	46.403020000	-115.192500000	2488.6		
T	46.403350000	-115.192140000	2480.5		
T	46.404120000	-115.191610000	2481.2		
T	46.404320000	-115.191430000	2485.1		
T	46.404460000	-115.191270000	2482.3		
T	46.404510000	-115.191230000	2480.9		
T	46.404680000	-115.191010000	2459.5		
T	46.405010000	-115.190440000	2477.9		
T	46.405240000	-115.189830000	2472.6		
T	46.405360000	-115.189280000	2483.9		
T	46.405370000	-115.189270000	2485.6		
T	46.405460000	-115.188520000	2481.8		
T	46.405570000	-115.186640000	2478.9		
T	46.405640000	-115.186150000	2478.9		
T	46.405830000	-115.185530000	2483.6		
T	46.406030000	-115.185150000	2483.8		
T	46.406130000	-115.185010000	2483.5		
T	46.406410000	-115.184740000	2482.5		
T	46.406670000	-115.184590000	2482.2		
T	46.407040000	-115.184510000	2480.5		
T	46.407220000	-115.184510000	2478.0		
T	46.407250000	-115.184520000	2478.2		
T	46.407290000	-115.184520000	2477.3		
T	46.407530000	-115.184590000	2476.7		
T	46.408270000	-115.184960000	2491.4		
T	46.408840000	-115.185180000	2504.6		
T	46.409190000	-115.185230000	2510.9		
T	46.409420000	-115.185200000	2500.9		
T	46.409690000	-115.185100000	2494.2		
T	46.409940000	-115.184930000	2494.8		
T	46.410100000	-115.184780000	2492.0		
T	46.410300000	-115.184530000	2507.7		
T	46.410510000	-115.184120000	2509.3		
T	46.410640000	-115.183730000	2526.7		
T	46.410760000	-115.183100000	2543.6		
T	46.410800000	-115.182610000	2563.9		
T	46.410810000	-115.181830000	2529.5		
T	46.410740000	-115.180250000	2505.9		
T	46.410750000	-115.179700000	2554.7		
T	46.410800000	-115.179230000	2582.4		
T	46.410860000	-115.178990000	2597.8		
T	46.410970000	-115.178710000	2610.6		
T	46.411120000	-115.178450000	2607.1		
T	46.411150000	-115.178420000	2608.3		
T	46.411170000	-115.178380000	2605.4		
T	46.411260000	-115.178270000	2600.9		
T	46.411410000	-115.178130000	2593.3		
T	46.411670000	-115.177970000	2582.7		
T	46.411930000	-115.177880000	2575.0		
T	46.412180000	-115.177830000	2564.3		
T	46.413470000	-115.177730000	2561.2		
T	46.413720000	-115.177680000	2578.0		
T	46.413790000	-115.177650000	2580.5		
T	46.413810000	-115.177650000	2582.6		
T	46.413940000	-115.177590000	2583.0		
T	46.414190000	-115.177420000	2563.9		
T	46.414320000	-115.177300000	2575.5		
T	46.414550000	-115.176990000	2562.8		
T	46.414790000	-115.176480000	2539.6		
T	46.414910000	-115.176000000	2551.0		
T	46.414940000	-115.175410000	2555.4		
T	46.414920000	-115.175090000	2559.5		
T	46.414770000	-115.174410000	2565.1		
T	46.413560000	-115.170640000	2537.8		
T	46.413480000	-115.170230000	2550.5		
T	46.413460000	-115.169610000	2611.3		
T	46.413500000	-115.169320000	2629.0		
T	46.413580000	-115.169050000	2647.4		
T	46.413650000	-115.168890000	2664.3		
T	46.413850000	-115.168550000	2657.4		
T	46.414070000	-115.168320000	2626.1		
T	46.414230000	-115.168200000	2597.8		
T	46.414380000	-115.168140000	2592.8		
T	46.414670000	-115.168080000	2603.7		
T	46.415360000	-115.168020000	2639.6		
T	46.415610000	-115.167960000	2641.3		
T	46.416170000	-115.167660000	2622.8		
T	46.417270000	-115.166890000	2587.6		
T	46.417670000	-115.166690000	2567.2		
T	46.418040000	-115.166560000	2560.9		
T	46.418430000	-115.166470000	2568.0		
T	46.418970000	-115.166460000	2588.2		
T	46.419550000	-115.166390000	2554.7		
T	46.419860000	-115.166260000	2554.3		
T	46.420110000	-115.166050000	2552.6		
T	46.420270000	-115.165860000	2557.1		
T	46.420400000	-115.165640000	2561.5		
T	46.421260000	-115.163370000	2565.3		
T	46.421530000	-115.162900000	2566.1		
T	46.421890000	-115.162390000	2570.4		
T	46.422210000	-115.162050000	2571.6		
T	46.422430000	-115.161860000	2572.0		
T	46.422700000	-115.161670000	2576.0		
T	46.424100000	-115.160830000	2582.7		
T	46.424390000	-115.160550000	2580.5		
T	46.424540000	-115.160350000	2569.9		
T	46.424770000	-115.159930000	2563.1		
T	46.424900000	-115.159600000	2559.3		
T	46.425000000	-115.159240000	2560.2		
T	46.425060000	-115.158910000	2559.0		
T	46.425100000	-115.158440000	2557.5		
T	46.425080000	-115.157820000	2558.0		
T	46.424880000	-115.155730000	2560.6		
T	46.424620000	-115.154300000	2578.5		
T	46.424360000	-115.153400000	2575.7		
T	46.423980000	-115.152430000	2573.4		
T	46.423690000	-115.151810000	2577.9		
T	46.422920000	-115.150550000	2581.3		
T	46.422530000	-115.149810000	2583.2		
T	46.422530000	-115.149800000	2583.5		
T	46.422470000	-115.149670000	2583.7		
T	46.422270000	-115.149070000	2585.7		
T	46.422160000	-115.148550000	2584.9		
T	46.422090000	-115.147840000	2579.3		
T	46.422060000	-115.146420000	2589.4		
T	46.422140000	-115.145820000	2593.9		
T	46.422340000	-115.145320000	2618.6		
T	46.422520000	-115.145040000	2632.1		
T	46.422850000	-115.144670000	2632.5		
T	46.422970000	-115.144570000	2630.5		
T	46.423190000	-115.144450000	2630.7		
T	46.423450000	-115.144360000	2633.8		
T	46.423720000	-115.144310000	2634.6		
T	46.424660000	-115.144310000	2637.3		
T	46.425050000	-115.144270000	2639.0		
T	46.425360000	-115.144170000	2636.4		
T	46.425540000	-115.144090000	2637.9		
T	46.425920000	-115.143860000	2639.6		
T	46.426160000	-115.143630000	2630.9		
T	46.426730000	-115.142970000	2630.5		
T	46.427320000	-115.142100000	2632.2		
T	46.427680000	-115.141450000	2601.3		
T	46.427890000	-115.141000000	2599.9		
T	46.427920000	-115.140960000	2600.7		
T	46.428200000	-115.140310000	2602.4		
T	46.430680000	-115.132770000	2634.3		
T	46.430900000	-115.131850000	2635.4		
T	46.430980000	-115.131230000	2631.6		
T	46.430990000	-115.130640000	2630.2		
T	46.430930000	-115.129970000	2632.7		
T	46.430800000	-115.129390000	2628.4		
T	46.430560000	-115.128660000	2627.5		
T	46.430370000	-115.128220000	2636.5		
T	46.429870000	-115.127250000	2648.7		
T	46.429640000	-115.126720000	2648.6		
T	46.429410000	-115.125960000	2648.4		
T	46.429320000	-115.125450000	2651.5		
T	46.429180000	-115.123880000	2659.4		
T	46.429090000	-115.123270000	2655.5		
T	46.428910000	-115.122610000	2651.4		
T	46.428340000	-115.121110000	2660.1		
T	46.428210000	-115.120640000	2658.5		
T	46.428090000	-115.120020000	2661.5		
T	46.428040000	-115.119190000	2656.5		
T	46.428120000	-115.118230000	2656.6		
T	46.428280000	-115.117080000	2659.1		
T	46.428340000	-115.116820000	2661.1		
T	46.428470000	-115.116440000	2669.1		
T	46.428660000	-115.116070000	2678.5		
T	46.428840000	-115.115830000	2679.3		
T	46.429010000	-115.115670000	2668.8		
T	46.429240000	-115.115510000	2665.9		
T	46.429770000	-115.115290000	2680.4		
T	46.429990000	-115.115230000	2685.6		
T	46.430450000	-115.115020000	2682.3		
T	46.430680000	-115.114840000	2681.5		
T	46.430850000	-115.114640000	2682.5		
T	46.431030000	-115.114380000	2681.2		
T	46.432020000	-115.112550000	2690.1		
T	46.432310000	-115.112160000	2690.7		
T	46.432610000	-115.111910000	2685.1		
T	46.432810000	-115.111800000	2684.3		
T	46.432990000	-115.111740000	2683.2		
T	46.433240000	-115.111700000	2683.6		
T	46.433670000	-115.111730000	2682.7		
T	46.434410000	-115.111970000	2679.0		
T	46.434760000	-115.112040000	2675.9		
T	46.435080000	-115.112030000	2675.2		
T	46.435510000	-115.111890000	2675.4		
T	46.435760000	-115.111750000	2675.9		
T	46.436090000	-115.111490000	2678.6		
T	46.436440000	-115.111080000	2678.8		
T	46.436720000	-115.110580000	2681.8		
T	46.436730000	-115.110530000	2682.2		
T	46.436890000	-115.110120000	2682.2		
T	46.437190000	-115.108990000	2702.9		
T	46.437290000	-115.108360000	2714.5		
T	46.437320000	-115.107550000	2705.7		
T	46.437250000	-115.106860000	2708.8		
T	46.436580000	-115.104250000	2713.6		
T	46.436450000	-115.103540000	2705.5		
T	46.436390000	-115.102890000	2704.3		
T	46.436430000	-115.101840000	2712.1		
T	46.436510000	-115.101290000	2711.4		
T	46.436690000	-115.100560000	2712.2		
T	46.437010000	-115.099710000	2721.3		
T	46.437300000	-115.099180000	2716.8		
T	46.437700000	-115.098650000	2708.9		
T	46.438010000	-115.098330000	2709.4		
T	46.438360000	-115.098040000	2708.9		
T	46.438760000	-115.097810000	2709.2		
T	46.444870000	-115.095410000	2756.8		
T	46.445290000	-115.095200000	2756.6		
T	46.445650000	-115.094940000	2760.4		
T	46.446000000	-115.094550000	2752.5		
T	46.446190000	-115.094260000	2746.8		
T	46.446470000	-115.093660000	2750.3		
T	46.446590000	-115.093240000	2751.9		
T	46.446680000	-115.092610000	2753.3		
T	46.446680000	-115.091840000	2750.0		
T	46.446620000	-115.091380000	2746.0		
T	46.446500000	-115.090810000	2747.3		
T	46.444750000	-115.084660000	2729.8		
T	46.444700000	-115.084150000	2734.8		
T	46.444730000	-115.083420000	2740.8		
T	46.444840000	-115.082920000	2744.0		
T	46.445080000	-115.082270000	2743.3		
T	46.445290000	-115.081910000	2741.2		
T	46.445430000	-115.081730000	2741.3		
T	46.445630000	-115.081540000	2742.3		
T	46.445690000	-115.081500000	2742.9		
T	46.445740000	-115.081450000	2742.9		
T	46.446030000	-115.081270000	2746.0		
T	46.446190000	-115.081200000	2748.3		
T	46.446340000	-115.081160000	2751.4		
T	46.446800000	-115.081140000	2753.3		
T	46.447130000	-115.081220000	2750.0		
T	46.447570000	-115.081450000	2749.0		
T	46.447890000	-115.081730000	2749.5		
T	46.448690000	-115.082650000	2751.8		
T	46.448720000	-115.082670000	2751.7		
T	46.448930000	-115.082890000	2754.5		
T	46.449210000	-115.083130000	2757.6		
T	46.449630000	-115.083400000	2756.5		
T	46.449640000	-115.083400000	2756.2		
T	46.449720000	-115.083450000	2754.4		
T	46.449810000	-115.083480000	2752.5		
T	46.449860000	-115.083510000	2751.9		
T	46.450120000	-115.083580000	2751.3		
T	46.450440000	-115.083610000	2751.1		
T	46.450710000	-115.083590000	2751.0		
T	46.451180000	-115.083440000	2752.0		
T	46.451500000	-115.083280000	2752.9		
T	46.451840000	-115.083010000	2753.2		
T	46.452170000	-115.082660000	2753.9		
T	46.452300000	-115.082480000	2754.0		
T	46.452670000	-115.081780000	2755.2		
T	46.452980000	-115.080800000	2756.6		
T	46.453100000	-115.080190000	2757.4		
T	46.453210000	-115.078910000	2759.0		
T	46.453160000	-115.078120000	2759.7		
T	46.453040000	-115.077270000	2761.7		
T	46.452860000	-115.076570000	2760.4		
T	46.452650000	-115.075980000	2758.2		
T	46.451720000	-115.074080000	2759.1		
T	46.451710000	-115.074070000	2758.8		
T	46.451300000	-115.073220000	2780.9		
T	46.451220000	-115.073000000	2784.1		
T	46.451210000	-115.072990000	2783.5		
T	46.451060000	-115.072560000	2785.1		
T	46.451060000	-115.072530000	2786.4		
T	46.451050000	-115.072520000	2785.5		
T	46.450920000	-115.071950000	2786.8		
T	46.450880000	-115.071510000	2788.2		
T	46.450870000	-115.070740000	2788.3		
T	46.450910000	-115.070310000	2792.3		
T	46.451060000	-115.069700000	2790.5		
T	46.451240000	-115.069170000	2783.7		
T	46.452120000	-115.067330000	2780.7		
T	46.452130000	-115.067320000	2780.8		
T	46.453170000	-115.065210000	2772.7		
T	46.453170000	-115.065200000	2772.6		
T	46.454480000	-115.062630000	2788.4		
T	46.455020000	-115.061860000	2789.8		
T	46.455600000	-115.061280000	2796.0		
T	46.457550000	-115.059600000	2795.0		
T	46.457560000	-115.059600000	2795.3		
T	46.458090000	-115.059000000	2786.6		
T	46.458330000	-115.058600000	2784.6		
T	46.458480000	-115.058280000	2784.2		
T	46.458670000	-115.057730000	2784.3		
T	46.458810000	-115.057020000	2784.6		
T	46.458850000	-115.056460000	2785.4		
T	46.458830000	-115.055870000	2788.9		
T	46.458650000	-115.054650000	2793.3		
T	46.458620000	-115.053840000	2795.5		
T	46.458730000	-115.053170000	2798.5		
T	46.458890000	-115.052680000	2800.2		
T	46.459090000	-115.052270000	2800.3		
T	46.459190000	-115.052110000	2800.1		
T	46.459290000	-115.051990000	2800.3		
T	46.459290000	-115.051980000	2800.2		
T	46.459510000	-115.051730000	2799.7		
T	46.460610000	-115.050760000	2798.1		
T	46.460840000	-115.050480000	2798.2		
T	46.461060000	-115.050150000	2799.1		
T	46.461300000	-115.049680000	2799.2		
T	46.461540000	-115.049020000	2797.0		
T	46.461680000	-115.048440000	2799.5		
T	46.461760000	-115.047720000	2800.4		
T	46.461740000	-115.046850000	2801.4		
T	46.461660000	-115.046340000	2801.6		
T	46.461470000	-115.045630000	2802.0		
T	46.461290000	-115.045170000	2802.3		
T	46.461260000	-115.045120000	2802.2		
T	46.461240000	-115.045060000	2802.1		
T	46.461200000	-115.045000000	2801.9		
T	46.461170000	-115.044920000	2801.9		
T	46.460720000	-115.044230000	2802.3		
T	46.460060000	-115.043410000	2801.8		
T	46.459640000	-115.042760000	2802.4		
T	46.459440000	-115.042310000	2803.1		
T	46.459360000	-115.042060000	2823.7		
T	46.459350000	-115.042050000	2822.7		
T	46.459200000	-115.041400000	2822.5		
T	46.458870000	-115.039040000	2828.2		
T	46.458500000	-115.037430000	2830.0		
T	46.458120000	-115.036140000	2830.8		
T	46.457930000	-115.035010000	2816.4		
T	46.457900000	-115.034020000	2829.4		
T	46.458640000	-115.024590000	2838.6		
T	46.458730000	-115.024130000	2838.0		
T	46.458840000	-115.023780000	2836.9		
T	46.459040000	-115.023340000	2835.0		
T	46.459200000	-115.023080000	2833.8		
T	46.459390000	-115.022850000	2834.5		
T	46.459450000	-115.022800000	2834.8		
T	46.459490000	-115.022750000	2834.6		
T	46.460420000	-115.021930000	2839.4		
T	46.460550000	-115.021840000	2843.5		
T	46.460670000	-115.021730000	2841.6		
T	46.460710000	-115.021710000	2842.1		
T	46.461090000	-115.021300000	2838.8		
T	46.461340000	-115.020900000	2838.0		
T	46.461470000	-115.020610000	2840.1		
T	46.461600000	-115.020220000	2837.6		
T	46.461700000	-115.019800000	2838.9		
T	46.461770000	-115.019290000	2839.3		
T	46.461770000	-115.019130000	2838.7		
T	46.461780000	-115.019100000	2839.1		
T	46.461780000	-115.018710000	2837.7		
T	46.461600000	-115.017160000	2836.5		
T	46.461570000	-115.016400000	2837.8		
T	46.461590000	-115.015990000	2840.1		
T	46.461650000	-115.015560000	2841.3		
T	46.461810000	-115.015030000	2841.9		
T	46.462020000	-115.014490000	2841.7		
T	46.462960000	-115.012640000	2863.1		
T	46.463270000	-115.011600000	2869.1		
T	46.463370000	-115.011050000	2868.5		
T	46.463440000	-115.010200000	2872.7		
T	46.463430000	-115.009330000	2863.1		
T	46.463380000	-115.008780000	2854.6		
T	46.462420000	-115.003880000	2877.7		
T	46.462330000	-115.002960000	2876.5		
T	46.462330000	-115.001280000	2877.3		
T	46.462500000	-115.000150000	2888.6		
T	46.462670000	-114.999450000	2892.4		
T	46.463100000	-114.998220000	2891.9		
T	46.463550000	-114.997320000	2893.2		
T	46.464880000	-114.994970000	2898.4		
T	46.465150000	-114.994580000	2896.7		
T	46.465450000	-114.994230000	2896.9		
T	46.466470000	-114.993210000	2900.8		
T	46.466760000	-114.992840000	2902.8		
T	46.466770000	-114.992810000	2901.9		
T	46.466940000	-114.992540000	2903.8		
T	46.467080000	-114.992240000	2903.0		
T	46.467290000	-114.991650000	2903.8		
T	46.467350000	-114.991410000	2905.7		
T	46.467440000	-114.990830000	2910.1		
T	46.467460000	-114.990490000	2911.7		
T	46.467440000	-114.989730000	2911.1		
T	46.467370000	-114.989140000	2908.0		
T	46.467330000	-114.988960000	2905.8		
T	46.467330000	-114.988910000	2906.0		
T	46.467310000	-114.988860000	2904.7		
T	46.467290000	-114.988710000	2903.8		
T	46.465150000	-114.980660000	2904.5		
T	46.465060000	-114.980010000	2907.7		
T	46.465080000	-114.979400000	2909.4		
T	46.465130000	-114.979150000	2911.0		
T	46.465130000	-114.979100000	2909.9		
T	46.465240000	-114.978740000	2908.8		
T	46.465400000	-114.978390000	2907.4		
T	46.465480000	-114.978270000	2907.5		
T	46.465500000	-114.978220000	2906.5		
T	46.465640000	-114.978030000	2906.2		
T	46.465670000	-114.978010000	2907.3		
T	46.465740000	-114.977920000	2907.0		
T	46.465790000	-114.977880000	2908.2		
T	46.465790000	-114.977870000	2907.7		
T	46.466210000	-114.977450000	2910.4		
T	46.466400000	-114.977200000	2908.8		
T	46.466570000	-114.976900000	2906.3		
T	46.466750000	-114.976460000	2910.0		
T	46.467390000	-114.974040000	2915.2		
T	46.467610000	-114.973520000	2915.7		
T	46.467610000	-114.973510000	2915.5		
T	46.467820000	-114.973160000	2914.6		
T	46.467970000	-114.972960000	2913.3		
T	46.468200000	-114.972710000	2910.4		
T	46.468590000	-114.972450000	2908.6		
T	46.468780000	-114.972370000	2909.1		
T	46.469080000	-114.972280000	2909.8		
T	46.471020000	-114.972020000	2920.4		
T	46.471430000	-114.971880000	2920.7		
T	46.471940000	-114.971610000	2929.3		
T	46.472240000	-114.971410000	2941.2		
T	46.472380000	-114.971290000	2942.7		
T	46.472380000	-114.971280000	2942.6		
T	46.474030000	-114.969790000	2941.1		
T	46.474050000	-114.969780000	2941.4		
T	46.475540000	-114.968380000	2942.1		
T	46.475700000	-114.968200000	2942.3		
T	46.475710000	-114.968200000	2942.9		
T	46.476090000	-114.967650000	2937.5		
T	46.476410000	-114.967030000	2935.6		
T	46.476650000	-114.966440000	2936.8		
T	46.476780000	-114.966010000	2938.3		
T	46.476900000	-114.965460000	2940.7		
T	46.477020000	-114.964290000	2947.2		
T	46.476990000	-114.963400000	2950.4		
T	46.476820000	-114.962370000	2947.2		
T	46.476600000	-114.961630000	2940.4		
T	46.476420000	-114.961210000	2934.7		
T	46.476420000	-114.961200000	2934.8		
T	46.476120000	-114.960620000	2932.0		
T	46.475730000	-114.960050000	2932.7		
T	46.475250000	-114.959530000	2933.1		
T	46.473700000	-114.958250000	2931.8		
T	46.473370000	-114.957900000	2934.5		
T	46.473100000	-114.957530000	2944.8		
T	46.472840000	-114.957030000	2954.3		
T	46.472660000	-114.956460000	2953.8		
T	46.472530000	-114.955550000	2950.9		
T	46.472530000	-114.955060000	2949.2		
T	46.472870000	-114.952410000	2946.8		
T	46.472950000	-114.951120000	2950.8		
T	46.472950000	-114.949470000	2955.0		
T	46.472800000	-114.948220000	2953.6		
T	46.472480000	-114.946740000	2947.0		
T	46.471690000	-114.944240000	2953.2		
T	46.471450000	-114.943700000	2954.4		
T	46.471190000	-114.943360000	2962.0		
T	46.470960000	-114.943160000	2969.6		
T	46.470720000	-114.943040000	2971.6		
T	46.470690000	-114.943040000	2971.2		
T	46.470540000	-114.943000000	2972.3		
T	46.470280000	-114.942990000	2973.5		
T	46.466490000	-114.943340000	2976.4		
T	46.465950000	-114.943360000	2976.3		
T	46.465810000	-114.943330000	2978.2		
T	46.465480000	-114.943190000	2981.8		
T	46.465170000	-114.942920000	2987.1		
T	46.464950000	-114.942630000	2986.9		
T	46.464810000	-114.942370000	2985.3		
T	46.464620000	-114.941880000	2984.6		
T	46.463710000	-114.938840000	2979.5		
T	46.463610000	-114.938290000	2984.3		
T	46.463580000	-114.937950000	2985.1		
T	46.463580000	-114.937390000	2981.1		
T	46.463650000	-114.936490000	2980.8		
T	46.463650000	-114.936020000	2981.7		
T	46.463420000	-114.934290000	2988.6		
T	46.463420000	-114.933620000	2987.0		
T	46.463460000	-114.933390000	2988.4		
T	46.463570000	-114.933000000	2994.0		
T	46.464200000	-114.931540000	2997.2		
T	46.464720000	-114.930480000	2995.9		
T	46.465190000	-114.929650000	2992.8		
T	46.465520000	-114.929250000	2988.9		
T	46.465600000	-114.929180000	2988.2		
T	46.465890000	-114.928990000	2986.6		
T	46.466120000	-114.928890000	2987.0		
T	46.467130000	-114.928640000	2990.2		
T	46.467310000	-114.928560000	2990.6		
T	46.467420000	-114.928490000	2991.0		
T	46.467550000	-114.928370000	2990.8		
T	46.467760000	-114.928100000	2990.3		
T	46.467840000	-114.927950000	2990.7		
T	46.467990000	-114.927510000	2991.9		
T	46.468080000	-114.926790000	2993.5		
T	46.468090000	-114.925520000	2995.1		
T	46.468130000	-114.925310000	2996.2		
T	46.468210000	-114.925050000	2997.7		
T	46.468240000	-114.925010000	2998.3		
T	46.468340000	-114.924800000	2998.4		
T	46.468600000	-114.924440000	2996.2		
T	46.468740000	-114.924310000	2995.0		
T	46.468760000	-114.924300000	2995.0		
T	46.468790000	-114.924270000	2994.5		
T	46.468900000	-114.924210000	2994.1		
T	46.469090000	-114.924150000	2993.7		
T	46.469310000	-114.924120000	2993.8		
T	46.469700000	-114.924140000	2993.2		
T	46.469950000	-114.924200000	2992.7		
T	46.470430000	-114.924370000	2993.4		
T	46.470740000	-114.924430000	2995.4		
T	46.471150000	-114.924410000	2996.6		
T	46.471410000	-114.924350000	2996.5		
T	46.471830000	-114.924210000	3010.0		
T	46.472190000	-114.924020000	3014.5		
T	46.472530000	-114.923760000	3015.0		
T	46.472650000	-114.923630000	3014.2		
T	46.472660000	-114.923630000	3014.9		
T	46.472890000	-114.923380000	3014.8		
T	46.473580000	-114.922390000	3019.0		
T	46.473580000	-114.922380000	3018.7		
T	46.478220000	-114.915080000	3027.0		
T	46.478400000	-114.914650000	3026.0		
T	46.478540000	-114.914110000	3028.6		
T	46.478600000	-114.913610000	3034.9		
T	46.478600000	-114.913220000	3035.5		
T	46.478540000	-114.912690000	3033.3		
T	46.478440000	-114.912260000	3030.2		
T	46.478400000	-114.912160000	3029.3		
T	46.478400000	-114.912130000	3029.5		
T	46.477680000	-114.910440000	3023.0		
T	46.477670000	-114.910430000	3022.9		
T	46.477270000	-114.909580000	3030.7		
T	46.477260000	-114.909570000	3030.4		
T	46.475870000	-114.906530000	3062.5		
T	46.475860000	-114.906520000	3062.3		
T	46.475080000	-114.904620000	3056.9		
T	46.474860000	-114.903870000	3061.8		
T	46.474760000	-114.903340000	3062.9		
T	46.474720000	-114.902860000	3062.2		
T	46.474690000	-114.901360000	3053.4		
T	46.474780000	-114.900630000	3054.0		
T	46.475150000	-114.898890000	3056.9		
T	46.475190000	-114.898500000	3057.4		
T	46.475180000	-114.897910000	3062.1		
T	46.475060000	-114.897350000	3063.0		
T	46.475050000	-114.897340000	3062.1		
T	46.474370000	-114.895220000	3068.4		
T	46.474160000	-114.894800000	3067.3		
T	46.474030000	-114.894620000	3067.3		
T	46.473800000	-114.894380000	3071.9		
T	46.473690000	-114.894310000	3071.5		
T	46.472990000	-114.893970000	3062.1		
T	46.472680000	-114.893760000	3064.4		
T	46.472500000	-114.893560000	3067.4		
T	46.472320000	-114.893270000	3069.7		
T	46.472320000	-114.893260000	3070.2		
T	46.472280000	-114.893200000	3069.9		
T	46.472140000	-114.892820000	3070.8		
T	46.472070000	-114.892500000	3070.5		
T	46.472040000	-114.892210000	3070.4		
T	46.472040000	-114.891920000	3070.3		
T	46.472120000	-114.891500000	3070.3		
T	46.472200000	-114.891240000	3069.4		
T	46.472390000	-114.890880000	3070.9		
T	46.473250000	-114.889840000	3076.9		
T	46.473440000	-114.889560000	3077.0		
T	46.473610000	-114.889230000	3077.3		
T	46.473700000	-114.888990000	3077.2		
T	46.473830000	-114.888440000	3071.1		
T	46.473960000	-114.886950000	3072.4		
T	46.474060000	-114.886540000	3072.6		
T	46.474240000	-114.886070000	3072.8		
T	46.474500000	-114.885690000	3073.0		
T	46.474690000	-114.885500000	3073.9		
T	46.474880000	-114.885350000	3073.9		
T	46.476620000	-114.884220000	3066.8		
T	46.476990000	-114.883870000	3065.7		
T	46.477220000	-114.883550000	3067.3		
T	46.477500000	-114.882930000	3085.1		
T	46.477570000	-114.882710000	3088.5		
T	46.477660000	-114.882270000	3094.2		
T	46.477710000	-114.881670000	3095.2		
T	46.477680000	-114.881040000	3100.4		
T	46.477600000	-114.880590000	3101.3		
T	46.476510000	-114.876740000	3094.9		
T	46.476440000	-114.876330000	3093.0		
T	46.476420000	-114.875850000	3090.2		
T	46.476450000	-114.875520000	3096.5		
T	46.476500000	-114.875280000	3099.6		
T	46.476670000	-114.874800000	3104.9		
T	46.476780000	-114.874600000	3105.5		
T	46.476900000	-114.874440000	3105.7		
T	46.477150000	-114.874220000	3106.3		
T	46.477240000	-114.874160000	3105.6		
T	46.477250000	-114.874160000	3105.9		
T	46.477310000	-114.874120000	3104.4		
T	46.477600000	-114.874040000	3100.9		
T	46.477770000	-114.874040000	3098.9		
T	46.477930000	-114.874070000	3097.1		
T	46.478180000	-114.874150000	3094.1		
T	46.478480000	-114.874370000	3093.6		
T	46.478910000	-114.874820000	3094.3		
T	46.480690000	-114.876990000	3110.8		
T	46.481060000	-114.877320000	3115.6		
T	46.481560000	-114.877610000	3117.5		
T	46.481790000	-114.877700000	3118.3		
T	46.482370000	-114.877830000	3120.9		
T	46.482910000	-114.877900000	3122.7		
T	46.483380000	-114.877900000	3122.4		
T	46.483510000	-114.877880000	3122.2		
T	46.483830000	-114.877780000	3120.0		
T	46.483970000	-114.877710000	3119.5		
T	46.483990000	-114.877710000	3119.7		
T	46.484290000	-114.877490000	3117.6		
T	46.484290000	-114.877480000	3117.4		
T	46.484400000	-114.877380000	3114.7		
T	46.484600000	-114.877140000	3115.1		
T	46.484870000	-114.876650000	3112.2		
T	46.485040000	-114.876180000	3115.4		
T	46.485150000	-114.875640000	3116.8		
T	46.486050000	-114.868540000	3119.6		
T	46.486190000	-114.867970000	3120.3		
T	46.486500000	-114.867290000	3119.3		
T	46.486790000	-114.866920000	3117.8		
T	46.487030000	-114.866690000	3116.5		
T	46.487180000	-114.866590000	3115.2		
T	46.487400000	-114.866480000	3113.4		
T	46.487690000	-114.866380000	3112.5		
T	46.488190000	-114.866260000	3106.5		
T	46.488420000	-114.866170000	3106.5		
T	46.488720000	-114.865960000	3102.7		
T	46.488870000	-114.865820000	3102.3		
T	46.489090000	-114.865550000	3097.6		
T	46.489210000	-114.865360000	3098.9		
T	46.489420000	-114.864910000	3099.1		
T	46.490730000	-114.861230000	3134.3		
T	46.490740000	-114.861220000	3134.8		
T	46.490760000	-114.861140000	3134.4		
T	46.490830000	-114.861000000	3135.9		
T	46.490830000	-114.860990000	3135.7		
T	46.491080000	-114.860480000	3139.7		
T	46.491730000	-114.859370000	3138.8		
T	46.493100000	-114.857470000	3151.7		
T	46.493300000	-114.857050000	3150.8		
T	46.493560000	-114.856360000	3147.9		
T	46.494400000	-114.853290000	3150.0		
T	46.494910000	-114.851860000	3151.0		
T	46.496010000	-114.849460000	3158.1		
T	46.496210000	-114.848910000	3158.2		
T	46.496210000	-114.848880000	3158.9		
T	46.496350000	-114.848320000	3160.1		
T	46.496410000	-114.847830000	3159.8		
T	46.496400000	-114.847070000	3161.9		
T	46.496330000	-114.846590000	3162.4		
T	46.496000000	-114.845100000	3164.3		
T	46.495930000	-114.844470000	3163.0		
T	46.495960000	-114.843400000	3164.0		
T	46.496040000	-114.842950000	3166.3		
T	46.496180000	-114.842500000	3167.7		
T	46.496330000	-114.842130000	3167.2		
T	46.496570000	-114.841700000	3166.6		
T	46.496570000	-114.841690000	3166.6		
T	46.496870000	-114.841240000	3167.6		
T	46.497570000	-114.840440000	3170.7		
T	46.497790000	-114.840140000	3171.4		
T	46.498010000	-114.839730000	3171.9		
T	46.498260000	-114.839110000	3171.6		
T	46.498960000	-114.836630000	3176.8		
T	46.499770000	-114.832650000	3184.9		
T	46.499890000	-114.832270000	3187.3		
T	46.500090000	-114.831810000	3188.4		
T	46.500280000	-114.831520000	3188.7		
T	46.501120000	-114.830600000	3193.1		
T	46.501390000	-114.830220000	3194.9		
T	46.501600000	-114.829810000	3196.0		
T	46.501600000	-114.829790000	3195.7		
T	46.501650000	-114.829700000	3197.1		
T	46.502100000	-114.828140000	3198.3		
T	46.502330000	-114.827660000	3196.8		
T	46.502490000	-114.827400000	3196.6		
T	46.502670000	-114.827180000	3196.7		
T	46.504370000	-114.825520000	3194.8		
T	46.504790000	-114.825050000	3196.2		
T	46.505070000	-114.824490000	3197.2		
T	46.505140000	-114.824280000	3197.8		
T	46.505220000	-114.823920000	3198.1		
T	46.505250000	-114.823290000	3201.7		
T	46.505180000	-114.822750000	3201.3		
T	46.505020000	-114.822300000	3202.3		
T	46.504030000	-114.820280000	3207.4		
T	46.503730000	-114.819750000	3207.6		
T	46.502790000	-114.818580000	3210.0		
T	46.502400000	-114.817970000	3211.8		
T	46.502300000	-114.817750000	3212.3		
T	46.502140000	-114.817270000	3212.4		
T	46.502050000	-114.816860000	3212.8		
T	46.502020000	-114.816590000	3215.7		
T	46.502020000	-114.816170000	3215.4		
T	46.502240000	-114.813880000	3216.8		
T	46.502330000	-114.813520000	3217.4		
T	46.502540000	-114.812980000	3218.9		
T	46.502670000	-114.812760000	3220.1		
T	46.502900000	-114.812490000	3220.0		
T	46.503290000	-114.812200000	3220.9		
T	46.503550000	-114.812100000	3221.6		
T	46.504460000	-114.811940000	3221.5		
T	46.504480000	-114.811930000	3221.6		
T	46.504630000	-114.811910000	3223.2		
T	46.504810000	-114.811850000	3223.6		
T	46.505040000	-114.811730000	3224.6		
T	46.505240000	-114.811580000	3226.2		
T	46.505370000	-114.811430000	3226.6		
T	46.505490000	-114.811240000	3227.4		
T	46.505650000	-114.810820000	3229.1		
T	46.505700000	-114.810500000	3231.5		
T	46.505700000	-114.810020000	3233.1		
T	46.505660000	-114.809730000	3233.1		
T	46.504880000	-114.807110000	3242.7		
T	46.504700000	-114.806700000	3243.0		
T	46.504030000	-114.805560000	3245.1		
T	46.503890000	-114.805220000	3243.0		
T	46.503820000	-114.804820000	3241.0		
T	46.503830000	-114.804520000	3240.1		
T	46.503900000	-114.804060000	3240.4		
T	46.504240000	-114.802730000	3247.4		
T	46.504810000	-114.799000000	3247.4		
T	46.504900000	-114.798700000	3251.7		
T	46.504990000	-114.798490000	3251.9		
T	46.505110000	-114.798290000	3253.1		
T	46.505280000	-114.798090000	3254.2		
T	46.505550000	-114.797900000	3255.5		
T	46.506130000	-114.797630000	3258.4		
T	46.506180000	-114.797590000	3258.5		
T	46.506190000	-114.797590000	3258.5		
T	46.506360000	-114.797450000	3259.2		
T	46.506630000	-114.797130000	3260.9		
T	46.507250000	-114.796040000	3263.0		
T	46.507440000	-114.795760000	3264.7		
T	46.507560000	-114.795620000	3266.4		
T	46.507590000	-114.795600000	3265.7		
T	46.507610000	-114.795570000	3265.2		
T	46.507900000	-114.795400000	3265.7		
T	46.508030000	-114.795350000	3266.0		
T	46.509000000	-114.795120000	3267.4		
T	46.509330000	-114.795010000	3269.8		
T	46.509500000	-114.794900000	3268.6		
T	46.509770000	-114.794670000	3269.2		
T	46.509980000	-114.794420000	3270.3		
T	46.510190000	-114.794060000	3270.0		
T	46.510310000	-114.793760000	3270.5		
T	46.510390000	-114.793450000	3270.5		
T	46.510480000	-114.792890000	3270.8		
T	46.510930000	-114.784920000	3289.8		
T	46.510930000	-114.784390000	3292.2		
T	46.510820000	-114.783250000	3294.2		
T	46.510690000	-114.782500000	3294.5		
T	46.510490000	-114.781730000	3294.7		
T	46.510240000	-114.781000000	3295.0		
T	46.509870000	-114.780210000	3294.8		
T	46.509130000	-114.779030000	3294.8		
T	46.507970000	-114.777390000	3296.4		
T	46.507740000	-114.776950000	3296.3		
T	46.507550000	-114.776500000	3296.4		
T	46.507420000	-114.776070000	3295.2		
T	46.507300000	-114.775510000	3295.2		
T	46.507250000	-114.775110000	3294.5		
T	46.507230000	-114.774100000	3294.0		
T	46.507270000	-114.773700000	3294.4		
T	46.507500000	-114.772680000	3294.8		
T	46.508490000	-114.769870000	3302.6		
T	46.508610000	-114.769430000	3304.2		
T	46.509280000	-114.765310000	3314.8		
T	46.509410000	-114.764880000	3316.5		
T	46.509410000	-114.764860000	3316.7		
T	46.509730000	-114.764070000	3317.4		
T	46.509970000	-114.763580000	3318.8		
T	46.509990000	-114.763560000	3318.3		
T	46.510080000	-114.763400000	3319.1		
T	46.510570000	-114.762710000	3321.5		
T	46.511060000	-114.762220000	3322.6		
T	46.514060000	-114.760350000	3327.1		
T	46.514360000	-114.760130000	3328.8		
T	46.515010000	-114.759500000	3329.9		
T	46.515200000	-114.759270000	3329.6		
T	46.515660000	-114.758560000	3331.6		
T	46.515920000	-114.758070000	3332.9		
T	46.516180000	-114.757450000	3337.1		
T	46.516390000	-114.756750000	3343.0		
T	46.516630000	-114.755330000	3353.0		
T	46.516660000	-114.754500000	3349.6		
T	46.516460000	-114.745280000	3343.0		
T	46.516510000	-114.744430000	3339.2		
T	46.516760000	-114.742750000	3345.2		
T	46.517380000	-114.740200000	3378.4		
T	46.517530000	-114.738700000	3386.8		
T	46.517510000	-114.737570000	3387.5		
T	46.517460000	-114.737030000	3393.3		
T	46.517340000	-114.736440000	3398.4		
T	46.517220000	-114.736100000	3401.7		
T	46.517100000	-114.735850000	3405.4		
T	46.516930000	-114.735580000	3410.2		
T	46.516840000	-114.735480000	3412.0		
T	46.516620000	-114.735320000	3414.6		
T	46.516450000	-114.735240000	3416.7		
T	46.515380000	-114.734970000	3431.7		
T	46.515070000	-114.734840000	3437.1		
T	46.515060000	-114.734840000	3437.2		
T	46.515040000	-114.734820000	3437.0		
T	46.514970000	-114.734780000	3438.2		
T	46.514690000	-114.734520000	3441.9		
T	46.514560000	-114.734340000	3444.0		
T	46.514390000	-114.734010000	3445.3		
T	46.514380000	-114.733970000	3445.1		
T	46.514370000	-114.733970000	3445.4		
T	46.514300000	-114.733760000	3445.2		
T	46.514300000	-114.733740000	3445.1		
T	46.514260000	-114.733620000	3444.6		
T	46.513600000	-114.730220000	3454.7		
T	46.513590000	-114.730200000	3455.3		
T	46.513540000	-114.729660000	3456.5		
T	46.513550000	-114.729040000	3457.8		
T	46.513660000	-114.728480000	3460.0		
T	46.513890000	-114.727850000	3458.1		
T	46.514480000	-114.726580000	3460.7		
T	46.514660000	-114.726060000	3461.7		
T	46.514760000	-114.725640000	3462.6		
T	46.514760000	-114.725590000	3462.3		
T	46.514780000	-114.725530000	3463.2		
T	46.514840000	-114.725030000	3462.7		
T	46.514840000	-114.724160000	3463.3		
T	46.514770000	-114.723620000	3463.1		
T	46.514050000	-114.720690000	3475.0		
T	46.513960000	-114.720190000	3481.0		
T	46.513920000	-114.719650000	3487.7		
T	46.513610000	-114.719550000	3480.0		
T	46.513420000	-114.719360000	3472.9		
T	46.513280000	-114.719250000	3468.5		
T	46.513150000	-114.719240000	3464.8		
T	46.513030000	-114.719270000	3462.3		
T	46.512920000	-114.719350000	3459.3		
T	46.512790000	-114.719510000	3455.7		
T	46.512660000	-114.719720000	3452.9		
T	46.512580000	-114.719780000	3452.5		
T	46.512470000	-114.719830000	3450.6		
T	46.512280000	-114.719770000	3448.5		
T	46.512030000	-114.719620000	3442.0		
T	46.511750000	-114.719380000	3439.4		
T	46.511510000	-114.719210000	3433.7		
T	46.510800000	-114.718870000	3425.1		
T	46.510690000	-114.718780000	3425.0		
T	46.510740000	-114.719090000	3422.1		
T	46.510850000	-114.719330000	3419.3		
T	46.511030000	-114.719520000	3419.4		
T	46.511240000	-114.719800000	3416.9		
T	46.511590000	-114.720460000	3402.7		
T	46.511750000	-114.720900000	3398.5		
T	46.511930000	-114.721640000	3397.3		
T	46.512350000	-114.721950000	3398.4		
T	46.512600000	-114.722250000	3396.6		
T	46.512670000	-114.722360000	3396.2		
T	46.512700000	-114.722460000	3395.9		
T	46.512720000	-114.722690000	3396.0		
T	46.512710000	-114.722750000	3395.8		
T	46.512660000	-114.722870000	3395.1		
T	46.512540000	-114.722970000	3394.5		
T	46.512660000	-114.722870000	3395.1		
T	46.512710000	-114.722750000	3395.8		
T	46.512720000	-114.722690000	3396.0		
T	46.512700000	-114.722460000	3395.9		
T	46.512670000	-114.722360000	3396.2		
T	46.512600000	-114.722250000	3396.6		
T	46.512350000	-114.721950000	3398.4		
T	46.511930000	-114.721640000	3397.3		
T	46.511750000	-114.720900000	3398.5		
T	46.511590000	-114.720460000	3402.7		
T	46.511240000	-114.719800000	3416.9		
T	46.511030000	-114.719520000	3419.4		
T	46.510850000	-114.719330000	3419.3		
T	46.510740000	-114.719090000	3422.1		
T	46.510690000	-114.718780000	3425.0		
T	46.510640000	-114.718750000	3425.1		
T	46.510420000	-114.718450000	3423.8		
T	46.510420000	-114.718440000	3423.9		
T	46.510280000	-114.718160000	3420.9		
T	46.510260000	-114.718040000	3422.1		
T	46.510190000	-114.716570000	3399.4		
T	46.510090000	-114.715920000	3396.7		
T	46.510080000	-114.715560000	3389.9		
T	46.510100000	-114.715250000	3387.0		
T	46.510370000	-114.713500000	3396.5		
T	46.510320000	-114.711610000	3408.2		
T	46.510390000	-114.710750000	3411.6		
T	46.510380000	-114.710010000	3413.1		
T	46.510240000	-114.709200000	3413.5		
T	46.510100000	-114.708800000	3415.9		
T	46.509880000	-114.708390000	3417.5		
T	46.509340000	-114.707630000	3419.3		
T	46.509310000	-114.707570000	3420.0		
T	46.509310000	-114.707560000	3420.3		
T	46.509200000	-114.707330000	3421.0		
T	46.509140000	-114.707110000	3421.7		
T	46.509070000	-114.706590000	3423.4		
T	46.508890000	-114.705970000	3423.6		
T	46.508630000	-114.705300000	3423.4		
T	46.508480000	-114.704990000	3423.0		
T	46.508250000	-114.704310000	3426.0		
T	46.508120000	-114.703560000	3427.2		
T	46.507870000	-114.701100000	3424.8		
T	46.507860000	-114.700650000	3425.4		
T	46.507880000	-114.700480000	3425.3		
T	46.508000000	-114.699950000	3427.2		
T	46.508530000	-114.698270000	3422.8		
T	46.508540000	-114.698260000	3422.8		
T	46.508860000	-114.697120000	3422.8		
T	46.509650000	-114.695220000	3428.4		
T	46.509870000	-114.694580000	3430.4		
T	46.509930000	-114.694290000	3430.1		
T	46.509910000	-114.693020000	3427.6		
T	46.509640000	-114.689040000	3436.8		
T	46.509600000	-114.688880000	3437.7		
T	46.509540000	-114.688740000	3436.7		
T	46.509230000	-114.688310000	3439.8		
T	46.509220000	-114.688310000	3439.5		
T	46.508870000	-114.687990000	3441.8		
T	46.508420000	-114.687500000	3437.8		
T	46.508020000	-114.686920000	3439.6		
T	46.507880000	-114.686660000	3440.6		
T	46.507810000	-114.686410000	3441.2		
T	46.507800000	-114.686230000	3443.0		
T	46.508090000	-114.685210000	3460.0		
T	46.508260000	-114.684820000	3463.5		
T	46.508350000	-114.684700000	3463.7		
T	46.508870000	-114.684200000	3461.4		
T	46.509080000	-114.683950000	3462.6		
T	46.509230000	-114.683670000	3465.5		
T	46.509270000	-114.683480000	3466.4		
T	46.509280000	-114.683320000	3467.8		
T	46.509260000	-114.683160000	3469.1		
T	46.509170000	-114.682790000	3470.4		
T	46.509160000	-114.682650000	3471.1		
T	46.509190000	-114.682510000	3470.4		
T	46.509310000	-114.682360000	3468.8		
T	46.509500000	-114.682240000	3469.3		
T	46.509570000	-114.682420000	3471.5		
T	46.509630000	-114.682720000	3475.2		
T	46.509640000	-114.683120000	3481.1		
T	46.509590000	-114.683550000	3488.8		
T	46.509510000	-114.683940000	3496.8		
T	46.509380000	-114.684310000	3503.4		
T	46.509300000	-114.684450000	3506.5		
T	46.508800000	-114.685100000	3532.2		
T	46.508650000	-114.685380000	3532.8		
T	46.508550000	-114.685670000	3536.2		
T	46.508580000	-114.686090000	3544.8		
T	46.508680000	-114.686450000	3551.1		
T	46.508780000	-114.686650000	3554.2		
T	46.509000000	-114.686870000	3559.6		
T	46.510480000	-114.688070000	3599.4		
T	46.510690000	-114.688180000	3604.3		
T	46.510840000	-114.688220000	3606.7		
T	46.510960000	-114.688210000	3607.6		
T	46.511120000	-114.688170000	3608.2		
T	46.511280000	-114.688090000	3608.3		
T	46.511500000	-114.687880000	3609.0		
T	46.512190000	-114.687050000	3616.3		
T	46.512670000	-114.686680000	3617.9		
T	46.512960000	-114.686620000	3619.2		
T	46.513350000	-114.686620000	3621.4		
T	46.513550000	-114.686660000	3622.4		
T	46.513740000	-114.686730000	3623.9		
T	46.513950000	-114.686870000	3625.3		
T	46.514180000	-114.687060000	3627.8		
T	46.515540000	-114.688640000	3630.5		
T	46.515840000	-114.688890000	3632.5		
T	46.516130000	-114.689060000	3631.9		
T	46.516380000	-114.689140000	3631.0		
T	46.516660000	-114.689170000	3632.3		
T	46.516910000	-114.689140000	3632.8		
T	46.517090000	-114.689090000	3633.0		
T	46.517480000	-114.688830000	3633.1		
T	46.519000000	-114.687510000	3641.5		
T	46.519220000	-114.687400000	3644.0		
T	46.519430000	-114.687370000	3645.6		
T	46.519610000	-114.687440000	3645.9		
T	46.519970000	-114.687690000	3646.8		
T	46.520090000	-114.687240000	3646.4		
T	46.520180000	-114.687000000	3646.0		
T	46.521320000	-114.682550000	3638.9		
T	46.521550000	-114.681910000	3638.2		
T	46.521770000	-114.681480000	3637.8		
T	46.522020000	-114.681100000	3638.2		
T	46.522370000	-114.680720000	3636.1		
T	46.522760000	-114.680430000	3633.9		
T	46.524150000	-114.679810000	3619.9		
T	46.524160000	-114.679810000	3619.8		
T	46.524410000	-114.679710000	3617.0		
T	46.524650000	-114.679580000	3614.4		
T	46.524900000	-114.679360000	3610.1		
T	46.525240000	-114.678960000	3604.2		
T	46.525370000	-114.678770000	3601.6		
T	46.525380000	-114.678770000	3601.6		
T	46.525770000	-114.678270000	3595.0		
T	46.526030000	-114.678020000	3592.4		
T	46.526140000	-114.677960000	3591.3		
T	46.526380000	-114.677870000	3588.9		
T	46.526440000	-114.677860000	3588.3		
T	46.526730000	-114.677870000	3584.9		
T	46.526990000	-114.677920000	3581.0		
T	46.527710000	-114.678130000	3571.3		
T	46.528210000	-114.678210000	3566.1		
T	46.528450000	-114.678200000	3563.6		
T	46.528820000	-114.678120000	3560.4		
T	46.528920000	-114.678070000	3558.8		
T	46.528930000	-114.678070000	3558.8		
T	46.529110000	-114.677960000	3557.4		
T	46.529950000	-114.677290000	3549.8		
T	46.530210000	-114.677150000	3549.9		
T	46.530350000	-114.677100000	3550.1		
T	46.530460000	-114.677080000	3550.0		
T	46.530550000	-114.677080000	3549.8		
T	46.530570000	-114.677070000	3549.8		
T	46.530880000	-114.677080000	3550.8		
T	46.531110000	-114.677120000	3551.0		
T	46.531980000	-114.677390000	3553.7		
T	46.532220000	-114.677420000	3553.8		
T	46.532770000	-114.677430000	3557.5		
T	46.533020000	-114.677410000	3558.9		
T	46.533620000	-114.677290000	3561.6		
T	46.535630000	-114.676670000	3567.5		
T	46.536260000	-114.676540000	3570.5		
T	46.537600000	-114.676400000	3575.2		
T	46.538740000	-114.675990000	3581.2		
T	46.539560000	-114.675300000	3585.0		
T	46.539740000	-114.675180000	3586.1		
T	46.540040000	-114.675040000	3588.3		
T	46.540270000	-114.674970000	3589.4		
T	46.540820000	-114.674920000	3592.0		
T	46.541090000	-114.674940000	3592.7		
T	46.541380000	-114.675010000	3593.5		
T	46.542190000	-114.675290000	3594.0		
T	46.542210000	-114.675290000	3594.2		
T	46.542690000	-114.675440000	3596.0		
T	46.543610000	-114.675620000	3598.4		
T	46.543940000	-114.675630000	3599.1		
T	46.544170000	-114.675590000	3600.3		
T	46.544520000	-114.675470000	3601.6		
T	46.544880000	-114.675300000	3602.5		
T	46.546550000	-114.674140000	3610.8		
T	46.546810000	-114.674040000	3611.6		
T	46.547030000	-114.674000000	3611.8		
T	46.548720000	-114.673930000	3619.5		
T	46.548970000	-114.673890000	3620.6		
T	46.549840000	-114.673570000	3623.9		
T	46.550900000	-114.673090000	3629.7		
T	46.551220000	-114.672800000	3631.6		
T	46.551480000	-114.672440000	3633.0		
T	46.551670000	-114.672060000	3633.7		
T	46.552180000	-114.670410000	3641.3		
T	46.552410000	-114.670010000	3642.6		
T	46.552540000	-114.669830000	3643.6		
T	46.552760000	-114.669610000	3645.1		
T	46.552840000	-114.669550000	3644.9		
T	46.552840000	-114.669540000	3645.0		
T	46.553810000	-114.669020000	3648.4		
T	46.554100000	-114.668760000	3650.4		
T	46.554320000	-114.668410000	3651.9		
T	46.554440000	-114.668110000	3653.1		
T	46.554520000	-114.667820000	3654.0		
T	46.554570000	-114.667430000	3654.9		
T	46.554480000	-114.665810000	3660.3		
T	46.554490000	-114.665460000	3662.7		
T	46.554540000	-114.665160000	3663.0		
T	46.554620000	-114.664880000	3664.2		
T	46.554710000	-114.664670000	3665.4		
T	46.554830000	-114.664470000	3666.1		
T	46.555040000	-114.664220000	3666.9		
T	46.555450000	-114.663850000	3668.7		
T	46.557030000	-114.662600000	3677.8		
T	46.557240000	-114.662390000	3679.6		
T	46.557380000	-114.662200000	3680.6		
T	46.557570000	-114.661820000	3682.1		
T	46.557690000	-114.661390000	3683.6		
T	46.557780000	-114.660280000	3687.6		
T	46.557880000	-114.659740000	3689.9		
T	46.558040000	-114.659300000	3692.8		
T	46.558150000	-114.659080000	3692.7		
T	46.558350000	-114.658780000	3694.3		
T	46.558960000	-114.658130000	3697.7		
T	46.559100000	-114.657930000	3698.4		
T	46.559300000	-114.657500000	3700.5		
T	46.559420000	-114.657110000	3701.9		
T	46.559500000	-114.656610000	3704.0		
T	46.559730000	-114.653480000	3714.5		
T	46.559880000	-114.652680000	3719.4		
T	46.560180000	-114.651870000	3721.9		
T	46.560640000	-114.651120000	3724.1		
T	46.563400000	-114.647640000	3740.9		
T	46.563640000	-114.647260000	3742.8		
T	46.566500000	-114.641400000	3767.9		
T	46.569480000	-114.635720000	3793.9		
T	46.569680000	-114.635260000	3796.1		
T	46.569900000	-114.634570000	3798.6		
T	46.570020000	-114.633930000	3801.2		
T	46.570070000	-114.633070000	3804.5		
T	46.569920000	-114.631110000	3812.4		
T	46.569940000	-114.630410000	3816.3		
T	46.570030000	-114.630010000	3817.9		
T	46.570190000	-114.629620000	3819.7		
T	46.570230000	-114.629560000	3820.2		
T	46.570230000	-114.629550000	3820.4		
T	46.570330000	-114.629390000	3821.4		
T	46.570490000	-114.629210000	3822.4		
T	46.570720000	-114.629030000	3823.6		
T	46.570790000	-114.629000000	3823.5		
T	46.570830000	-114.628970000	3823.8		
T	46.572720000	-114.628230000	3835.0		
T	46.572950000	-114.628100000	3836.7		
T	46.573220000	-114.627910000	3838.2		
T	46.573230000	-114.627910000	3838.3		
T	46.573470000	-114.627720000	3840.0		
T	46.573830000	-114.627370000	3842.2		
T	46.574240000	-114.626850000	3845.2		
T	46.574240000	-114.626840000	3845.1		
T	46.574360000	-114.626660000	3846.1		
T	46.577170000	-114.621290000	3891.3		
T	46.577390000	-114.620800000	3893.5		
T	46.577570000	-114.620280000	3896.1		
T	46.577710000	-114.619710000	3898.3		
T	46.577780000	-114.619220000	3900.0		
T	46.577810000	-114.618610000	3901.8		
T	46.577720000	-114.616610000	3905.7		
T	46.577760000	-114.616080000	3907.8		
T	46.577870000	-114.615530000	3907.9		
T	46.578800000	-114.612850000	3920.9		
T	46.579070000	-114.612390000	3925.3		
T	46.579400000	-114.612040000	3930.2		
T	46.579700000	-114.611850000	3933.4		
T	46.580030000	-114.611740000	3936.1		
T	46.580040000	-114.611730000	3936.2		
T	46.580420000	-114.611630000	3940.5		
T	46.580580000	-114.611550000	3924.1		
T	46.580770000	-114.611390000	3908.5		
T	46.581020000	-114.611080000	3930.7		
T	46.581190000	-114.610760000	3956.4		
T	46.580200000	-114.610730000	3962.4		
T	46.579770000	-114.610910000	3955.2		
T	46.579320000	-114.611140000	3943.3		
T	46.579120000	-114.611320000	3938.2		
T	46.578920000	-114.611560000	3938.5		
T	46.578520000	-114.611950000	3931.0		
T	46.578430000	-114.611950000	3930.7		
T	46.578260000	-114.611780000	3928.3		
T	46.578100000	-114.611550000	3927.6		
T	46.578100000	-114.611540000	3927.6		
T	46.577960000	-114.611250000	3924.5		
T	46.577860000	-114.610780000	3923.5		
T	46.577870000	-114.610280000	3922.9		
T	46.578110000	-114.609070000	3944.0		
T	46.578120000	-114.608610000	3947.4		
T	46.578190000	-114.608140000	3952.0		
T	46.578270000	-114.607840000	3955.3		
T	46.578310000	-114.607460000	3959.6		
T	46.578300000	-114.607250000	3960.4		
T	46.578090000	-114.606850000	3954.5		
T	46.578090000	-114.606840000	3954.6		
T	46.577900000	-114.606580000	3956.1		
T	46.577820000	-114.606420000	3957.9		
T	46.577720000	-114.606000000	3962.3		
T	46.577690000	-114.605450000	3972.5		
T	46.577710000	-114.605250000	3972.9		
T	46.577660000	-114.604510000	3975.7		
T	46.577670000	-114.604400000	3977.0		
T	46.577830000	-114.603850000	3987.7		
T	46.577940000	-114.603330000	3991.7		
T	46.577950000	-114.603170000	3992.2		
T	46.577920000	-114.602590000	3996.2		
T	46.577610000	-114.601170000	4001.8		
T	46.577650000	-114.600930000	4005.4		
T	46.577610000	-114.600820000	4001.1		
T	46.577570000	-114.600580000	4000.1		
T	46.577610000	-114.600190000	3997.8		
T	46.577740000	-114.599810000	4002.2		
T	46.577790000	-114.599470000	4009.7		
T	46.577800000	-114.598950000	4016.1		
T	46.577780000	-114.598700000	4016.5		
T	46.577730000	-114.598430000	4018.8		
T	46.577610000	-114.598090000	4015.6		
T	46.577590000	-114.597840000	4018.5		
T	46.577540000	-114.597670000	4019.1		
T	46.577330000	-114.597270000	4023.1		
T	46.577240000	-114.596980000	4029.7		
T	46.577250000	-114.595780000	4065.4		
T	46.577320000	-114.595050000	4076.5		
T	46.577360000	-114.594900000	4078.1		
T	46.577430000	-114.594810000	4078.9		
T	46.577560000	-114.594770000	4080.5		
T	46.577600000	-114.594730000	4081.5		
T	46.577680000	-114.594570000	4084.2		
T	46.577730000	-114.594550000	4086.6		
T	46.577780000	-114.594780000	4096.8		
T	46.577800000	-114.595450000	4107.7		
T	46.577850000	-114.595660000	4114.0		
T	46.577930000	-114.595810000	4114.0		
T	46.578070000	-114.595930000	4120.4		
T	46.578170000	-114.595990000	4129.2		
T	46.578270000	-114.596000000	4134.0		
T	46.578380000	-114.595970000	4133.9		
T	46.578480000	-114.595960000	4132.4		
T	46.578890000	-114.595600000	4146.7		
T	46.578800000	-114.595260000	4153.0		
T	46.578830000	-114.595080000	4156.0		
T	46.578890000	-114.594990000	4157.8		
T	46.579010000	-114.595000000	4159.8		
T	46.579090000	-114.595060000	4160.6		
T	46.579160000	-114.595270000	4164.3		
T	46.579270000	-114.595810000	4170.7		
T	46.579490000	-114.596290000	4175.8		
T	46.579540000	-114.596520000	4180.2		
T	46.579670000	-114.596850000	4179.6		
T	46.579790000	-114.597050000	4187.0		
T	46.579910000	-114.597390000	4199.0		
T	46.579830000	-114.598340000	4205.3		
T	46.579900000	-114.598730000	4204.4		
T	46.579990000	-114.598950000	4214.3		
T	46.580040000	-114.599350000	4221.4		
T	46.580150000	-114.599580000	4224.9		
T	46.580300000	-114.599790000	4226.0		
T	46.580510000	-114.600180000	4234.4		
T	46.580620000	-114.600280000	4236.1		
T	46.580760000	-114.600330000	4238.6		
T	46.581270000	-114.600380000	4246.8		
T	46.581490000	-114.600310000	4251.4		
T	46.581590000	-114.600220000	4255.4		
T	46.581630000	-114.600020000	4262.6		
T	46.581570000	-114.598990000	4282.0		
T	46.581620000	-114.598810000	4282.8		
T	46.581710000	-114.598710000	4282.7		
T	46.581790000	-114.598680000	4282.6		
T	46.581940000	-114.598690000	4284.2		
T	46.582080000	-114.598760000	4287.3		
T	46.582370000	-114.599040000	4292.0		
T	46.582690000	-114.599090000	4293.3		
T	46.582800000	-114.599140000	4295.1		
T	46.582810000	-114.599140000	4295.5		
T	46.582930000	-114.599280000	4300.3		
T	46.583060000	-114.599490000	4303.1		
T	46.583240000	-114.599690000	4312.4		
T	46.583400000	-114.599800000	4317.9		
T	46.583610000	-114.599900000	4329.8		
T	46.583860000	-114.600060000	4332.2		
T	46.584420000	-114.600510000	4345.7		
T	46.584530000	-114.600620000	4350.8		
T	46.584570000	-114.600790000	4347.0		
T	46.584640000	-114.600980000	4347.7		
T	46.584690000	-114.601030000	4346.9		
T	46.584800000	-114.601020000	4346.9		
T	46.584930000	-114.600970000	4349.8		
T	46.585090000	-114.600870000	4353.5		
T	46.585180000	-114.600740000	4356.3		
T	46.585160000	-114.600520000	4362.1		
T	46.585100000	-114.600410000	4366.2		
T	46.584770000	-114.600330000	4374.5		
T	46.584560000	-114.600220000	4378.8		
T	46.584350000	-114.600000000	4384.4		
T	46.584120000	-114.599710000	4388.8		
T	46.583770000	-114.599470000	4395.2		
T	46.583620000	-114.599280000	4396.3		
T	46.583620000	-114.599270000	4397.3		
T	46.583520000	-114.599120000	4399.5		
T	46.583480000	-114.598850000	4411.2		
T	46.583510000	-114.598500000	4413.7		
T	46.583500000	-114.598320000	4416.1		
T	46.583310000	-114.597840000	4422.7		
T	46.583260000	-114.597590000	4425.3		
T	46.582720000	-114.596230000	4453.8		
T	46.582480000	-114.596120000	4455.1		
T	46.582240000	-114.595410000	4459.3		
T	46.582190000	-114.595340000	4460.3		
T	46.582090000	-114.595390000	4462.2		
T	46.581860000	-114.595650000	4462.9		
T	46.581760000	-114.595800000	4461.0		
T	46.581440000	-114.596000000	4469.1		
T	46.581290000	-114.596050000	4468.4		
T	46.581040000	-114.595820000	4467.2		
T	46.580860000	-114.595500000	4473.9		
T	46.580820000	-114.595380000	4475.9		
T	46.580860000	-114.595090000	4482.2		
T	46.580860000	-114.594940000	4479.5		
T	46.580830000	-114.594830000	4480.2		
T	46.580750000	-114.594750000	4478.7		
T	46.580650000	-114.594580000	4482.4		
T	46.580600000	-114.594380000	4489.1		
T	46.580600000	-114.593990000	4493.4		
T	46.580670000	-114.593850000	4501.8		
T	46.580850000	-114.593720000	4501.5		
T	46.580930000	-114.593610000	4505.3		
T	46.580940000	-114.593440000	4503.3		
T	46.580900000	-114.593300000	4506.2		
T	46.580720000	-114.593050000	4510.0		
T	46.580650000	-114.592870000	4514.0		
T	46.580630000	-114.592630000	4524.6		
T	46.580650000	-114.592460000	4528.3		
T	46.580820000	-114.592190000	4534.4		
T	46.581000000	-114.592140000	4538.0		
T	46.581300000	-114.592160000	4539.3		
T	46.581470000	-114.592150000	4543.9		
T	46.581510000	-114.592100000	4544.7		
T	46.581520000	-114.592020000	4544.9		
T	46.581400000	-114.591590000	4550.5		
T	46.581410000	-114.591450000	4551.4		
T	46.581480000	-114.591250000	4554.4		
T	46.581580000	-114.591090000	4558.0		
T	46.581800000	-114.590910000	4566.1		
T	46.582000000	-114.590840000	4568.8		
T	46.582220000	-114.590790000	4572.3		
T	46.582380000	-114.590680000	4577.7		
T	46.582660000	-114.590160000	4590.4		
T	46.583150000	-114.588730000	4609.8		
T	46.583370000	-114.588410000	4614.4		
T	46.583650000	-114.588160000	4613.8		
T	46.583690000	-114.588090000	4614.8		
T	46.583700000	-114.588000000	4615.4		
T	46.583650000	-114.587790000	4620.5		
T	46.583670000	-114.587650000	4625.2		
T	46.583820000	-114.587340000	4627.4		
T	46.584020000	-114.586700000	4634.9		
T	46.584050000	-114.586550000	4640.2		
T	46.584120000	-114.586340000	4639.7		
T	46.584210000	-114.586170000	4644.3		
T	46.584380000	-114.586070000	4645.5		
T	46.584540000	-114.586040000	4653.1		
T	46.584680000	-114.585920000	4650.5		
T	46.584780000	-114.585790000	4651.8		
T	46.584840000	-114.584570000	4663.1		
T	46.584930000	-114.584400000	4670.1		
T	46.585020000	-114.584340000	4674.4		
T	46.585130000	-114.584300000	4672.5		
T	46.585770000	-114.584350000	4687.6		
T	46.586160000	-114.584430000	4692.2		
T	46.586260000	-114.584410000	4691.4		
T	46.586340000	-114.584320000	4691.7		
T	46.586360000	-114.584040000	4694.7		
T	46.586420000	-114.583960000	4695.4		
T	46.586690000	-114.583920000	4697.4		
T	46.586780000	-114.583860000	4698.0		
T	46.586820000	-114.583780000	4699.0		
T	46.586910000	-114.583480000	4703.8		
T	46.587030000	-114.583300000	4704.1		
T	46.587100000	-114.583230000	4706.2		
T	46.587200000	-114.583180000	4707.2		
T	46.587360000	-114.583210000	4712.3		
T	46.587560000	-114.583300000	4715.6		
T	46.587700000	-114.583410000	4718.3		
T	46.587700000	-114.583420000	4719.0		
T	46.587800000	-114.583500000	4719.4		
T	46.587910000	-114.583530000	4718.3		
T	46.587970000	-114.583490000	4720.5		
T	46.588000000	-114.583370000	4723.6		
T	46.587990000	-114.583030000	4726.5		
T	46.588020000	-114.582870000	4732.2		
T	46.588040000	-114.582820000	4731.5		
T	46.588170000	-114.582780000	4731.3		
T	46.588170000	-114.582770000	4730.7		
T	46.588340000	-114.582760000	4732.5		
T	46.588440000	-114.582710000	4733.8		
T	46.588500000	-114.582620000	4735.9		
T	46.588530000	-114.582480000	4736.0		
T	46.588600000	-114.582340000	4740.0		
T	46.588720000	-114.582220000	4739.4		
T	46.589240000	-114.581940000	4750.1		
T	46.589480000	-114.581650000	4754.8		
T	46.589610000	-114.581270000	4763.5		
T	46.589670000	-114.581170000	4765.3		
T	46.589740000	-114.581100000	4766.1		
T	46.589940000	-114.581050000	4768.2		
T	46.590040000	-114.581000000	4772.1		
T	46.590570000	-114.580460000	4782.1		
T	46.590700000	-114.580360000	4787.6		
T	46.590810000	-114.580300000	4787.9		
T	46.591230000	-114.580320000	4793.8		
T	46.591340000	-114.580270000	4793.3		
T	46.591460000	-114.580190000	4796.0		
T	46.591570000	-114.580160000	4800.0		
T	46.591640000	-114.580170000	4800.7		
T	46.591750000	-114.580210000	4800.1		
T	46.591930000	-114.580330000	4803.5		
T	46.592030000	-114.580360000	4803.3		
T	46.592130000	-114.580340000	4805.5		
T	46.592210000	-114.580270000	4807.9		
T	46.592300000	-114.580240000	4809.5		
T	46.592320000	-114.580240000	4809.5		
T	46.592400000	-114.580270000	4809.9		
T	46.592500000	-114.580330000	4810.5		
T	46.592620000	-114.580470000	4813.4		
T	46.592950000	-114.581000000	4824.4		
T	46.593580000	-114.581830000	4840.1		
T	46.593680000	-114.581900000	4840.9		
T	46.593770000	-114.581910000	4840.7		
T	46.593870000	-114.581760000	4839.9		
T	46.593870000	-114.581590000	4843.9		
T	46.593710000	-114.581200000	4845.0		
T	46.593600000	-114.580700000	4848.2		
T	46.593590000	-114.580430000	4851.8		
T	46.593630000	-114.580250000	4846.7		
T	46.593630000	-114.580090000	4850.9		
T	46.593550000	-114.579950000	4851.3		
T	46.593450000	-114.579860000	4850.3		
T	46.593370000	-114.579670000	4850.5		
T	46.593300000	-114.579290000	4857.2		
T	46.593170000	-114.579010000	4858.1		
T	46.593170000	-114.578820000	4859.3		
T	46.593190000	-114.578700000	4860.3		
T	46.593200000	-114.578700000	4861.3		
T	46.593210000	-114.578630000	4861.6		
T	46.593380000	-114.578220000	4863.7		
T	46.593520000	-114.577510000	4871.9		
T	46.593590000	-114.577310000	4873.4		
T	46.593600000	-114.577150000	4872.2		
T	46.593580000	-114.577020000	4876.1		
T	46.593470000	-114.576790000	4879.6		
T	46.593350000	-114.576600000	4881.8		
T	46.593350000	-114.576590000	4882.5		
T	46.593340000	-114.576580000	4882.5		
T	46.593240000	-114.576290000	4886.6		
T	46.593070000	-114.576050000	4886.5		
T	46.592850000	-114.575340000	4898.7		
T	46.592780000	-114.574970000	4899.9		
T	46.592810000	-114.574840000	4903.3		
T	46.592880000	-114.574720000	4908.4		
T	46.592960000	-114.574630000	4909.0		
T	46.593160000	-114.574480000	4911.8		
T	46.593320000	-114.574420000	4915.6		
T	46.593660000	-114.574390000	4916.7		
T	46.593780000	-114.574350000	4919.3		
T	46.593850000	-114.574290000	4920.0		
T	46.593850000	-114.574280000	4919.9		
T	46.593930000	-114.574090000	4922.5		
T	46.594050000	-114.573060000	4932.7		
T	46.594070000	-114.573030000	4933.1		
T	46.594070000	-114.573020000	4932.8		
T	46.594180000	-114.572840000	4936.2		
T	46.594320000	-114.572690000	4939.8		
T	46.594330000	-114.572580000	4941.9		
T	46.594310000	-114.572420000	4941.8		
T	46.594320000	-114.572040000	4946.9		
T	46.594500000	-114.571500000	4950.9		
T	46.594490000	-114.571090000	4951.5		
T	46.594440000	-114.570910000	4952.4		
T	46.594250000	-114.570480000	4954.1		
T	46.594240000	-114.570470000	4954.1		
T	46.594150000	-114.570230000	4957.5		
T	46.594080000	-114.569950000	4955.3		
T	46.593990000	-114.569000000	4966.8		
T	46.593800000	-114.568630000	4969.7		
T	46.593770000	-114.568500000	4972.9		
T	46.593780000	-114.568310000	4973.5		
T	46.593950000	-114.567810000	4978.3		
T	46.594080000	-114.567580000	4980.3		
T	46.594190000	-114.567470000	4979.2		
T	46.594410000	-114.567020000	4980.7		
T	46.594590000	-114.566350000	4984.6		
T	46.594620000	-114.566300000	4985.7		
T	46.594620000	-114.566290000	4985.0		
T	46.594660000	-114.566200000	4985.3		
T	46.594990000	-114.565710000	4994.3		
T	46.595420000	-114.565270000	4995.3		
T	46.596010000	-114.564750000	5004.6		
T	46.596030000	-114.564720000	5004.1		
T	46.596040000	-114.564720000	5005.0		
T	46.596440000	-114.564210000	5011.6		
T	46.596450000	-114.564210000	5012.6		
T	46.596580000	-114.564040000	5013.6		
T	46.596850000	-114.563780000	5018.0		
T	46.596960000	-114.563720000	5019.0		
T	46.597060000	-114.563740000	5019.5		
T	46.597330000	-114.563890000	5023.0		
T	46.597460000	-114.563890000	5025.0		
T	46.597550000	-114.563870000	5027.6		
T	46.597640000	-114.563940000	5025.9		
T	46.597770000	-114.564170000	5029.3		
T	46.597870000	-114.564250000	5029.8		
T	46.597950000	-114.564250000	5029.2		
T	46.597970000	-114.564230000	5029.5		
T	46.598010000	-114.564160000	5030.8		
T	46.598050000	-114.563250000	5039.6		
T	46.598230000	-114.562670000	5045.4		
T	46.598560000	-114.561840000	5050.2		
T	46.598610000	-114.561810000	5051.8		
T	46.598620000	-114.561810000	5052.0		
T	46.598690000	-114.561770000	5052.4		
T	46.598800000	-114.561770000	5053.5		
T	46.599130000	-114.561900000	5055.1		
T	46.599140000	-114.561910000	5056.1		
T	46.599370000	-114.561980000	5057.3		
T	46.599570000	-114.561960000	5060.4		
T	46.599700000	-114.561880000	5064.1		
T	46.599890000	-114.561710000	5066.1		
T	46.600100000	-114.561580000	5069.2		
T	46.600130000	-114.561570000	5070.2		
T	46.600260000	-114.561560000	5070.7		
T	46.600500000	-114.561590000	5064.1		
T	46.600660000	-114.561570000	5061.1		
T	46.600780000	-114.561580000	5057.7		
T	46.600910000	-114.561660000	5056.8		
T	46.601010000	-114.561760000	5054.1		
T	46.601010000	-114.561770000	5054.8		
T	46.601200000	-114.561900000	5051.1		
T	46.601370000	-114.561930000	5052.1		
T	46.601590000	-114.562000000	5051.5		
T	46.601660000	-114.562050000	5052.0		
T	46.601830000	-114.562240000	5055.2		
T	46.602120000	-114.562500000	5052.3		
T	46.602130000	-114.562520000	5052.8		
T	46.602300000	-114.562680000	5049.9		
T	46.602590000	-114.562870000	5052.7		
T	46.602600000	-114.562890000	5053.5		
T	46.602730000	-114.563030000	5054.1		
T	46.603020000	-114.563260000	5054.6		
T	46.603360000	-114.563660000	5056.1		
T	46.603590000	-114.563850000	5055.5		
T	46.604080000	-114.564160000	5059.2		
T	46.604150000	-114.564180000	5058.9		
T	46.604160000	-114.564190000	5059.1		
T	46.604440000	-114.564150000	5062.6		
T	46.604510000	-114.564160000	5062.3		
T	46.605160000	-114.564480000	5062.2		
T	46.605320000	-114.564630000	5063.5		
T	46.605470000	-114.564830000	5066.3		
T	46.605470000	-114.564840000	5067.4		
T	46.605600000	-114.565000000	5066.7		
T	46.606080000	-114.565750000	5069.9		
T	46.606160000	-114.565770000	5070.6		
T	46.606460000	-114.565750000	5071.6		
T	46.606620000	-114.565760000	5073.4		
T	46.606760000	-114.565710000	5076.7		
T	46.607010000	-114.565580000	5078.3		
T	46.607140000	-114.565480000	5079.3		
T	46.607140000	-114.565470000	5078.5		
T	46.607810000	-114.564950000	5086.6		
T	46.608440000	-114.564550000	5092.8		
T	46.608650000	-114.564470000	5093.9		
T	46.608750000	-114.564410000	5095.0		
T	46.608970000	-114.564130000	5099.1		
T	46.609050000	-114.564080000	5100.5		
T	46.609140000	-114.564070000	5101.5		
T	46.609220000	-114.564090000	5101.2		
T	46.609230000	-114.564100000	5101.4		
T	46.609260000	-114.564110000	5101.2		
T	46.609380000	-114.564230000	5103.2		
T	46.609380000	-114.564240000	5103.4		
T	46.609410000	-114.564290000	5101.5		
T	46.609450000	-114.564420000	5102.1		
T	46.609470000	-114.564740000	5103.1		
T	46.609530000	-114.564970000	5103.2		
T	46.610000000	-114.565910000	5104.4		
T	46.610140000	-114.566520000	5107.3		
T	46.610240000	-114.566780000	5110.2		
T	46.610290000	-114.566840000	5112.5		
T	46.610640000	-114.567100000	5117.5		
T	46.610930000	-114.567270000	5123.4		
T	46.611180000	-114.567450000	5126.5		
T	46.611300000	-114.567460000	5127.2		
T	46.611700000	-114.567390000	5129.4		
T	46.611860000	-114.567420000	5128.6		
T	46.611980000	-114.567480000	5130.9		
T	46.612090000	-114.567610000	5128.6		
T	46.612140000	-114.567850000	5130.6		
T	46.612140000	-114.568690000	5141.8		
T	46.612560000	-114.570380000	5143.4		
T	46.612510000	-114.571000000	5145.3		
T	46.612480000	-114.571090000	5143.6		
T	46.612470000	-114.571100000	5145.0		
T	46.612380000	-114.571350000	5143.1		
T	46.612310000	-114.571630000	5145.1		
T	46.612280000	-114.571880000	5145.8		
T	46.612260000	-114.572910000	5150.0		
T	46.612290000	-114.573030000	5149.2		
T	46.612440000	-114.573410000	5151.5		
T	46.612490000	-114.573730000	5147.2		
T	46.612490000	-114.573940000	5150.3		
T	46.612520000	-114.574140000	5150.6		
T	46.612560000	-114.574280000	5149.5		
T	46.612640000	-114.574440000	5149.9		
T	46.612740000	-114.574560000	5147.6		
T	46.612980000	-114.574770000	5145.7		
T	46.613230000	-114.574930000	5146.4		
T	46.613700000	-114.575120000	5147.3		
T	46.613790000	-114.575130000	5146.1		
T	46.613860000	-114.575110000	5146.1		
T	46.614030000	-114.574940000	5145.2		
T	46.614240000	-114.574520000	5145.7		
T	46.614350000	-114.574400000	5145.7		
T	46.614550000	-114.574270000	5144.3		
T	46.614650000	-114.574230000	5143.9		
T	46.614730000	-114.574160000	5141.4		
T	46.614830000	-114.574120000	5140.6		
T	46.615260000	-114.573780000	5144.1		
T	46.615480000	-114.573570000	5145.4		
T	46.615970000	-114.573260000	5152.9		
T	46.616220000	-114.573150000	5160.7		
T	46.616560000	-114.573110000	5165.4		
T	46.616920000	-114.573150000	5173.0		
T	46.617160000	-114.573220000	5177.4		
T	46.617500000	-114.573390000	5182.5		
T	46.617650000	-114.573520000	5184.3		
T	46.618040000	-114.574060000	5192.3		
T	46.618230000	-114.574260000	5195.9		
T	46.618410000	-114.574400000	5197.8		
T	46.619220000	-114.574820000	5212.9		
T	46.619460000	-114.574840000	5214.1		
T	46.620620000	-114.575040000	5225.5		
T	46.620710000	-114.575090000	5228.2		
T	46.620830000	-114.575190000	5228.0		
T	46.621270000	-114.575760000	5229.0		
T	46.621410000	-114.576010000	5230.7		
T	46.621550000	-114.576330000	5230.2		
T	46.621580000	-114.576370000	5231.0		
T	46.621590000	-114.576410000	5231.7		
T	46.621710000	-114.576580000	5231.0		
T	46.621840000	-114.576720000	5231.2		
T	46.622060000	-114.576870000	5234.6		
T	46.622420000	-114.576970000	5238.4		
T	46.623010000	-114.577240000	5245.7		
T	46.623020000	-114.577240000	5245.4		
T	46.623380000	-114.577430000	5247.9		
T	46.624010000	-114.578010000	5257.2		
T	46.624100000	-114.578070000	5256.7		
T	46.624130000	-114.578080000	5256.4		
T	46.624420000	-114.578090000	5251.6		
T	46.625010000	-114.577950000	5252.4		
T	46.625480000	-114.577890000	5254.6		
T	46.625680000	-114.577820000	5253.3		
T	46.625950000	-114.577650000	5253.9		
T	46.627140000	-114.576450000	5244.0		
T	46.627510000	-114.576130000	5241.6		
T	46.627660000	-114.575970000	5240.6		
T	46.627990000	-114.575730000	5239.8		
T	46.628330000	-114.575590000	5239.5		
T	46.629500000	-114.574920000	5236.2		
T	46.629530000	-114.574890000	5236.6		
T	46.629690000	-114.574800000	5235.2		
T	46.629910000	-114.574710000	5233.2		
T	46.629920000	-114.574700000	5232.7		
T	46.630740000	-114.574470000	5229.8		
T	46.630970000	-114.574440000	5233.0		
T	46.631840000	-114.574420000	5232.3		
T	46.633210000	-114.574490000	5232.3		
T	46.633420000	-114.574580000	5233.9		
T	46.633630000	-114.574710000	5236.1		
T	46.633780000	-114.574830000	5237.8		
T	46.633820000	-114.575010000	5236.8		
T	46.634090000	-114.575780000	5236.5		
T	46.634280000	-114.576450000	5239.8		
T	46.634400000	-114.576610000	5244.3		
T	46.634640000	-114.576750000	5248.4		
T	46.634970000	-114.576840000	5251.3		
T	46.635060000	-114.576880000	5251.8		
T	46.635210000	-114.577000000	5249.8		
T	46.635340000	-114.577170000	5248.8		
T	46.635430000	-114.577460000	5246.4		
T	46.635360000	-114.580170000	5235.5		
T	46.635460000	-114.580250000	5234.9		
T	46.635660000	-114.580480000	5232.6		
T	46.636130000	-114.581180000	5220.4		
T	46.636400000	-114.581460000	5212.8		
T	46.636540000	-114.581570000	5209.6		
T	46.636820000	-114.581710000	5203.4		
T	46.636860000	-114.581740000	5202.7		
T	46.636870000	-114.581760000	5202.9		
T	46.636910000	-114.581800000	5202.9		
T	46.637050000	-114.581840000	5200.5		
T	46.637360000	-114.581860000	5194.9		
T	46.637660000	-114.581790000	5189.2		
T	46.637840000	-114.581710000	5185.7		
T	46.638070000	-114.581550000	5180.8		
T	46.638420000	-114.581210000	5172.8		
T	46.638440000	-114.581200000	5172.4		
T	46.638860000	-114.580780000	5163.0		
T	46.639180000	-114.580520000	5156.6		
T	46.641210000	-114.579430000	5114.9		
T	46.642000000	-114.579140000	5100.3		
T	46.642680000	-114.578990000	5087.5		
T	46.643000000	-114.578950000	5081.8		
T	46.643500000	-114.578940000	5072.9		
T	46.643780000	-114.578960000	5067.4		
T	46.644620000	-114.579150000	5050.9		
T	46.645810000	-114.579670000	5027.5		
T	46.646230000	-114.579820000	5020.2		
T	46.646320000	-114.579830000	5018.3		
T	46.648110000	-114.579760000	4986.2		
T	46.648290000	-114.579770000	4983.2		
T	46.648740000	-114.579870000	4975.2		
T	46.649020000	-114.579970000	4969.9		
T	46.650070000	-114.580530000	4946.5		
T	46.650450000	-114.580660000	4939.9		
T	46.650480000	-114.580660000	4939.3		
T	46.650550000	-114.580680000	4939.2		
T	46.650670000	-114.580690000	4937.6		
T	46.650940000	-114.580660000	4932.6		
T	46.651250000	-114.580550000	4926.9		
T	46.652340000	-114.579920000	4905.0		
T	46.652710000	-114.579810000	4898.6		
T	46.652820000	-114.579810000	4896.9		
T	46.653010000	-114.579840000	4893.6		
T	46.653200000	-114.579900000	4890.4		
T	46.653410000	-114.580020000	4885.4		
T	46.655020000	-114.581380000	4851.0		
T	46.655030000	-114.581400000	4851.2		
T	46.656850000	-114.582600000	4814.3		
T	46.657410000	-114.582880000	4803.9		
T	46.657750000	-114.582980000	4797.1		
T	46.658210000	-114.583070000	4788.1		
T	46.658680000	-114.583080000	4778.5		
T	46.659080000	-114.583050000	4772.0		
T	46.659540000	-114.582940000	4763.6		
T	46.659880000	-114.582810000	4757.4		
T	46.660410000	-114.582510000	4746.6		
T	46.660750000	-114.582260000	4739.2		
T	46.663320000	-114.579800000	4681.4		
T	46.663790000	-114.579410000	4671.3		
T	46.664300000	-114.579060000	4661.2		
T	46.664980000	-114.578660000	4647.5		
T	46.667120000	-114.577690000	4617.4		
T	46.667860000	-114.577240000	4610.6		
T	46.668370000	-114.576850000	4605.5		
T	46.670300000	-114.575120000	4587.0		
T	46.670700000	-114.574880000	4583.3		
T	46.670810000	-114.574840000	4581.9		
T	46.670860000	-114.574810000	4581.4		
T	46.671280000	-114.574710000	4576.3		
T	46.671680000	-114.574740000	4570.8		
T	46.672280000	-114.574920000	4561.7		
T	46.674250000	-114.575700000	4536.9		
T	46.674430000	-114.575740000	4534.6		
T	46.674680000	-114.575740000	4531.8		
T	46.674920000	-114.575660000	4529.0		
T	46.675090000	-114.575550000	4527.0		
T	46.675190000	-114.575460000	4525.5		
T	46.675240000	-114.575390000	4524.2		
T	46.675280000	-114.575360000	4523.4		
T	46.675390000	-114.575210000	4520.6		
T	46.675550000	-114.574860000	4514.1		
T	46.675630000	-114.574590000	4510.0		
T	46.675670000	-114.574300000	4506.0		
T	46.675610000	-114.570910000	4464.4		
T	46.675650000	-114.570620000	4460.8		
T	46.675730000	-114.570330000	4456.1		
T	46.675850000	-114.570060000	4451.2		
T	46.676130000	-114.569660000	4442.2		
T	46.680700000	-114.565160000	4353.6		
T	46.681230000	-114.564690000	4350.1		
T	46.682220000	-114.563940000	4344.6		
T	46.683770000	-114.562970000	4335.0		
T	46.684610000	-114.562310000	4329.8		
T	46.685300000	-114.561600000	4324.6		
T	46.685650000	-114.561150000	4321.6		
T	46.685970000	-114.560650000	4318.9		
T	46.686630000	-114.559460000	4312.1		
T	46.687530000	-114.558050000	4305.4		
T	46.688640000	-114.556050000	4296.8		
T	46.689900000	-114.553340000	4286.5		
T	46.690670000	-114.552040000	4281.4		
T	46.691360000	-114.551130000	4277.3		
T	46.691930000	-114.550490000	4274.2		
T	46.692860000	-114.549600000	4269.0		
T	46.692880000	-114.549570000	4268.9		
T	46.693350000	-114.549160000	4266.9		
T	46.694080000	-114.548380000	4263.8		
T	46.694350000	-114.547990000	4261.7		
T	46.694770000	-114.547220000	4258.0		
T	46.695760000	-114.545110000	4250.8		
T	46.696370000	-114.544130000	4247.2		
T	46.696410000	-114.544090000	4246.8		
T	46.696480000	-114.543980000	4246.1		
T	46.697520000	-114.542910000	4240.7		
T	46.700220000	-114.540400000	4232.3		
T	46.700570000	-114.540130000	4232.0		
T	46.700740000	-114.540030000	4231.5		
T	46.700760000	-114.540010000	4231.4		
T	46.701280000	-114.539770000	4230.2		
T	46.701610000	-114.539680000	4229.3		
T	46.701940000	-114.539630000	4227.8		
T	46.703430000	-114.539620000	4223.7		
T	46.703580000	-114.539590000	4224.0		
T	46.703890000	-114.539480000	4223.0		
T	46.704030000	-114.539410000	4222.8		
T	46.704080000	-114.539370000	4222.2		
T	46.704090000	-114.539370000	4222.2		
T	46.704170000	-114.539330000	4221.9		
T	46.704590000	-114.539030000	4220.4		
T	46.709460000	-114.534510000	4197.5		
T	46.710100000	-114.534080000	4194.3		
T	46.710540000	-114.533850000	4192.6		
T	46.711480000	-114.533490000	4188.6		
T	46.712200000	-114.533320000	4187.8		
T	46.712600000	-114.533280000	4184.3		
T	46.713110000	-114.533270000	4181.8		
T	46.714110000	-114.533380000	4178.5		
T	46.714430000	-114.533470000	4177.4		
T	46.714870000	-114.533670000	4175.3		
T	46.715360000	-114.533980000	4173.4		
T	46.715360000	-114.533990000	4173.5		
T	46.716700000	-114.534910000	4174.7		
T	46.717250000	-114.535200000	4177.6		
T	46.717760000	-114.535370000	4179.8		
T	46.718120000	-114.535450000	4181.8		
T	46.718440000	-114.535480000	4183.0		
T	46.718850000	-114.535480000	4184.2		
T	46.719180000	-114.535450000	4184.8		
T	46.719890000	-114.535290000	4183.5		
T	46.720800000	-114.534950000	4179.3		
T	46.722140000	-114.534370000	4165.1		
T	46.722860000	-114.533990000	4155.8		
T	46.723980000	-114.533300000	4146.7		
T	46.723980000	-114.533290000	4146.8		
T	46.724640000	-114.532850000	4143.5		
T	46.726690000	-114.531230000	4136.7		
T	46.726690000	-114.531220000	4136.7		
T	46.726840000	-114.531130000	4136.8		
T	46.727180000	-114.530990000	4136.2		
T	46.727200000	-114.530990000	4136.1		
T	46.727280000	-114.530960000	4136.0		
T	46.727410000	-114.530940000	4134.2		
T	46.727610000	-114.530940000	4128.9		
T	46.728250000	-114.531120000	4132.5		
T	46.728250000	-114.531130000	4132.5		
T	46.728860000	-114.531350000	4131.5		
T	46.728960000	-114.531370000	4131.4		
T	46.729120000	-114.531370000	4131.0		
T	46.729310000	-114.531330000	4131.0		
T	46.729320000	-114.531320000	4131.0		
T	46.729460000	-114.531270000	4130.2		
T	46.729640000	-114.531170000	4130.0		
T	46.729790000	-114.531040000	4129.7		
T	46.729970000	-114.530800000	4129.0		
T	46.730150000	-114.530440000	4128.0		
T	46.730150000	-114.530410000	4128.1		
T	46.730200000	-114.530220000	4127.9		
T	46.730260000	-114.529340000	4125.8		
T	46.730320000	-114.528930000	4125.8		
T	46.730400000	-114.528650000	4121.4		
T	46.730520000	-114.528360000	4116.8		
T	46.730730000	-114.527990000	4123.7		
T	46.730890000	-114.527810000	4123.4		
T	46.731060000	-114.527680000	4122.7		
T	46.731280000	-114.527570000	4122.0		
T	46.731390000	-114.527540000	4121.8		
T	46.731650000	-114.527520000	4120.4		
T	46.731960000	-114.527600000	4118.8		
T	46.732220000	-114.527750000	4117.5		
T	46.732330000	-114.527850000	4116.6		
T	46.732380000	-114.527880000	4116.1		
T	46.734680000	-114.530260000	4106.8		
T	46.735070000	-114.530520000	4106.3		
T	46.735080000	-114.530520000	4106.1		
T	46.735370000	-114.530660000	4106.3		
T	46.735560000	-114.530690000	4106.0		
T	46.735800000	-114.530690000	4105.5		
T	46.736130000	-114.530620000	4104.6		
T	46.736430000	-114.530490000	4104.2		
T	46.736780000	-114.530200000	4103.3		
T	46.737790000	-114.528970000	4099.6		
T	46.745450000	-114.518880000	4076.9		
T	46.746130000	-114.518090000	4075.2		
T	46.746140000	-114.518090000	4075.2		
T	46.746570000	-114.517620000	4074.5		
T	46.746580000	-114.517600000	4074.4		
T	46.747010000	-114.517160000	4072.5		
T	46.751200000	-114.513470000	4057.7		
T	46.751630000	-114.513010000	4056.2		
T	46.751660000	-114.512960000	4055.5		
T	46.751690000	-114.512930000	4055.5		
T	46.751720000	-114.512870000	4055.4		
T	46.751760000	-114.512820000	4054.9		
T	46.752020000	-114.512330000	4053.4		
T	46.752210000	-114.511840000	4052.2		
T	46.752430000	-114.510770000	4051.6		
T	46.752510000	-114.509820000	4048.5		
T	46.752380000	-114.501480000	4032.7		
T	46.752400000	-114.501030000	4032.2		
T	46.752480000	-114.500540000	4032.5		
T	46.752630000	-114.500110000	4032.2		
T	46.752860000	-114.499720000	4031.6		
T	46.753010000	-114.499570000	4031.6		
T	46.753310000	-114.499350000	4030.6		
T	46.753530000	-114.499270000	4029.9		
T	46.753920000	-114.499180000	4028.9		
T	46.754980000	-114.499030000	4027.4		
T	46.755230000	-114.498950000	4026.4		
T	46.755580000	-114.498710000	4025.1		
T	46.755890000	-114.498370000	4024.2		
T	46.756110000	-114.497990000	4022.2		
T	46.756840000	-114.495770000	4020.7		
T	46.756990000	-114.495460000	4018.8		
T	46.757320000	-114.494960000	4017.5		
T	46.757500000	-114.494740000	4016.5		
T	46.758690000	-114.493640000	4012.2		
T	46.759080000	-114.493060000	4011.1		
T	46.759210000	-114.492810000	4011.4		
T	46.759400000	-114.492270000	4012.4		
T	46.759420000	-114.492160000	4012.0		
T	46.759450000	-114.492080000	4011.7		
T	46.759590000	-114.491450000	4011.5		
T	46.759630000	-114.491040000	4011.2		
T	46.759630000	-114.490360000	4008.8		
T	46.759210000	-114.487640000	4001.5		
T	46.759230000	-114.487040000	4002.2		
T	46.759280000	-114.486710000	4000.6		
T	46.759420000	-114.486280000	3999.7		
T	46.759520000	-114.486060000	3998.6		
T	46.759700000	-114.485770000	3997.4		
T	46.759900000	-114.485530000	3996.5		
T	46.760180000	-114.485300000	3995.3		
T	46.760480000	-114.485150000	3994.4		
T	46.760650000	-114.485110000	3993.1		
T	46.761040000	-114.485080000	3991.6		
T	46.763450000	-114.485100000	3984.3		
T	46.763790000	-114.485040000	3983.9		
T	46.764130000	-114.484920000	3983.5		
T	46.764290000	-114.484820000	3982.9		
T	46.764300000	-114.484820000	3983.0		
T	46.764550000	-114.484650000	3982.7		
T	46.764580000	-114.484610000	3982.2		
T	46.764930000	-114.484290000	3981.4		
T	46.765120000	-114.484040000	3980.7		
T	46.765180000	-114.483930000	3980.1		
T	46.765200000	-114.483910000	3980.3		
T	46.765500000	-114.483340000	3978.2		
T	46.765720000	-114.482720000	3975.8		
T	46.765810000	-114.482360000	3974.7		
T	46.765900000	-114.481620000	3972.6		
T	46.765890000	-114.480740000	3971.4		
T	46.765810000	-114.480170000	3969.2		
T	46.765330000	-114.478140000	3966.0		
T	46.765250000	-114.477360000	3964.1		
T	46.765280000	-114.476640000	3961.9		
T	46.765480000	-114.475590000	3959.3		
T	46.766580000	-114.471860000	3952.6		
T	46.766830000	-114.470540000	3950.0		
T	46.767130000	-114.467790000	3944.3		
T	46.767230000	-114.467320000	3945.3		
T	46.767380000	-114.466880000	3944.8		
T	46.767610000	-114.466420000	3941.3		
T	46.769280000	-114.463740000	3933.4		
T	46.769380000	-114.463470000	3932.4		
T	46.769490000	-114.462970000	3931.1		
T	46.769540000	-114.462380000	3928.6		
T	46.769470000	-114.461710000	3927.3		
T	46.768950000	-114.459680000	3927.3		
T	46.768860000	-114.459030000	3924.4		
T	46.768860000	-114.457870000	3919.5		
T	46.769160000	-114.454970000	3912.1		
T	46.769780000	-114.452370000	3903.8		
T	46.769860000	-114.451780000	3902.1		
T	46.769880000	-114.451120000	3900.0		
T	46.769850000	-114.450560000	3898.6		
T	46.769540000	-114.448710000	3892.2		
T	46.769530000	-114.448690000	3892.3		
T	46.769200000	-114.446950000	3891.7		
T	46.769130000	-114.446390000	3890.8		
T	46.769150000	-114.445250000	3888.3		
T	46.769250000	-114.444650000	3884.8		
T	46.769380000	-114.444180000	3884.0		
T	46.769580000	-114.443670000	3883.0		
T	46.769700000	-114.443430000	3881.9		
T	46.770090000	-114.442790000	3878.6		
T	46.774120000	-114.436930000	3859.2		
T	46.774940000	-114.435400000	3856.8		
T	46.775420000	-114.434330000	3854.5		
T	46.776080000	-114.432520000	3853.0		
T	46.777320000	-114.427870000	3841.7		
T	46.777610000	-114.426990000	3840.7		
T	46.777860000	-114.426450000	3839.8		
T	46.778420000	-114.425640000	3837.4		
T	46.780140000	-114.423640000	3834.7		
T	46.780460000	-114.423100000	3834.1		
T	46.780590000	-114.422820000	3833.9		
T	46.780810000	-114.422180000	3832.8		
T	46.780900000	-114.421800000	3832.7		
T	46.780960000	-114.421390000	3831.7		
T	46.781000000	-114.420750000	3830.7		
T	46.780990000	-114.420220000	3830.9		
T	46.780910000	-114.419560000	3828.6		
T	46.780600000	-114.418030000	3825.7		
T	46.780510000	-114.417150000	3824.6		
T	46.780530000	-114.416510000	3824.1		
T	46.781130000	-114.410400000	3811.0		
T	46.781130000	-114.409870000	3809.8		
T	46.781050000	-114.409210000	3809.2		
T	46.780890000	-114.408600000	3808.1		
T	46.780750000	-114.408250000	3806.6		
T	46.780340000	-114.407450000	3805.8		
T	46.780110000	-114.406920000	3806.1		
T	46.779980000	-114.406520000	3806.3		
T	46.779900000	-114.406130000	3805.1		
T	46.779850000	-114.405440000	3802.8		
T	46.779880000	-114.404970000	3802.2		
T	46.780030000	-114.404250000	3800.8		
T	46.780190000	-114.403800000	3800.1		
T	46.780310000	-114.403560000	3800.1		
T	46.780500000	-114.403260000	3799.3		
T	46.780920000	-114.402780000	3796.9		
T	46.781360000	-114.402360000	3796.1		
T	46.781870000	-114.401730000	3794.7		
T	46.782210000	-114.401090000	3792.8		
T	46.782320000	-114.400800000	3792.2		
T	46.782510000	-114.400130000	3791.0		
T	46.782590000	-114.399310000	3789.7		
T	46.782580000	-114.398660000	3788.9		
T	46.782480000	-114.397990000	3788.2		
T	46.782220000	-114.397090000	3785.8		
T	46.777910000	-114.386630000	3765.3		
T	46.776040000	-114.382780000	3759.3		
T	46.775680000	-114.381830000	3757.0		
T	46.775340000	-114.380670000	3755.5		
T	46.775020000	-114.379020000	3753.6		
T	46.774900000	-114.377650000	3751.2		
T	46.774880000	-114.376620000	3749.4		
T	46.775240000	-114.365260000	3729.4		
T	46.775210000	-114.364520000	3728.3		
T	46.775090000	-114.363730000	3726.7		
T	46.774870000	-114.362840000	3726.6		
T	46.774530000	-114.361970000	3724.6		
T	46.772830000	-114.359220000	3723.4		
T	46.772460000	-114.358430000	3722.4		
T	46.772180000	-114.357610000	3721.6		
T	46.771190000	-114.353800000	3713.8		
T	46.770920000	-114.353020000	3712.5		
T	46.770780000	-114.352790000	3712.5		
T	46.770600000	-114.352560000	3712.3		
T	46.770270000	-114.352240000	3710.2		
T	46.769430000	-114.351740000	3708.3		
T	46.769260000	-114.351610000	3708.1		
T	46.769090000	-114.351430000	3707.6		
T	46.768850000	-114.351110000	3706.1		
T	46.768680000	-114.350770000	3705.1		
T	46.768580000	-114.350460000	3703.1		
T	46.768480000	-114.349880000	3699.5		
T	46.768350000	-114.348270000	3691.3		
T	46.768280000	-114.347980000	3690.4		
T	46.768150000	-114.347650000	3689.3		
T	46.768010000	-114.347380000	3689.4		
T	46.767270000	-114.346380000	3688.7		
T	46.767120000	-114.346120000	3689.6		
T	46.766970000	-114.345770000	3688.3		
T	46.766860000	-114.345400000	3688.2		
T	46.766700000	-114.344300000	3684.3		
T	46.766480000	-114.341750000	3682.4		
T	46.766480000	-114.341410000	3681.5		
T	46.766530000	-114.340910000	3680.8		
T	46.766850000	-114.339060000	3676.7		
T	46.766860000	-114.338280000	3673.5		
T	46.766790000	-114.337640000	3672.4		
T	46.766350000	-114.335860000	3667.8		
T	46.766180000	-114.334730000	3665.2		
T	46.766090000	-114.333740000	3662.0		
T	46.765930000	-114.332700000	3660.5		
T	46.765740000	-114.331930000	3657.7		
T	46.765380000	-114.330900000	3656.1		
T	46.765150000	-114.330410000	3656.0		
T	46.764800000	-114.329780000	3654.1		
T	46.762170000	-114.325610000	3644.1		
T	46.762140000	-114.325580000	3643.9		
T	46.762140000	-114.325560000	3643.6		
T	46.758940000	-114.320520000	3632.5		
T	46.758480000	-114.319660000	3631.2		
T	46.758160000	-114.318860000	3629.2		
T	46.757950000	-114.318190000	3627.3		
T	46.757760000	-114.317410000	3626.0		
T	46.757630000	-114.316620000	3624.7		
T	46.757550000	-114.314930000	3622.0		
T	46.757620000	-114.313820000	3619.8		
T	46.765190000	-114.273740000	3550.7		
T	46.765260000	-114.273180000	3550.3		
T	46.765300000	-114.271930000	3548.4		
T	46.765180000	-114.270500000	3546.4		
T	46.765010000	-114.269570000	3545.6		
T	46.764470000	-114.268020000	3541.4		
T	46.757660000	-114.251520000	3499.9		
T	46.757080000	-114.249950000	3495.7		
T	46.756710000	-114.248770000	3492.7		
T	46.756140000	-114.246500000	3487.5		
T	46.755790000	-114.244570000	3485.0		
T	46.754630000	-114.235510000	3466.9		
T	46.754460000	-114.231950000	3460.4		
T	46.754730000	-114.213380000	3426.0		
T	46.754620000	-114.211630000	3424.4		
T	46.754360000	-114.210220000	3421.7		
T	46.754310000	-114.210120000	3421.6		
T	46.753620000	-114.207670000	3418.2		
T	46.753500000	-114.207340000	3417.5		
T	46.752970000	-114.206180000	3415.5		
T	46.747200000	-114.196200000	3390.7		
T	46.747020000	-114.195950000	3390.9		
T	46.746480000	-114.195020000	3388.3		
T	46.746080000	-114.194220000	3387.2		
T	46.745780000	-114.193460000	3385.2		
T	46.745500000	-114.192450000	3383.8		
T	46.744430000	-114.184930000	3367.8		
T	46.744370000	-114.183780000	3366.6		
T	46.744470000	-114.182330000	3365.0		
T	46.744650000	-114.181340000	3362.3		
T	46.746340000	-114.175130000	3352.1		
T	46.746230000	-114.175020000	3349.8		
T	46.746170000	-114.174920000	3348.3		
T	46.746160000	-114.174820000	3347.8		
T	46.746220000	-114.174420000	3346.5		
T	46.746160000	-114.173880000	3346.1		
T	46.746290000	-114.171830000	3344.5		
T	46.746340000	-114.171630000	3343.9		
T	46.746430000	-114.171460000	3342.1		
T	46.746530000	-114.171400000	3341.6		
T	46.746640000	-114.171420000	3342.0		
T	46.746840000	-114.171680000	3345.9		
T	46.746950000	-114.171740000	3346.9		
T	46.746990000	-114.170770000	3344.7		
T	46.746960000	-114.169530000	3340.1		
T	46.746870000	-114.168540000	3337.2		
T	46.746620000	-114.167090000	3335.0		
T	46.743290000	-114.153070000	3312.6		
T	46.743200000	-114.152330000	3311.3		
T	46.743210000	-114.151190000	3309.0		
T	46.743390000	-114.150250000	3306.3		
T	46.743650000	-114.149420000	3303.6		
T	46.756370000	-114.117590000	3243.9		
T	46.756570000	-114.116710000	3243.4		
T	46.756740000	-114.115450000	3239.7		
T	46.756780000	-114.114460000	3237.9		
T	46.756820000	-114.086450000	3199.9		
T	46.757230000	-114.086410000	3202.1		
T	46.757380000	-114.086430000	3203.3		
T	46.758270000	-114.086430000	3221.2		
T	46.758300000	-114.086310000	3223.1		
T	46.758230000	-114.086120000	3220.1		
T	46.758100000	-114.085990000	3215.8		
T	46.758130000	-114.084390000	3209.7		
T	46.758210000	-114.083480000	3205.5		
T	46.758260000	-114.082090000	3198.1		
T	46.758340000	-114.081910000	3198.0		
T	46.761240000	-114.081450000	3200.5		
T	46.761330000	-114.081510000	3200.7		
T	46.761960000	-114.081380000	3199.2		
T	46.762070000	-114.081280000	3198.6		
T	46.762940000	-114.081040000	3195.1		
T	46.763050000	-114.081040000	3194.8		
T	46.763090000	-114.081060000	3194.6		
T	46.765110000	-114.080420000	3181.0		
T	46.765060000	-114.080190000	3180.7		
T	46.765430000	-114.080040000	3178.8		
T	46.765950000	-114.079920000	3176.8		
T	46.766600000	-114.079660000	3172.5		
T	46.767910000	-114.079260000	3158.2		
T	46.768610000	-114.079110000	3153.2		
T	46.769230000	-114.079080000	3152.7		
T	46.769590000	-114.079140000	3152.9		
T	46.770050000	-114.079280000	3153.1		
T	46.770790000	-114.079740000	3161.2		
T	46.771280000	-114.080210000	3157.9		
T	46.771760000	-114.080900000	3154.5		
T	46.772880000	-114.083060000	3152.3		
T	46.773490000	-114.084010000	3151.4		
T	46.776320000	-114.087260000	3149.7		
T	46.776520000	-114.087530000	3149.9		
T	46.782870000	-114.094740000	3144.6		
T	46.783060000	-114.095010000	3144.3		
T	46.788640000	-114.101420000	3148.0		
T	46.789050000	-114.101810000	3148.8		
T	46.789620000	-114.102190000	3153.6		
T	46.789760000	-114.102260000	3155.2		
T	46.790190000	-114.102350000	3165.6		
T	46.790560000	-114.102360000	3182.7		
T	46.790910000	-114.102300000	3189.6		
T	46.791120000	-114.102290000	3199.3		
T	46.791260000	-114.102230000	3194.2		
T	46.791360000	-114.102210000	3194.4		
T	46.792530000	-114.101750000	3185.0		
T	46.800190000	-114.097480000	3185.4		
T	46.800290000	-114.097390000	3183.4		
T	46.800670000	-114.097190000	3184.7		
T	46.800720000	-114.097180000	3185.3		
T	46.801010000	-114.097060000	3185.0		
T	46.801130000	-114.097070000	3188.6		
T	46.801200000	-114.097050000	3186.8		
T	46.801320000	-114.097040000	3186.9		
T	46.801420000	-114.096990000	3181.8		
T	46.801930000	-114.096950000	3168.2		
T	46.802590000	-114.096990000	3159.4		
T	46.802670000	-114.097010000	3159.9		
T	46.802710000	-114.097030000	3160.8		
T	46.803030000	-114.097120000	3163.0		
T	46.803390000	-114.097260000	3160.6		
T	46.804060000	-114.097580000	3168.2		
T	46.804060000	-114.097590000	3168.4		
T	46.804110000	-114.097610000	3168.6		
T	46.804210000	-114.097590000	3167.4		
T	46.804230000	-114.097570000	3166.8		
T	46.804360000	-114.097520000	3164.1		
T	46.804400000	-114.097520000	3163.6		
T	46.804480000	-114.097540000	3163.0		
T	46.804500000	-114.097560000	3163.4		
T	46.804690000	-114.097660000	3163.5		
T	46.805100000	-114.097820000	3160.3		
T	46.805400000	-114.097970000	3157.6		
T	46.805600000	-114.098110000	3157.1		
T	46.805750000	-114.098250000	3154.6		
T	46.805830000	-114.098360000	3152.2		
T	46.805990000	-114.098520000	3150.0		
T	46.806120000	-114.098580000	3146.0		
T	46.806750000	-114.098670000	3143.7		
T	46.807650000	-114.098620000	3143.7		
T	46.807830000	-114.098560000	3143.7		
T	46.809180000	-114.097940000	3170.9		
T	46.809550000	-114.097700000	3183.6		
T	46.809680000	-114.097580000	3184.2		
T	46.809690000	-114.097580000	3184.7		
T	46.809930000	-114.097310000	3178.2		
T	46.810090000	-114.097170000	3176.0		
T	46.810510000	-114.096950000	3182.4		
T	46.811190000	-114.096470000	3188.0		
T	46.811710000	-114.095920000	3182.5		
T	46.812320000	-114.095180000	3205.6		
T	46.813090000	-114.094110000	3203.5		
T	46.813600000	-114.093500000	3204.9		
T	46.813850000	-114.093020000	3204.2		
T	46.814340000	-114.092270000	3191.6		
T	46.814340000	-114.092260000	3191.5		
T	46.815480000	-114.090340000	3167.7		
T	46.815550000	-114.090280000	3167.6		
T	46.816010000	-114.089540000	3164.4		
T	46.816150000	-114.089200000	3159.3		
T	46.816240000	-114.089100000	3157.6		
T	46.816240000	-114.089090000	3157.4		
T	46.816250000	-114.089090000	3157.4		
T	46.816830000	-114.088100000	3145.7		
T	46.816830000	-114.088090000	3145.6		
T	46.817250000	-114.087340000	3143.7		
T	46.817470000	-114.087040000	3143.7		
T	46.817850000	-114.086230000	3152.4		
T	46.818640000	-114.083720000	3152.4		
T	46.818970000	-114.082980000	3152.9		
T	46.818970000	-114.082970000	3152.7		
T	46.819260000	-114.082490000	3151.4		
T	46.820000000	-114.081520000	3141.3		
T	46.820000000	-114.081510000	3141.2		
T	46.820510000	-114.080890000	3137.5		
T	46.820530000	-114.080880000	3137.5		
T	46.820560000	-114.080850000	3137.5		
T	46.820560000	-114.080840000	3137.5		
T	46.820640000	-114.080780000	3137.6		
T	46.820690000	-114.080690000	3137.1		
T	46.820690000	-114.080680000	3137.1		
T	46.820770000	-114.080540000	3136.8		
T	46.821450000	-114.079720000	3138.4		
T	46.821480000	-114.079700000	3138.5		
T	46.822030000	-114.078930000	3138.8		
T	46.822060000	-114.078860000	3138.7		
T	46.822160000	-114.078720000	3138.9		
T	46.822230000	-114.078670000	3139.2		
T	46.822930000	-114.077750000	3139.5		
T	46.823140000	-114.077560000	3139.8		
T	46.823150000	-114.077560000	3139.8		
T	46.823170000	-114.077570000	3140.0		
T	46.823180000	-114.077570000	3140.1		
T	46.823340000	-114.077860000	3142.1		
T	46.823380000	-114.077890000	3142.5		
T	46.823590000	-114.077680000	3142.8		
T	46.824340000	-114.076710000	3142.7		
T	46.824900000	-114.075620000	3136.3		
T	46.826240000	-114.071880000	3133.2		
T	46.827270000	-114.068630000	3133.2		
T	46.827270000	-114.068600000	3133.2		
T	46.828090000	-114.065980000	3133.2		
T	46.828180000	-114.065570000	3133.2		
T	46.831220000	-114.055920000	3129.1		
T	46.831320000	-114.055430000	3123.5		
T	46.832370000	-114.052210000	3142.9		
T	46.832420000	-114.052170000	3143.7		
T	46.832500000	-114.052050000	3145.2		
T	46.832850000	-114.051000000	3152.6		
T	46.833050000	-114.050770000	3153.7		
T	46.833050000	-114.050760000	3153.7		
T	46.833200000	-114.050610000	3154.2		
T	46.833430000	-114.050470000	3154.4		
T	46.833720000	-114.050240000	3154.9		
T	46.834000000	-114.049920000	3155.2		
T	46.834340000	-114.049410000	3155.8		
T	46.834370000	-114.049340000	3155.8		
T	46.834380000	-114.049330000	3155.8		
T	46.834720000	-114.048650000	3156.3		
T	46.835870000	-114.045750000	3159.1		
T	46.835870000	-114.045740000	3159.1		
T	46.836680000	-114.043710000	3160.6		
T	46.836690000	-114.043700000	3160.6		
T	46.836770000	-114.043480000	3161.1		
T	46.836780000	-114.043470000	3161.1		
T	46.837240000	-114.042340000	3162.1		
T	46.837270000	-114.042160000	3162.4		
T	46.837560000	-114.041420000	3163.1		
T	46.837570000	-114.041410000	3163.1		
T	46.837740000	-114.040970000	3163.7		
T	46.837750000	-114.040960000	3163.7		
T	46.837830000	-114.040740000	3163.7		
T	46.837840000	-114.040730000	3163.8		
T	46.837920000	-114.040510000	3164.0		
T	46.837930000	-114.040500000	3164.0		
T	46.838830000	-114.038300000	3166.0		
T	46.838840000	-114.038290000	3166.0		
T	46.838980000	-114.037870000	3166.3		
T	46.839170000	-114.037430000	3166.7		
T	46.839240000	-114.037330000	3166.8		
T	46.839260000	-114.037190000	3167.0		
T	46.839420000	-114.037030000	3167.0		
T	46.839680000	-114.036890000	3167.3		
T	46.839700000	-114.036800000	3167.3		
T	46.839790000	-114.036780000	3167.3		
T	46.843990000	-114.032770000	3174.2		
T	46.844180000	-114.032470000	3174.5		
T	46.844250000	-114.032430000	3174.5		
T	46.844450000	-114.032360000	3174.7		
T	46.845330000	-114.031470000	3175.2		
T	46.847380000	-114.029590000	3175.5		
T	46.847390000	-114.029590000	3175.5		
T	46.847820000	-114.029160000	3176.0		
T	46.847960000	-114.028940000	3176.2		
T	46.848210000	-114.028720000	3176.5		
T	46.848450000	-114.028440000	3176.8		
T	46.848610000	-114.028320000	3177.0		
T	46.848710000	-114.028220000	3177.2		
T	46.848760000	-114.028140000	3177.2		
T	46.848900000	-114.028000000	3177.4		
T	46.849030000	-114.027800000	3177.5		
T	46.852450000	-114.024580000	3181.8		
T	46.852530000	-114.024590000	3181.8		
T	46.852550000	-114.024580000	3181.8		
T	46.852740000	-114.024370000	3182.1		
T	46.852970000	-114.024190000	3182.4		
T	46.854550000	-114.022680000	3184.7		
T	46.854690000	-114.022520000	3184.8		
T	46.854900000	-114.022400000	3185.0		
T	46.855100000	-114.022160000	3185.4		
T	46.856390000	-114.020910000	3186.7		
T	46.856460000	-114.020880000	3186.7		
T	46.856530000	-114.020770000	3186.7		
T	46.856540000	-114.019830000	3187.3		
T	46.856460000	-114.019250000	3187.5		
T	46.856380000	-114.018930000	3187.8		
T	46.856150000	-114.018390000	3188.0		
T	46.856070000	-114.018100000	3188.3		
T	46.856050000	-114.017860000	3188.8		
T	46.856010000	-113.998770000	3204.1		
T	46.856750000	-113.997840000	3203.9		
T	46.856870000	-113.997740000	3203.8		
T	46.856960000	-113.997570000	3203.8		
T	46.856950000	-113.997560000	3203.9		
T	46.856940000	-113.997560000	3203.9		
T	46.856940000	-113.997550000	3203.9		
T	46.856930000	-113.997550000	3204.0		
T	46.856930000	-113.997540000	3204.0		
T	46.856920000	-113.997530000	3204.0		
T	46.856920000	-113.997520000	3204.0		
T	46.856910000	-113.997520000	3204.0		
T	46.856910000	-113.997490000	3204.1		
T	46.856900000	-113.997480000	3204.1		
T	46.856900000	-113.997360000	3204.1		
T	46.856910000	-113.997350000	3204.1		
T	46.856910000	-113.997330000	3204.1		
T	46.856920000	-113.997320000	3204.1		
T	46.856920000	-113.997310000	3204.1		
T	46.856940000	-113.997290000	3204.1		
T	46.856940000	-113.997280000	3204.1		
T	46.856950000	-113.997280000	3204.1		
T	46.856950000	-113.997270000	3204.1		
T	46.856960000	-113.997270000	3204.1		
T	46.856960000	-113.997260000	3204.1		
T	46.856980000	-113.997260000	3204.1		
T	46.856980000	-113.997250000	3204.1		
T	46.857040000	-113.997250000	3204.1		
T	46.857050000	-113.997260000	3204.1		
T	46.857070000	-113.997220000	3204.1		
T	46.857110000	-113.989220000	3216.2		
T	46.859540000	-113.989220000	3211.8		
T	46.859580000	-113.989230000	3211.6		
T	46.861050000	-113.989230000	3211.5		
T	46.861050000	-113.988250000	3213.6		
